s3_image_path,annotation_path,annotation_format,s3_src_path
s3://datagen-dev/f5ddba02-4295-48d9-8ad5-ba8583871323/bc6ba36c-aa02-4630-a0ea-4150b9b69e36/Synthetic/3fa73564-7af2-424c-8355-04937d83a322_flux_1789424310.png,s3://datagen-dev/f5ddba02-4295-48d9-8ad5-ba8583871323/08788e35-b887-4d04-9a7f-40b900d15569/coco.json,COCO,s3://datagen-dev/f5ddba02-4295-48d9-8ad5-ba8583871323/bc6ba36c-aa02-4630-a0ea-4150b9b69e36/Synthetic/3fa73564-7af2-424c-8355-04937d83a322_flux_1789424310.png
s3://datagen-dev/f5ddba02-4295-48d9-8ad5-ba8583871323/bc6ba36c-aa02-4630-a0ea-4150b9b69e36/Synthetic/e20a4238-de51-4369-830a-e994e1d574ce_flux_1789424662.png,s3://datagen-dev/f5ddba02-4295-48d9-8ad5-ba8583871323/08788e35-b887-4d04-9a7f-40b900d15569/coco.json,COCO,s3://datagen-dev/f5ddba02-4295-48d9-8ad5-ba8583871323/bc6ba36c-aa02-4630-a0ea-4150b9b69e36/Synthetic/e20a4238-de51-4369-830a-e994e1d574ce_flux_1789424662.png
s3://datagen-dev/f5ddba02-4295-48d9-8ad5-ba8583871323/bc6ba36c-aa02-4630-a0ea-4150b9b69e36/Synthetic/7d448133-69ed-43a5-9deb-dd974814a651_flux_1789424563.png,s3://datagen-dev/f5ddba02-4295-48d9-8ad5-ba8583871323/08788e35-b887-4d04-9a7f-40b900d15569/coco.json,COCO,s3://datagen-dev/f5ddba02-4295-48d9-8ad5-ba8583871323/bc6ba36c-aa02-4630-a0ea-4150b9b69e36/Synthetic/7d448133-69ed-43a5-9deb-dd974814a651_flux_1789424563.png
s3://datagen-dev/f5ddba02-4295-48d9-8ad5-ba8583871323/bc6ba36c-aa02-4630-a0ea-4150b9b69e36/Synthetic/d5f04948-4775-456e-86bf-169058df4c51_flux_1789426124.png,s3://datagen-dev/f5ddba02-4295-48d9-8ad5-ba8583871323/08788e35-b887-4d04-9a7f-40b900d15569/coco.json,COCO,s3://datagen-dev/f5ddba02-4295-48d9-8ad5-ba8583871323/bc6ba36c-aa02-4630-a0ea-4150b9b69e36/Synthetic/d5f04948-4775-456e-86bf-169058df4c51_flux_1789426124.png
s3://datagen-dev/f5ddba02-4295-48d9-8ad5-ba8583871323/bc6ba36c-aa02-4630-a0ea-4150b9b69e36/Synthetic/c4b74337-92cd-431a-ad87-c699c6490fbf_flux_1789422949.png,s3://datagen-dev/f5ddba02-4295-48d9-8ad5-ba8583871323/08788e35-b887-4d04-9a7f-40b900d15569/coco.json,COCO,s3://datagen-dev/f5ddba02-4295-48d9-8ad5-ba8583871323/bc6ba36c-aa02-4630-a0ea-4150b9b69e36/Synthetic/c4b74337-92cd-431a-ad87-c699c6490fbf_flux_1789422949.png
s3://datagen-dev/f5ddba02-4295-48d9-8ad5-ba8583871323/bc6ba36c-aa02-4630-a0ea-4150b9b69e36/Synthetic/8fc749d2-963f-4487-90ae-b351a9889277_flux_1789424780.png,s3://datagen-dev/f5ddba02-4295-48d9-8ad5-ba8583871323/08788e35-b887-4d04-9a7f-40b900d15569/coco.json,COCO,s3://datagen-dev/f5ddba02-4295-48d9-8ad5-ba8583871323/bc6ba36c-aa02-4630-a0ea-4150b9b69e36/Synthetic/8fc749d2-963f-4487-90ae-b351a9889277_flux_1789424780.png
s3://datagen-dev/f5ddba02-4295-48d9-8ad5-ba8583871323/bc6ba36c-aa02-4630-a0ea-4150b9b69e36/Synthetic/7b672dba-dd31-43bb-8075-4bffcca39594_flux_1789422800.png,s3://datagen-dev/f5ddba02-4295-48d9-8ad5-ba8583871323/08788e35-b887-4d04-9a7f-40b900d15569/coco.json,COCO,s3://datagen-dev/f5ddba02-4295-48d9-8ad5-ba8583871323/bc6ba36c-aa02-4630-a0ea-4150b9b69e36/Synthetic/7b672dba-dd31-43bb-8075-4bffcca39594_flux_1789422800.png
s3://datagen-dev/f5ddba02-4295-48d9-8ad5-ba8583871323/bc6ba36c-aa02-4630-a0ea-4150b9b69e36/Synthetic/3b669dce-07f2-49e3-a539-1c854ad2918e_flux_1789424526.png,s3://datagen-dev/f5ddba02-4295-48d9-8ad5-ba8583871323/08788e35-b887-4d04-9a7f-40b900d15569/coco.json,COCO,s3://datagen-dev/f5ddba02-4295-48d9-8ad5-ba8583871323/bc6ba36c-aa02-4630-a0ea-4150b9b69e36/Synthetic/3b669dce-07f2-49e3-a539-1c854ad2918e_flux_1789424526.png
s3://datagen-dev/f5ddba02-4295-48d9-8ad5-ba8583871323/bc6ba36c-aa02-4630-a0ea-4150b9b69e36/Synthetic/be2ebb63-f7fa-4c2c-aaf0-193429c1664c_flux_1789426050.png,s3://datagen-dev/f5ddba02-4295-48d9-8ad5-ba8583871323/08788e35-b887-4d04-9a7f-40b900d15569/coco.json,COCO,s3://datagen-dev/f5ddba02-4295-48d9-8ad5-ba8583871323/bc6ba36c-aa02-4630-a0ea-4150b9b69e36/Synthetic/be2ebb63-f7fa-4c2c-aaf0-193429c1664c_flux_1789426050.png
s3://datagen-dev/f5ddba02-4295-48d9-8ad5-ba8583871323/bc6ba36c-aa02-4630-a0ea-4150b9b69e36/Synthetic/838db186-e911-44e8-8eea-5e058f6d5633_flux_1789423098.png,s3://datagen-dev/f5ddba02-4295-48d9-8ad5-ba8583871323/08788e35-b887-4d04-9a7f-40b900d15569/coco.json,COCO,s3://datagen-dev/f5ddba02-4295-48d9-8ad5-ba8583871323/bc6ba36c-aa02-4630-a0ea-4150b9b69e36/Synthetic/838db186-e911-44e8-8eea-5e058f6d5633_flux_1789423098.png
s3://datagen-dev/f5ddba02-4295-48d9-8ad5-ba8583871323/bc6ba36c-aa02-4630-a0ea-4150b9b69e36/Synthetic/6c2d7565-1062-403b-82df-c45bd9394e4f_flux_1789425791.png,s3://datagen-dev/f5ddba02-4295-48d9-8ad5-ba8583871323/08788e35-b887-4d04-9a7f-40b900d15569/coco.json,COCO,s3://datagen-dev/f5ddba02-4295-48d9-8ad5-ba8583871323/bc6ba36c-aa02-4630-a0ea-4150b9b69e36/Synthetic/6c2d7565-1062-403b-82df-c45bd9394e4f_flux_1789425791.png
s3://datagen-dev/f5ddba02-4295-48d9-8ad5-ba8583871323/bc6ba36c-aa02-4630-a0ea-4150b9b69e36/Synthetic/34437ada-3415-4602-9c57-055fad41884a_flux_1789426450.png,s3://datagen-dev/f5ddba02-4295-48d9-8ad5-ba8583871323/08788e35-b887-4d04-9a7f-40b900d15569/coco.json,COCO,s3://datagen-dev/f5ddba02-4295-48d9-8ad5-ba8583871323/bc6ba36c-aa02-4630-a0ea-4150b9b69e36/Synthetic/34437ada-3415-4602-9c57-055fad41884a_flux_1789426450.png
s3://datagen-dev/f5ddba02-4295-48d9-8ad5-ba8583871323/bc6ba36c-aa02-4630-a0ea-4150b9b69e36/Synthetic/f644cc56-02f5-48b5-82e1-b85f8720ac83_flux_1789425111.png,s3://datagen-dev/f5ddba02-4295-48d9-8ad5-ba8583871323/08788e35-b887-4d04-9a7f-40b900d15569/coco.json,COCO,s3://datagen-dev/f5ddba02-4295-48d9-8ad5-ba8583871323/bc6ba36c-aa02-4630-a0ea-4150b9b69e36/Synthetic/f644cc56-02f5-48b5-82e1-b85f8720ac83_flux_1789425111.png
s3://datagen-dev/f5ddba02-4295-48d9-8ad5-ba8583871323/bc6ba36c-aa02-4630-a0ea-4150b9b69e36/Synthetic/2eb8fdfc-8c89-4301-844b-07d8b05b81e3_flux_1789423902.png,s3://datagen-dev/f5ddba02-4295-48d9-8ad5-ba8583871323/08788e35-b887-4d04-9a7f-40b900d15569/coco.json,COCO,s3://datagen-dev/f5ddba02-4295-48d9-8ad5-ba8583871323/bc6ba36c-aa02-4630-a0ea-4150b9b69e36/Synthetic/2eb8fdfc-8c89-4301-844b-07d8b05b81e3_flux_1789423902.png
s3://datagen-dev/f5ddba02-4295-48d9-8ad5-ba8583871323/bc6ba36c-aa02-4630-a0ea-4150b9b69e36/Synthetic/4127f0b8-6b42-4a15-b7be-cafc750660ed_flux_1789426285.png,s3://datagen-dev/f5ddba02-4295-48d9-8ad5-ba8583871323/08788e35-b887-4d04-9a7f-40b900d15569/coco.json,COCO,s3://datagen-dev/f5ddba02-4295-48d9-8ad5-ba8583871323/bc6ba36c-aa02-4630-a0ea-4150b9b69e36/Synthetic/4127f0b8-6b42-4a15-b7be-cafc750660ed_flux_1789426285.png
s3://datagen-dev/f5ddba02-4295-48d9-8ad5-ba8583871323/bc6ba36c-aa02-4630-a0ea-4150b9b69e36/Synthetic/d7c04217-4224-4d23-aa76-6a8a58c7be21_flux_1789425366.png,s3://datagen-dev/f5ddba02-4295-48d9-8ad5-ba8583871323/08788e35-b887-4d04-9a7f-40b900d15569/coco.json,COCO,s3://datagen-dev/f5ddba02-4295-48d9-8ad5-ba8583871323/bc6ba36c-aa02-4630-a0ea-4150b9b69e36/Synthetic/d7c04217-4224-4d23-aa76-6a8a58c7be21_flux_1789425366.png
s3://datagen-dev/f5ddba02-4295-48d9-8ad5-ba8583871323/bc6ba36c-aa02-4630-a0ea-4150b9b69e36/Synthetic/959a6092-9e58-413c-a5fc-ed7cbf9cd08c_flux_1789426264.png,s3://datagen-dev/f5ddba02-4295-48d9-8ad5-ba8583871323/08788e35-b887-4d04-9a7f-40b900d15569/coco.json,COCO,s3://datagen-dev/f5ddba02-4295-48d9-8ad5-ba8583871323/bc6ba36c-aa02-4630-a0ea-4150b9b69e36/Synthetic/959a6092-9e58-413c-a5fc-ed7cbf9cd08c_flux_1789426264.png
s3://datagen-dev/f5ddba02-4295-48d9-8ad5-ba8583871323/bc6ba36c-aa02-4630-a0ea-4150b9b69e36/Synthetic/0ad860b1-c750-4762-be34-fa8993855e88_flux_1789423061.png,s3://datagen-dev/f5ddba02-4295-48d9-8ad5-ba8583871323/08788e35-b887-4d04-9a7f-40b900d15569/coco.json,COCO,s3://datagen-dev/f5ddba02-4295-48d9-8ad5-ba8583871323/bc6ba36c-aa02-4630-a0ea-4150b9b69e36/Synthetic/0ad860b1-c750-4762-be34-fa8993855e88_flux_1789423061.png
s3://datagen-dev/f5ddba02-4295-48d9-8ad5-ba8583871323/bc6ba36c-aa02-4630-a0ea-4150b9b69e36/Synthetic/b37a0315-4391-43b8-a882-4e752129a51c_flux_1789425783.png,s3://datagen-dev/f5ddba02-4295-48d9-8ad5-ba8583871323/08788e35-b887-4d04-9a7f-40b900d15569/coco.json,COCO,s3://datagen-dev/f5ddba02-4295-48d9-8ad5-ba8583871323/bc6ba36c-aa02-4630-a0ea-4150b9b69e36/Synthetic/b37a0315-4391-43b8-a882-4e752129a51c_flux_1789425783.png
s3://datagen-dev/f5ddba02-4295-48d9-8ad5-ba8583871323/bc6ba36c-aa02-4630-a0ea-4150b9b69e36/Synthetic/9228a713-88a4-4612-ac70-eaa5a4222616_flux_1789423947.png,s3://datagen-dev/f5ddba02-4295-48d9-8ad5-ba8583871323/08788e35-b887-4d04-9a7f-40b900d15569/coco.json,COCO,s3://datagen-dev/f5ddba02-4295-48d9-8ad5-ba8583871323/bc6ba36c-aa02-4630-a0ea-4150b9b69e36/Synthetic/9228a713-88a4-4612-ac70-eaa5a4222616_flux_1789423947.png
s3://datagen-dev/f5ddba02-4295-48d9-8ad5-ba8583871323/bc6ba36c-aa02-4630-a0ea-4150b9b69e36/Synthetic/91d7fee1-b726-4bea-afa4-e614747eb534_flux_1789424183.png,s3://datagen-dev/f5ddba02-4295-48d9-8ad5-ba8583871323/08788e35-b887-4d04-9a7f-40b900d15569/coco.json,COCO,s3://datagen-dev/f5ddba02-4295-48d9-8ad5-ba8583871323/bc6ba36c-aa02-4630-a0ea-4150b9b69e36/Synthetic/91d7fee1-b726-4bea-afa4-e614747eb534_flux_1789424183.png
s3://datagen-dev/f5ddba02-4295-48d9-8ad5-ba8583871323/bc6ba36c-aa02-4630-a0ea-4150b9b69e36/Synthetic/4d33b25e-7c08-4372-83bb-7fb82c06599c_flux_1789424964.png,s3://datagen-dev/f5ddba02-4295-48d9-8ad5-ba8583871323/08788e35-b887-4d04-9a7f-40b900d15569/coco.json,COCO,s3://datagen-dev/f5ddba02-4295-48d9-8ad5-ba8583871323/bc6ba36c-aa02-4630-a0ea-4150b9b69e36/Synthetic/4d33b25e-7c08-4372-83bb-7fb82c06599c_flux_1789424964.png
s3://datagen-dev/f5ddba02-4295-48d9-8ad5-ba8583871323/bc6ba36c-aa02-4630-a0ea-4150b9b69e36/Synthetic/5bebbfaa-0e77-4e84-b863-33d1319ac3eb_flux_1789423527.png,s3://datagen-dev/f5ddba02-4295-48d9-8ad5-ba8583871323/08788e35-b887-4d04-9a7f-40b900d15569/coco.json,COCO,s3://datagen-dev/f5ddba02-4295-48d9-8ad5-ba8583871323/bc6ba36c-aa02-4630-a0ea-4150b9b69e36/Synthetic/5bebbfaa-0e77-4e84-b863-33d1319ac3eb_flux_1789423527.png
s3://datagen-dev/f5ddba02-4295-48d9-8ad5-ba8583871323/bc6ba36c-aa02-4630-a0ea-4150b9b69e36/Synthetic/dd9e8f34-c08e-4e2f-bfb3-b926f9e1e50c_flux_1789423024.png,s3://datagen-dev/f5ddba02-4295-48d9-8ad5-ba8583871323/08788e35-b887-4d04-9a7f-40b900d15569/coco.json,COCO,s3://datagen-dev/f5ddba02-4295-48d9-8ad5-ba8583871323/bc6ba36c-aa02-4630-a0ea-4150b9b69e36/Synthetic/dd9e8f34-c08e-4e2f-bfb3-b926f9e1e50c_flux_1789423024.png
s3://datagen-dev/f5ddba02-4295-48d9-8ad5-ba8583871323/bc6ba36c-aa02-4630-a0ea-4150b9b69e36/Synthetic/25445a19-13f4-4799-8a63-f7ee885f924f_flux_1789422887.png,s3://datagen-dev/f5ddba02-4295-48d9-8ad5-ba8583871323/08788e35-b887-4d04-9a7f-40b900d15569/coco.json,COCO,s3://datagen-dev/f5ddba02-4295-48d9-8ad5-ba8583871323/bc6ba36c-aa02-4630-a0ea-4150b9b69e36/Synthetic/25445a19-13f4-4799-8a63-f7ee885f924f_flux_1789422887.png
s3://datagen-dev/f5ddba02-4295-48d9-8ad5-ba8583871323/bc6ba36c-aa02-4630-a0ea-4150b9b69e36/Synthetic/9d67b87b-7f38-44f4-ab65-991510ad55be_flux_1789426412.png,s3://datagen-dev/f5ddba02-4295-48d9-8ad5-ba8583871323/08788e35-b887-4d04-9a7f-40b900d15569/coco.json,COCO,s3://datagen-dev/f5ddba02-4295-48d9-8ad5-ba8583871323/bc6ba36c-aa02-4630-a0ea-4150b9b69e36/Synthetic/9d67b87b-7f38-44f4-ab65-991510ad55be_flux_1789426412.png
s3://datagen-dev/f5ddba02-4295-48d9-8ad5-ba8583871323/bc6ba36c-aa02-4630-a0ea-4150b9b69e36/Synthetic/d527665d-fc3b-4f87-8f4a-ede2e5642d22_flux_1789422912.png,s3://datagen-dev/f5ddba02-4295-48d9-8ad5-ba8583871323/08788e35-b887-4d04-9a7f-40b900d15569/coco.json,COCO,s3://datagen-dev/f5ddba02-4295-48d9-8ad5-ba8583871323/bc6ba36c-aa02-4630-a0ea-4150b9b69e36/Synthetic/d527665d-fc3b-4f87-8f4a-ede2e5642d22_flux_1789422912.png
s3://datagen-dev/f5ddba02-4295-48d9-8ad5-ba8583871323/bc6ba36c-aa02-4630-a0ea-4150b9b69e36/Synthetic/3fd47345-0a83-41b6-b6a6-7e631987416f_flux_1789426293.png,s3://datagen-dev/f5ddba02-4295-48d9-8ad5-ba8583871323/08788e35-b887-4d04-9a7f-40b900d15569/coco.json,COCO,s3://datagen-dev/f5ddba02-4295-48d9-8ad5-ba8583871323/bc6ba36c-aa02-4630-a0ea-4150b9b69e36/Synthetic/3fd47345-0a83-41b6-b6a6-7e631987416f_flux_1789426293.png
s3://datagen-dev/f5ddba02-4295-48d9-8ad5-ba8583871323/bc6ba36c-aa02-4630-a0ea-4150b9b69e36/Synthetic/7729ac59-d551-417b-b5b0-ce577f194e8a_flux_1789424059.png,s3://datagen-dev/f5ddba02-4295-48d9-8ad5-ba8583871323/08788e35-b887-4d04-9a7f-40b900d15569/coco.json,COCO,s3://datagen-dev/f5ddba02-4295-48d9-8ad5-ba8583871323/bc6ba36c-aa02-4630-a0ea-4150b9b69e36/Synthetic/7729ac59-d551-417b-b5b0-ce577f194e8a_flux_1789424059.png
s3://datagen-dev/f5ddba02-4295-48d9-8ad5-ba8583871323/bc6ba36c-aa02-4630-a0ea-4150b9b69e36/Synthetic/39690d5b-f060-419b-ba67-3d0e912769e0_flux_1789426479.png,s3://datagen-dev/f5ddba02-4295-48d9-8ad5-ba8583871323/08788e35-b887-4d04-9a7f-40b900d15569/coco.json,COCO,s3://datagen-dev/f5ddba02-4295-48d9-8ad5-ba8583871323/bc6ba36c-aa02-4630-a0ea-4150b9b69e36/Synthetic/39690d5b-f060-419b-ba67-3d0e912769e0_flux_1789426479.png
s3://datagen-dev/f5ddba02-4295-48d9-8ad5-ba8583871323/bc6ba36c-aa02-4630-a0ea-4150b9b69e36/Synthetic/9cfde939-8035-43e5-ae37-fa4c83b6bb1c_flux_1789424509.png,s3://datagen-dev/f5ddba02-4295-48d9-8ad5-ba8583871323/08788e35-b887-4d04-9a7f-40b900d15569/coco.json,COCO,s3://datagen-dev/f5ddba02-4295-48d9-8ad5-ba8583871323/bc6ba36c-aa02-4630-a0ea-4150b9b69e36/Synthetic/9cfde939-8035-43e5-ae37-fa4c83b6bb1c_flux_1789424509.png
s3://datagen-dev/f5ddba02-4295-48d9-8ad5-ba8583871323/bc6ba36c-aa02-4630-a0ea-4150b9b69e36/Synthetic/4f7f21a3-e49e-4792-9a66-c37ac92fb8cf_flux_1789425496.png,s3://datagen-dev/f5ddba02-4295-48d9-8ad5-ba8583871323/08788e35-b887-4d04-9a7f-40b900d15569/coco.json,COCO,s3://datagen-dev/f5ddba02-4295-48d9-8ad5-ba8583871323/bc6ba36c-aa02-4630-a0ea-4150b9b69e36/Synthetic/4f7f21a3-e49e-4792-9a66-c37ac92fb8cf_flux_1789425496.png
s3://datagen-dev/f5ddba02-4295-48d9-8ad5-ba8583871323/bc6ba36c-aa02-4630-a0ea-4150b9b69e36/Synthetic/bdaf9ea5-57f9-42ee-b78b-2973036894dd_flux_1789426009.png,s3://datagen-dev/f5ddba02-4295-48d9-8ad5-ba8583871323/08788e35-b887-4d04-9a7f-40b900d15569/coco.json,COCO,s3://datagen-dev/f5ddba02-4295-48d9-8ad5-ba8583871323/bc6ba36c-aa02-4630-a0ea-4150b9b69e36/Synthetic/bdaf9ea5-57f9-42ee-b78b-2973036894dd_flux_1789426009.png
s3://datagen-dev/f5ddba02-4295-48d9-8ad5-ba8583871323/bc6ba36c-aa02-4630-a0ea-4150b9b69e36/Synthetic/62d5bb62-6bbc-4c4e-a45b-73afa318f5b2_flux_1789424813.png,s3://datagen-dev/f5ddba02-4295-48d9-8ad5-ba8583871323/08788e35-b887-4d04-9a7f-40b900d15569/coco.json,COCO,s3://datagen-dev/f5ddba02-4295-48d9-8ad5-ba8583871323/bc6ba36c-aa02-4630-a0ea-4150b9b69e36/Synthetic/62d5bb62-6bbc-4c4e-a45b-73afa318f5b2_flux_1789424813.png
s3://datagen-dev/f5ddba02-4295-48d9-8ad5-ba8583871323/bc6ba36c-aa02-4630-a0ea-4150b9b69e36/Synthetic/af28857c-e42f-4623-a18b-7c04917341d3_flux_1789424455.png,s3://datagen-dev/f5ddba02-4295-48d9-8ad5-ba8583871323/08788e35-b887-4d04-9a7f-40b900d15569/coco.json,COCO,s3://datagen-dev/f5ddba02-4295-48d9-8ad5-ba8583871323/bc6ba36c-aa02-4630-a0ea-4150b9b69e36/Synthetic/af28857c-e42f-4623-a18b-7c04917341d3_flux_1789424455.png
s3://datagen-dev/f5ddba02-4295-48d9-8ad5-ba8583871323/bc6ba36c-aa02-4630-a0ea-4150b9b69e36/Synthetic/ae5137d7-b273-4d7d-8041-2b3f5f3c5c33_flux_1789425135.png,s3://datagen-dev/f5ddba02-4295-48d9-8ad5-ba8583871323/08788e35-b887-4d04-9a7f-40b900d15569/coco.json,COCO,s3://datagen-dev/f5ddba02-4295-48d9-8ad5-ba8583871323/bc6ba36c-aa02-4630-a0ea-4150b9b69e36/Synthetic/ae5137d7-b273-4d7d-8041-2b3f5f3c5c33_flux_1789425135.png
s3://datagen-dev/f5ddba02-4295-48d9-8ad5-ba8583871323/bc6ba36c-aa02-4630-a0ea-4150b9b69e36/Synthetic/34417354-3b01-49d2-9af8-4f0f1e9d385c_flux_1789424829.png,s3://datagen-dev/f5ddba02-4295-48d9-8ad5-ba8583871323/08788e35-b887-4d04-9a7f-40b900d15569/coco.json,COCO,s3://datagen-dev/f5ddba02-4295-48d9-8ad5-ba8583871323/bc6ba36c-aa02-4630-a0ea-4150b9b69e36/Synthetic/34417354-3b01-49d2-9af8-4f0f1e9d385c_flux_1789424829.png
s3://datagen-dev/f5ddba02-4295-48d9-8ad5-ba8583871323/bc6ba36c-aa02-4630-a0ea-4150b9b69e36/Synthetic/95c55e0c-f7c0-404f-b285-474786630b3a_flux_1789425419.png,s3://datagen-dev/f5ddba02-4295-48d9-8ad5-ba8583871323/08788e35-b887-4d04-9a7f-40b900d15569/coco.json,COCO,s3://datagen-dev/f5ddba02-4295-48d9-8ad5-ba8583871323/bc6ba36c-aa02-4630-a0ea-4150b9b69e36/Synthetic/95c55e0c-f7c0-404f-b285-474786630b3a_flux_1789425419.png
s3://datagen-dev/f5ddba02-4295-48d9-8ad5-ba8583871323/bc6ba36c-aa02-4630-a0ea-4150b9b69e36/Synthetic/bfef8870-35db-427d-8721-9af74d83ad18_flux_1789426231.png,s3://datagen-dev/f5ddba02-4295-48d9-8ad5-ba8583871323/08788e35-b887-4d04-9a7f-40b900d15569/coco.json,COCO,s3://datagen-dev/f5ddba02-4295-48d9-8ad5-ba8583871323/bc6ba36c-aa02-4630-a0ea-4150b9b69e36/Synthetic/bfef8870-35db-427d-8721-9af74d83ad18_flux_1789426231.png
s3://datagen-dev/f5ddba02-4295-48d9-8ad5-ba8583871323/bc6ba36c-aa02-4630-a0ea-4150b9b69e36/Synthetic/f45f9aac-2f83-4d66-bec3-f609b95741f4_flux_1789426141.png,s3://datagen-dev/f5ddba02-4295-48d9-8ad5-ba8583871323/08788e35-b887-4d04-9a7f-40b900d15569/coco.json,COCO,s3://datagen-dev/f5ddba02-4295-48d9-8ad5-ba8583871323/bc6ba36c-aa02-4630-a0ea-4150b9b69e36/Synthetic/f45f9aac-2f83-4d66-bec3-f609b95741f4_flux_1789426141.png
s3://datagen-dev/f5ddba02-4295-48d9-8ad5-ba8583871323/bc6ba36c-aa02-4630-a0ea-4150b9b69e36/Synthetic/bfb8d5ba-7450-4e8f-87a4-8e7c5947f610_flux_1789422929.png,s3://datagen-dev/f5ddba02-4295-48d9-8ad5-ba8583871323/08788e35-b887-4d04-9a7f-40b900d15569/coco.json,COCO,s3://datagen-dev/f5ddba02-4295-48d9-8ad5-ba8583871323/bc6ba36c-aa02-4630-a0ea-4150b9b69e36/Synthetic/bfb8d5ba-7450-4e8f-87a4-8e7c5947f610_flux_1789422929.png
s3://datagen-dev/f5ddba02-4295-48d9-8ad5-ba8583871323/bc6ba36c-aa02-4630-a0ea-4150b9b69e36/Synthetic/43071517-f515-4f3f-be99-3c2976e694ba_flux_1789425074.png,s3://datagen-dev/f5ddba02-4295-48d9-8ad5-ba8583871323/08788e35-b887-4d04-9a7f-40b900d15569/coco.json,COCO,s3://datagen-dev/f5ddba02-4295-48d9-8ad5-ba8583871323/bc6ba36c-aa02-4630-a0ea-4150b9b69e36/Synthetic/43071517-f515-4f3f-be99-3c2976e694ba_flux_1789425074.png
s3://datagen-dev/f5ddba02-4295-48d9-8ad5-ba8583871323/bc6ba36c-aa02-4630-a0ea-4150b9b69e36/Synthetic/8ead2ae7-b0ae-49b2-8bfd-956fe559f01c_flux_1789425057.png,s3://datagen-dev/f5ddba02-4295-48d9-8ad5-ba8583871323/08788e35-b887-4d04-9a7f-40b900d15569/coco.json,COCO,s3://datagen-dev/f5ddba02-4295-48d9-8ad5-ba8583871323/bc6ba36c-aa02-4630-a0ea-4150b9b69e36/Synthetic/8ead2ae7-b0ae-49b2-8bfd-956fe559f01c_flux_1789425057.png
s3://datagen-dev/f5ddba02-4295-48d9-8ad5-ba8583871323/bc6ba36c-aa02-4630-a0ea-4150b9b69e36/Synthetic/35eb3faf-d054-4828-b78a-d3cccc1ec80e_flux_1789424633.png,s3://datagen-dev/f5ddba02-4295-48d9-8ad5-ba8583871323/08788e35-b887-4d04-9a7f-40b900d15569/coco.json,COCO,s3://datagen-dev/f5ddba02-4295-48d9-8ad5-ba8583871323/bc6ba36c-aa02-4630-a0ea-4150b9b69e36/Synthetic/35eb3faf-d054-4828-b78a-d3cccc1ec80e_flux_1789424633.png
s3://datagen-dev/f5ddba02-4295-48d9-8ad5-ba8583871323/bc6ba36c-aa02-4630-a0ea-4150b9b69e36/Synthetic/2a47d6e5-9249-4402-b87d-37367c454246_flux_1789424776.png,s3://datagen-dev/f5ddba02-4295-48d9-8ad5-ba8583871323/08788e35-b887-4d04-9a7f-40b900d15569/coco.json,COCO,s3://datagen-dev/f5ddba02-4295-48d9-8ad5-ba8583871323/bc6ba36c-aa02-4630-a0ea-4150b9b69e36/Synthetic/2a47d6e5-9249-4402-b87d-37367c454246_flux_1789424776.png
s3://datagen-dev/f5ddba02-4295-48d9-8ad5-ba8583871323/bc6ba36c-aa02-4630-a0ea-4150b9b69e36/Synthetic/1eafb92e-464c-42d3-8d74-76dbe9bb07eb_flux_1789426198.png,s3://datagen-dev/f5ddba02-4295-48d9-8ad5-ba8583871323/08788e35-b887-4d04-9a7f-40b900d15569/coco.json,COCO,s3://datagen-dev/f5ddba02-4295-48d9-8ad5-ba8583871323/bc6ba36c-aa02-4630-a0ea-4150b9b69e36/Synthetic/1eafb92e-464c-42d3-8d74-76dbe9bb07eb_flux_1789426198.png
s3://datagen-dev/f5ddba02-4295-48d9-8ad5-ba8583871323/bc6ba36c-aa02-4630-a0ea-4150b9b69e36/Synthetic/d46589e4-1308-402e-8874-c8685047857e_flux_1789424335.png,s3://datagen-dev/f5ddba02-4295-48d9-8ad5-ba8583871323/08788e35-b887-4d04-9a7f-40b900d15569/coco.json,COCO,s3://datagen-dev/f5ddba02-4295-48d9-8ad5-ba8583871323/bc6ba36c-aa02-4630-a0ea-4150b9b69e36/Synthetic/d46589e4-1308-402e-8874-c8685047857e_flux_1789424335.png
s3://datagen-dev/f5ddba02-4295-48d9-8ad5-ba8583871323/bc6ba36c-aa02-4630-a0ea-4150b9b69e36/Synthetic/1c260e67-a844-417f-936f-e9a857104485_flux_1789426367.png,s3://datagen-dev/f5ddba02-4295-48d9-8ad5-ba8583871323/08788e35-b887-4d04-9a7f-40b900d15569/coco.json,COCO,s3://datagen-dev/f5ddba02-4295-48d9-8ad5-ba8583871323/bc6ba36c-aa02-4630-a0ea-4150b9b69e36/Synthetic/1c260e67-a844-417f-936f-e9a857104485_flux_1789426367.png
s3://datagen-dev/f5ddba02-4295-48d9-8ad5-ba8583871323/bc6ba36c-aa02-4630-a0ea-4150b9b69e36/Synthetic/3b36dd93-adec-4659-a6ec-56da1ecb8980_flux_1789424088.png,s3://datagen-dev/f5ddba02-4295-48d9-8ad5-ba8583871323/08788e35-b887-4d04-9a7f-40b900d15569/coco.json,COCO,s3://datagen-dev/f5ddba02-4295-48d9-8ad5-ba8583871323/bc6ba36c-aa02-4630-a0ea-4150b9b69e36/Synthetic/3b36dd93-adec-4659-a6ec-56da1ecb8980_flux_1789424088.png
s3://datagen-dev/f5ddba02-4295-48d9-8ad5-ba8583871323/bc6ba36c-aa02-4630-a0ea-4150b9b69e36/Synthetic/42c09573-b763-4991-be4d-4752ea3889f7_flux_1789423094.png,s3://datagen-dev/f5ddba02-4295-48d9-8ad5-ba8583871323/08788e35-b887-4d04-9a7f-40b900d15569/coco.json,COCO,s3://datagen-dev/f5ddba02-4295-48d9-8ad5-ba8583871323/bc6ba36c-aa02-4630-a0ea-4150b9b69e36/Synthetic/42c09573-b763-4991-be4d-4752ea3889f7_flux_1789423094.png
s3://datagen-dev/f5ddba02-4295-48d9-8ad5-ba8583871323/bc6ba36c-aa02-4630-a0ea-4150b9b69e36/Synthetic/32b56648-0034-4b7b-af29-309b642e9ced_flux_1789424968.png,s3://datagen-dev/f5ddba02-4295-48d9-8ad5-ba8583871323/08788e35-b887-4d04-9a7f-40b900d15569/coco.json,COCO,s3://datagen-dev/f5ddba02-4295-48d9-8ad5-ba8583871323/bc6ba36c-aa02-4630-a0ea-4150b9b69e36/Synthetic/32b56648-0034-4b7b-af29-309b642e9ced_flux_1789424968.png
s3://datagen-dev/f5ddba02-4295-48d9-8ad5-ba8583871323/bc6ba36c-aa02-4630-a0ea-4150b9b69e36/Synthetic/50c779d5-f6b7-40f7-b3b4-1bf9709db16b_flux_1789426713.png,s3://datagen-dev/f5ddba02-4295-48d9-8ad5-ba8583871323/08788e35-b887-4d04-9a7f-40b900d15569/coco.json,COCO,s3://datagen-dev/f5ddba02-4295-48d9-8ad5-ba8583871323/bc6ba36c-aa02-4630-a0ea-4150b9b69e36/Synthetic/50c779d5-f6b7-40f7-b3b4-1bf9709db16b_flux_1789426713.png
s3://datagen-dev/f5ddba02-4295-48d9-8ad5-ba8583871323/bc6ba36c-aa02-4630-a0ea-4150b9b69e36/Synthetic/7a9ef02a-a9c0-48d0-a112-3ed6d0658da8_flux_1789424796.png,s3://datagen-dev/f5ddba02-4295-48d9-8ad5-ba8583871323/08788e35-b887-4d04-9a7f-40b900d15569/coco.json,COCO,s3://datagen-dev/f5ddba02-4295-48d9-8ad5-ba8583871323/bc6ba36c-aa02-4630-a0ea-4150b9b69e36/Synthetic/7a9ef02a-a9c0-48d0-a112-3ed6d0658da8_flux_1789424796.png
s3://datagen-dev/f5ddba02-4295-48d9-8ad5-ba8583871323/bc6ba36c-aa02-4630-a0ea-4150b9b69e36/Synthetic/2c9a22d3-6839-4c1d-b3d7-017701a49b31_flux_1789425304.png,s3://datagen-dev/f5ddba02-4295-48d9-8ad5-ba8583871323/08788e35-b887-4d04-9a7f-40b900d15569/coco.json,COCO,s3://datagen-dev/f5ddba02-4295-48d9-8ad5-ba8583871323/bc6ba36c-aa02-4630-a0ea-4150b9b69e36/Synthetic/2c9a22d3-6839-4c1d-b3d7-017701a49b31_flux_1789425304.png
s3://datagen-dev/f5ddba02-4295-48d9-8ad5-ba8583871323/bc6ba36c-aa02-4630-a0ea-4150b9b69e36/Synthetic/c4eba67d-8bb2-4bcb-acc1-b0515f5577ef_flux_1789424249.png,s3://datagen-dev/f5ddba02-4295-48d9-8ad5-ba8583871323/08788e35-b887-4d04-9a7f-40b900d15569/coco.json,COCO,s3://datagen-dev/f5ddba02-4295-48d9-8ad5-ba8583871323/bc6ba36c-aa02-4630-a0ea-4150b9b69e36/Synthetic/c4eba67d-8bb2-4bcb-acc1-b0515f5577ef_flux_1789424249.png
s3://datagen-dev/f5ddba02-4295-48d9-8ad5-ba8583871323/bc6ba36c-aa02-4630-a0ea-4150b9b69e36/Synthetic/e2489d26-cc05-47ff-9ec5-60e0e2e222be_flux_1789423303.png,s3://datagen-dev/f5ddba02-4295-48d9-8ad5-ba8583871323/08788e35-b887-4d04-9a7f-40b900d15569/coco.json,COCO,s3://datagen-dev/f5ddba02-4295-48d9-8ad5-ba8583871323/bc6ba36c-aa02-4630-a0ea-4150b9b69e36/Synthetic/e2489d26-cc05-47ff-9ec5-60e0e2e222be_flux_1789423303.png
s3://datagen-dev/f5ddba02-4295-48d9-8ad5-ba8583871323/bc6ba36c-aa02-4630-a0ea-4150b9b69e36/Synthetic/b9f7f779-2234-41b3-80a2-4cab54deaf08_flux_1789425585.png,s3://datagen-dev/f5ddba02-4295-48d9-8ad5-ba8583871323/08788e35-b887-4d04-9a7f-40b900d15569/coco.json,COCO,s3://datagen-dev/f5ddba02-4295-48d9-8ad5-ba8583871323/bc6ba36c-aa02-4630-a0ea-4150b9b69e36/Synthetic/b9f7f779-2234-41b3-80a2-4cab54deaf08_flux_1789425585.png
s3://datagen-dev/f5ddba02-4295-48d9-8ad5-ba8583871323/bc6ba36c-aa02-4630-a0ea-4150b9b69e36/Synthetic/9fcd8c3a-795a-4d42-9e46-5c4ad4201ff4_flux_1789426240.png,s3://datagen-dev/f5ddba02-4295-48d9-8ad5-ba8583871323/08788e35-b887-4d04-9a7f-40b900d15569/coco.json,COCO,s3://datagen-dev/f5ddba02-4295-48d9-8ad5-ba8583871323/bc6ba36c-aa02-4630-a0ea-4150b9b69e36/Synthetic/9fcd8c3a-795a-4d42-9e46-5c4ad4201ff4_flux_1789426240.png
s3://datagen-dev/f5ddba02-4295-48d9-8ad5-ba8583871323/bc6ba36c-aa02-4630-a0ea-4150b9b69e36/Synthetic/16766020-55cc-41d9-8651-6564909a8a05_flux_1789426639.png,s3://datagen-dev/f5ddba02-4295-48d9-8ad5-ba8583871323/08788e35-b887-4d04-9a7f-40b900d15569/coco.json,COCO,s3://datagen-dev/f5ddba02-4295-48d9-8ad5-ba8583871323/bc6ba36c-aa02-4630-a0ea-4150b9b69e36/Synthetic/16766020-55cc-41d9-8651-6564909a8a05_flux_1789426639.png
s3://datagen-dev/f5ddba02-4295-48d9-8ad5-ba8583871323/bc6ba36c-aa02-4630-a0ea-4150b9b69e36/Synthetic/fbc3fa15-5153-4318-98ac-c46db246166c_flux_1789425328.png,s3://datagen-dev/f5ddba02-4295-48d9-8ad5-ba8583871323/08788e35-b887-4d04-9a7f-40b900d15569/coco.json,COCO,s3://datagen-dev/f5ddba02-4295-48d9-8ad5-ba8583871323/bc6ba36c-aa02-4630-a0ea-4150b9b69e36/Synthetic/fbc3fa15-5153-4318-98ac-c46db246166c_flux_1789425328.png
s3://datagen-dev/f5ddba02-4295-48d9-8ad5-ba8583871323/bc6ba36c-aa02-4630-a0ea-4150b9b69e36/Synthetic/6852a3e2-9dc8-4302-8405-6f86af55b655_flux_1789425275.png,s3://datagen-dev/f5ddba02-4295-48d9-8ad5-ba8583871323/08788e35-b887-4d04-9a7f-40b900d15569/coco.json,COCO,s3://datagen-dev/f5ddba02-4295-48d9-8ad5-ba8583871323/bc6ba36c-aa02-4630-a0ea-4150b9b69e36/Synthetic/6852a3e2-9dc8-4302-8405-6f86af55b655_flux_1789425275.png
s3://datagen-dev/f5ddba02-4295-48d9-8ad5-ba8583871323/bc6ba36c-aa02-4630-a0ea-4150b9b69e36/Synthetic/8589b8a9-67d8-4f84-aca8-11a48299f38d_flux_1789425222.png,s3://datagen-dev/f5ddba02-4295-48d9-8ad5-ba8583871323/08788e35-b887-4d04-9a7f-40b900d15569/coco.json,COCO,s3://datagen-dev/f5ddba02-4295-48d9-8ad5-ba8583871323/bc6ba36c-aa02-4630-a0ea-4150b9b69e36/Synthetic/8589b8a9-67d8-4f84-aca8-11a48299f38d_flux_1789425222.png
s3://datagen-dev/f5ddba02-4295-48d9-8ad5-ba8583871323/bc6ba36c-aa02-4630-a0ea-4150b9b69e36/Synthetic/7c97762e-1f22-4a9f-bfde-b21536e01553_flux_1789423679.png,s3://datagen-dev/f5ddba02-4295-48d9-8ad5-ba8583871323/08788e35-b887-4d04-9a7f-40b900d15569/coco.json,COCO,s3://datagen-dev/f5ddba02-4295-48d9-8ad5-ba8583871323/bc6ba36c-aa02-4630-a0ea-4150b9b69e36/Synthetic/7c97762e-1f22-4a9f-bfde-b21536e01553_flux_1789423679.png
s3://datagen-dev/f5ddba02-4295-48d9-8ad5-ba8583871323/bc6ba36c-aa02-4630-a0ea-4150b9b69e36/Synthetic/4d76b6c5-fc18-4407-b925-b5ed83497b12_flux_1789425704.png,s3://datagen-dev/f5ddba02-4295-48d9-8ad5-ba8583871323/08788e35-b887-4d04-9a7f-40b900d15569/coco.json,COCO,s3://datagen-dev/f5ddba02-4295-48d9-8ad5-ba8583871323/bc6ba36c-aa02-4630-a0ea-4150b9b69e36/Synthetic/4d76b6c5-fc18-4407-b925-b5ed83497b12_flux_1789425704.png
s3://datagen-dev/f5ddba02-4295-48d9-8ad5-ba8583871323/bc6ba36c-aa02-4630-a0ea-4150b9b69e36/Synthetic/472f2387-9f1d-47d5-a9de-5dfc4e6c1b35_flux_1789424282.png,s3://datagen-dev/f5ddba02-4295-48d9-8ad5-ba8583871323/08788e35-b887-4d04-9a7f-40b900d15569/coco.json,COCO,s3://datagen-dev/f5ddba02-4295-48d9-8ad5-ba8583871323/bc6ba36c-aa02-4630-a0ea-4150b9b69e36/Synthetic/472f2387-9f1d-47d5-a9de-5dfc4e6c1b35_flux_1789424282.png
s3://datagen-dev/f5ddba02-4295-48d9-8ad5-ba8583871323/bc6ba36c-aa02-4630-a0ea-4150b9b69e36/Synthetic/8fd55507-82b0-4ebd-9dd7-6a10cc584a51_flux_1789426660.png,s3://datagen-dev/f5ddba02-4295-48d9-8ad5-ba8583871323/08788e35-b887-4d04-9a7f-40b900d15569/coco.json,COCO,s3://datagen-dev/f5ddba02-4295-48d9-8ad5-ba8583871323/bc6ba36c-aa02-4630-a0ea-4150b9b69e36/Synthetic/8fd55507-82b0-4ebd-9dd7-6a10cc584a51_flux_1789426660.png
s3://datagen-dev/f5ddba02-4295-48d9-8ad5-ba8583871323/bc6ba36c-aa02-4630-a0ea-4150b9b69e36/Synthetic/0eb55656-3177-4038-b44f-36cb36096203_flux_1789426664.png,s3://datagen-dev/f5ddba02-4295-48d9-8ad5-ba8583871323/08788e35-b887-4d04-9a7f-40b900d15569/coco.json,COCO,s3://datagen-dev/f5ddba02-4295-48d9-8ad5-ba8583871323/bc6ba36c-aa02-4630-a0ea-4150b9b69e36/Synthetic/0eb55656-3177-4038-b44f-36cb36096203_flux_1789426664.png
s3://datagen-dev/f5ddba02-4295-48d9-8ad5-ba8583871323/bc6ba36c-aa02-4630-a0ea-4150b9b69e36/Synthetic/43b9a2b2-1970-458f-93a4-fe3e78916b49_flux_1789424641.png,s3://datagen-dev/f5ddba02-4295-48d9-8ad5-ba8583871323/08788e35-b887-4d04-9a7f-40b900d15569/coco.json,COCO,s3://datagen-dev/f5ddba02-4295-48d9-8ad5-ba8583871323/bc6ba36c-aa02-4630-a0ea-4150b9b69e36/Synthetic/43b9a2b2-1970-458f-93a4-fe3e78916b49_flux_1789424641.png
s3://datagen-dev/f5ddba02-4295-48d9-8ad5-ba8583871323/bc6ba36c-aa02-4630-a0ea-4150b9b69e36/Synthetic/51e8441a-39bc-4368-8bbc-8947dfa2f4f3_flux_1789424846.png,s3://datagen-dev/f5ddba02-4295-48d9-8ad5-ba8583871323/08788e35-b887-4d04-9a7f-40b900d15569/coco.json,COCO,s3://datagen-dev/f5ddba02-4295-48d9-8ad5-ba8583871323/bc6ba36c-aa02-4630-a0ea-4150b9b69e36/Synthetic/51e8441a-39bc-4368-8bbc-8947dfa2f4f3_flux_1789424846.png
s3://datagen-dev/f5ddba02-4295-48d9-8ad5-ba8583871323/bc6ba36c-aa02-4630-a0ea-4150b9b69e36/Synthetic/bf195b59-ea55-44b8-ba29-589ec8af8a73_flux_1789423090.png,s3://datagen-dev/f5ddba02-4295-48d9-8ad5-ba8583871323/08788e35-b887-4d04-9a7f-40b900d15569/coco.json,COCO,s3://datagen-dev/f5ddba02-4295-48d9-8ad5-ba8583871323/bc6ba36c-aa02-4630-a0ea-4150b9b69e36/Synthetic/bf195b59-ea55-44b8-ba29-589ec8af8a73_flux_1789423090.png
s3://datagen-dev/f5ddba02-4295-48d9-8ad5-ba8583871323/bc6ba36c-aa02-4630-a0ea-4150b9b69e36/Synthetic/53476d06-0b49-4ca5-b6de-bb37d93acda0_flux_1789423073.png,s3://datagen-dev/f5ddba02-4295-48d9-8ad5-ba8583871323/08788e35-b887-4d04-9a7f-40b900d15569/coco.json,COCO,s3://datagen-dev/f5ddba02-4295-48d9-8ad5-ba8583871323/bc6ba36c-aa02-4630-a0ea-4150b9b69e36/Synthetic/53476d06-0b49-4ca5-b6de-bb37d93acda0_flux_1789423073.png
s3://datagen-dev/f5ddba02-4295-48d9-8ad5-ba8583871323/bc6ba36c-aa02-4630-a0ea-4150b9b69e36/Synthetic/ea3f7024-a2e1-4d58-9712-8177bf60c7e3_flux_1789426219.png,s3://datagen-dev/f5ddba02-4295-48d9-8ad5-ba8583871323/08788e35-b887-4d04-9a7f-40b900d15569/coco.json,COCO,s3://datagen-dev/f5ddba02-4295-48d9-8ad5-ba8583871323/bc6ba36c-aa02-4630-a0ea-4150b9b69e36/Synthetic/ea3f7024-a2e1-4d58-9712-8177bf60c7e3_flux_1789426219.png
s3://datagen-dev/f5ddba02-4295-48d9-8ad5-ba8583871323/bc6ba36c-aa02-4630-a0ea-4150b9b69e36/Synthetic/48121403-fa5c-498b-acce-a396591e9442_flux_1789425541.png,s3://datagen-dev/f5ddba02-4295-48d9-8ad5-ba8583871323/08788e35-b887-4d04-9a7f-40b900d15569/coco.json,COCO,s3://datagen-dev/f5ddba02-4295-48d9-8ad5-ba8583871323/bc6ba36c-aa02-4630-a0ea-4150b9b69e36/Synthetic/48121403-fa5c-498b-acce-a396591e9442_flux_1789425541.png
s3://datagen-dev/f5ddba02-4295-48d9-8ad5-ba8583871323/bc6ba36c-aa02-4630-a0ea-4150b9b69e36/Synthetic/4654b0f1-6518-4b3d-823b-649d67c3ac9a_flux_1789423724.png,s3://datagen-dev/f5ddba02-4295-48d9-8ad5-ba8583871323/08788e35-b887-4d04-9a7f-40b900d15569/coco.json,COCO,s3://datagen-dev/f5ddba02-4295-48d9-8ad5-ba8583871323/bc6ba36c-aa02-4630-a0ea-4150b9b69e36/Synthetic/4654b0f1-6518-4b3d-823b-649d67c3ac9a_flux_1789423724.png
s3://datagen-dev/f5ddba02-4295-48d9-8ad5-ba8583871323/bc6ba36c-aa02-4630-a0ea-4150b9b69e36/Synthetic/c0af922e-9818-4f41-91c6-c07cc40343d3_flux_1789423278.png,s3://datagen-dev/f5ddba02-4295-48d9-8ad5-ba8583871323/08788e35-b887-4d04-9a7f-40b900d15569/coco.json,COCO,s3://datagen-dev/f5ddba02-4295-48d9-8ad5-ba8583871323/bc6ba36c-aa02-4630-a0ea-4150b9b69e36/Synthetic/c0af922e-9818-4f41-91c6-c07cc40343d3_flux_1789423278.png
s3://datagen-dev/f5ddba02-4295-48d9-8ad5-ba8583871323/bc6ba36c-aa02-4630-a0ea-4150b9b69e36/Synthetic/ddaf27a3-666c-413b-a88b-e681fac95d28_flux_1789424727.png,s3://datagen-dev/f5ddba02-4295-48d9-8ad5-ba8583871323/08788e35-b887-4d04-9a7f-40b900d15569/coco.json,COCO,s3://datagen-dev/f5ddba02-4295-48d9-8ad5-ba8583871323/bc6ba36c-aa02-4630-a0ea-4150b9b69e36/Synthetic/ddaf27a3-666c-413b-a88b-e681fac95d28_flux_1789424727.png
s3://datagen-dev/f5ddba02-4295-48d9-8ad5-ba8583871323/bc6ba36c-aa02-4630-a0ea-4150b9b69e36/Synthetic/e0a5c09b-e69a-4640-88c1-8bbac6797a92_flux_1789424071.png,s3://datagen-dev/f5ddba02-4295-48d9-8ad5-ba8583871323/08788e35-b887-4d04-9a7f-40b900d15569/coco.json,COCO,s3://datagen-dev/f5ddba02-4295-48d9-8ad5-ba8583871323/bc6ba36c-aa02-4630-a0ea-4150b9b69e36/Synthetic/e0a5c09b-e69a-4640-88c1-8bbac6797a92_flux_1789424071.png
s3://datagen-dev/f5ddba02-4295-48d9-8ad5-ba8583871323/bc6ba36c-aa02-4630-a0ea-4150b9b69e36/Synthetic/70f097a9-495f-48ff-8653-d5615ae7376f_flux_1789423890.png,s3://datagen-dev/f5ddba02-4295-48d9-8ad5-ba8583871323/08788e35-b887-4d04-9a7f-40b900d15569/coco.json,COCO,s3://datagen-dev/f5ddba02-4295-48d9-8ad5-ba8583871323/bc6ba36c-aa02-4630-a0ea-4150b9b69e36/Synthetic/70f097a9-495f-48ff-8653-d5615ae7376f_flux_1789423890.png
s3://datagen-dev/f5ddba02-4295-48d9-8ad5-ba8583871323/bc6ba36c-aa02-4630-a0ea-4150b9b69e36/Synthetic/8d99efe2-1f75-423e-93ea-561ff34d7a21_flux_1789424435.png,s3://datagen-dev/f5ddba02-4295-48d9-8ad5-ba8583871323/08788e35-b887-4d04-9a7f-40b900d15569/coco.json,COCO,s3://datagen-dev/f5ddba02-4295-48d9-8ad5-ba8583871323/bc6ba36c-aa02-4630-a0ea-4150b9b69e36/Synthetic/8d99efe2-1f75-423e-93ea-561ff34d7a21_flux_1789424435.png
s3://datagen-dev/f5ddba02-4295-48d9-8ad5-ba8583871323/bc6ba36c-aa02-4630-a0ea-4150b9b69e36/Synthetic/a4c7ba41-a5c7-497d-b548-f2d7c8a51f3c_flux_1789426404.png,s3://datagen-dev/f5ddba02-4295-48d9-8ad5-ba8583871323/08788e35-b887-4d04-9a7f-40b900d15569/coco.json,COCO,s3://datagen-dev/f5ddba02-4295-48d9-8ad5-ba8583871323/bc6ba36c-aa02-4630-a0ea-4150b9b69e36/Synthetic/a4c7ba41-a5c7-497d-b548-f2d7c8a51f3c_flux_1789426404.png
s3://datagen-dev/f5ddba02-4295-48d9-8ad5-ba8583871323/bc6ba36c-aa02-4630-a0ea-4150b9b69e36/Synthetic/d17402ec-94eb-442f-823c-4cbea7f39ffa_flux_1789426454.png,s3://datagen-dev/f5ddba02-4295-48d9-8ad5-ba8583871323/08788e35-b887-4d04-9a7f-40b900d15569/coco.json,COCO,s3://datagen-dev/f5ddba02-4295-48d9-8ad5-ba8583871323/bc6ba36c-aa02-4630-a0ea-4150b9b69e36/Synthetic/d17402ec-94eb-442f-823c-4cbea7f39ffa_flux_1789426454.png
s3://datagen-dev/f5ddba02-4295-48d9-8ad5-ba8583871323/bc6ba36c-aa02-4630-a0ea-4150b9b69e36/Synthetic/c26a7a39-6135-44e8-a9a6-371e727d2d18_flux_1789425996.png,s3://datagen-dev/f5ddba02-4295-48d9-8ad5-ba8583871323/08788e35-b887-4d04-9a7f-40b900d15569/coco.json,COCO,s3://datagen-dev/f5ddba02-4295-48d9-8ad5-ba8583871323/bc6ba36c-aa02-4630-a0ea-4150b9b69e36/Synthetic/c26a7a39-6135-44e8-a9a6-371e727d2d18_flux_1789425996.png
s3://datagen-dev/f5ddba02-4295-48d9-8ad5-ba8583871323/bc6ba36c-aa02-4630-a0ea-4150b9b69e36/Synthetic/cffc7bf4-5d29-4242-aace-c9ed58189537_flux_1789423282.png,s3://datagen-dev/f5ddba02-4295-48d9-8ad5-ba8583871323/08788e35-b887-4d04-9a7f-40b900d15569/coco.json,COCO,s3://datagen-dev/f5ddba02-4295-48d9-8ad5-ba8583871323/bc6ba36c-aa02-4630-a0ea-4150b9b69e36/Synthetic/cffc7bf4-5d29-4242-aace-c9ed58189537_flux_1789423282.png
s3://datagen-dev/f5ddba02-4295-48d9-8ad5-ba8583871323/bc6ba36c-aa02-4630-a0ea-4150b9b69e36/Synthetic/6bbaad07-f871-4338-bbc7-7b642cf70bce_flux_1789425119.png,s3://datagen-dev/f5ddba02-4295-48d9-8ad5-ba8583871323/08788e35-b887-4d04-9a7f-40b900d15569/coco.json,COCO,s3://datagen-dev/f5ddba02-4295-48d9-8ad5-ba8583871323/bc6ba36c-aa02-4630-a0ea-4150b9b69e36/Synthetic/6bbaad07-f871-4338-bbc7-7b642cf70bce_flux_1789425119.png
s3://datagen-dev/f5ddba02-4295-48d9-8ad5-ba8583871323/bc6ba36c-aa02-4630-a0ea-4150b9b69e36/Synthetic/3f61ed1e-0fbe-40e0-9d74-99bc43dc6301_flux_1789426495.png,s3://datagen-dev/f5ddba02-4295-48d9-8ad5-ba8583871323/08788e35-b887-4d04-9a7f-40b900d15569/coco.json,COCO,s3://datagen-dev/f5ddba02-4295-48d9-8ad5-ba8583871323/bc6ba36c-aa02-4630-a0ea-4150b9b69e36/Synthetic/3f61ed1e-0fbe-40e0-9d74-99bc43dc6301_flux_1789426495.png
s3://datagen-dev/f5ddba02-4295-48d9-8ad5-ba8583871323/bc6ba36c-aa02-4630-a0ea-4150b9b69e36/Synthetic/ecf7b6d3-6be0-4ed1-a536-59fc4a215b7f_flux_1789425684.png,s3://datagen-dev/f5ddba02-4295-48d9-8ad5-ba8583871323/08788e35-b887-4d04-9a7f-40b900d15569/coco.json,COCO,s3://datagen-dev/f5ddba02-4295-48d9-8ad5-ba8583871323/bc6ba36c-aa02-4630-a0ea-4150b9b69e36/Synthetic/ecf7b6d3-6be0-4ed1-a536-59fc4a215b7f_flux_1789425684.png
s3://datagen-dev/f5ddba02-4295-48d9-8ad5-ba8583871323/bc6ba36c-aa02-4630-a0ea-4150b9b69e36/Synthetic/1d8d3b7e-49d2-42fb-9bce-8f15d26c0edc_flux_1789425214.png,s3://datagen-dev/f5ddba02-4295-48d9-8ad5-ba8583871323/08788e35-b887-4d04-9a7f-40b900d15569/coco.json,COCO,s3://datagen-dev/f5ddba02-4295-48d9-8ad5-ba8583871323/bc6ba36c-aa02-4630-a0ea-4150b9b69e36/Synthetic/1d8d3b7e-49d2-42fb-9bce-8f15d26c0edc_flux_1789425214.png
s3://datagen-dev/f5ddba02-4295-48d9-8ad5-ba8583871323/bc6ba36c-aa02-4630-a0ea-4150b9b69e36/Synthetic/5ba0e075-8742-466a-a14b-f5c7fc45fd27_flux_1789423803.png,s3://datagen-dev/f5ddba02-4295-48d9-8ad5-ba8583871323/08788e35-b887-4d04-9a7f-40b900d15569/coco.json,COCO,s3://datagen-dev/f5ddba02-4295-48d9-8ad5-ba8583871323/bc6ba36c-aa02-4630-a0ea-4150b9b69e36/Synthetic/5ba0e075-8742-466a-a14b-f5c7fc45fd27_flux_1789423803.png
s3://datagen-dev/f5ddba02-4295-48d9-8ad5-ba8583871323/bc6ba36c-aa02-4630-a0ea-4150b9b69e36/Synthetic/69bcf53e-114e-4bf7-b08b-8da07edc9471_flux_1789425361.png,s3://datagen-dev/f5ddba02-4295-48d9-8ad5-ba8583871323/08788e35-b887-4d04-9a7f-40b900d15569/coco.json,COCO,s3://datagen-dev/f5ddba02-4295-48d9-8ad5-ba8583871323/bc6ba36c-aa02-4630-a0ea-4150b9b69e36/Synthetic/69bcf53e-114e-4bf7-b08b-8da07edc9471_flux_1789425361.png
s3://datagen-dev/f5ddba02-4295-48d9-8ad5-ba8583871323/bc6ba36c-aa02-4630-a0ea-4150b9b69e36/Synthetic/732fd8d8-1d47-44e0-9245-999a359a20c4_flux_1789423997.png,s3://datagen-dev/f5ddba02-4295-48d9-8ad5-ba8583871323/08788e35-b887-4d04-9a7f-40b900d15569/coco.json,COCO,s3://datagen-dev/f5ddba02-4295-48d9-8ad5-ba8583871323/bc6ba36c-aa02-4630-a0ea-4150b9b69e36/Synthetic/732fd8d8-1d47-44e0-9245-999a359a20c4_flux_1789423997.png
s3://datagen-dev/f5ddba02-4295-48d9-8ad5-ba8583871323/bc6ba36c-aa02-4630-a0ea-4150b9b69e36/Synthetic/0605be94-7265-4f48-8fe1-5e5891bb5c92_flux_1789425630.png,s3://datagen-dev/f5ddba02-4295-48d9-8ad5-ba8583871323/08788e35-b887-4d04-9a7f-40b900d15569/coco.json,COCO,s3://datagen-dev/f5ddba02-4295-48d9-8ad5-ba8583871323/bc6ba36c-aa02-4630-a0ea-4150b9b69e36/Synthetic/0605be94-7265-4f48-8fe1-5e5891bb5c92_flux_1789425630.png
s3://datagen-dev/f5ddba02-4295-48d9-8ad5-ba8583871323/bc6ba36c-aa02-4630-a0ea-4150b9b69e36/Synthetic/b2bb1082-a200-48b8-9fb1-b131ccb14bc4_flux_1789423823.png,s3://datagen-dev/f5ddba02-4295-48d9-8ad5-ba8583871323/08788e35-b887-4d04-9a7f-40b900d15569/coco.json,COCO,s3://datagen-dev/f5ddba02-4295-48d9-8ad5-ba8583871323/bc6ba36c-aa02-4630-a0ea-4150b9b69e36/Synthetic/b2bb1082-a200-48b8-9fb1-b131ccb14bc4_flux_1789423823.png
s3://datagen-dev/f5ddba02-4295-48d9-8ad5-ba8583871323/bc6ba36c-aa02-4630-a0ea-4150b9b69e36/Synthetic/79fc1408-d997-4b1f-a14b-8cfca68f6e6c_flux_1789422846.png,s3://datagen-dev/f5ddba02-4295-48d9-8ad5-ba8583871323/08788e35-b887-4d04-9a7f-40b900d15569/coco.json,COCO,s3://datagen-dev/f5ddba02-4295-48d9-8ad5-ba8583871323/bc6ba36c-aa02-4630-a0ea-4150b9b69e36/Synthetic/79fc1408-d997-4b1f-a14b-8cfca68f6e6c_flux_1789422846.png
s3://datagen-dev/f5ddba02-4295-48d9-8ad5-ba8583871323/bc6ba36c-aa02-4630-a0ea-4150b9b69e36/Synthetic/36c37e9e-5da9-4051-9d43-530798825050_flux_1789424178.png,s3://datagen-dev/f5ddba02-4295-48d9-8ad5-ba8583871323/08788e35-b887-4d04-9a7f-40b900d15569/coco.json,COCO,s3://datagen-dev/f5ddba02-4295-48d9-8ad5-ba8583871323/bc6ba36c-aa02-4630-a0ea-4150b9b69e36/Synthetic/36c37e9e-5da9-4051-9d43-530798825050_flux_1789424178.png
s3://datagen-dev/f5ddba02-4295-48d9-8ad5-ba8583871323/bc6ba36c-aa02-4630-a0ea-4150b9b69e36/Synthetic/68cf552a-bd91-4e57-94ff-0b8b7dc3b9d6_flux_1789423939.png,s3://datagen-dev/f5ddba02-4295-48d9-8ad5-ba8583871323/08788e35-b887-4d04-9a7f-40b900d15569/coco.json,COCO,s3://datagen-dev/f5ddba02-4295-48d9-8ad5-ba8583871323/bc6ba36c-aa02-4630-a0ea-4150b9b69e36/Synthetic/68cf552a-bd91-4e57-94ff-0b8b7dc3b9d6_flux_1789423939.png
s3://datagen-dev/f5ddba02-4295-48d9-8ad5-ba8583871323/bc6ba36c-aa02-4630-a0ea-4150b9b69e36/Synthetic/fc94bfac-12ca-439c-afd2-50c34a9a2b9e_flux_1789426207.png,s3://datagen-dev/f5ddba02-4295-48d9-8ad5-ba8583871323/08788e35-b887-4d04-9a7f-40b900d15569/coco.json,COCO,s3://datagen-dev/f5ddba02-4295-48d9-8ad5-ba8583871323/bc6ba36c-aa02-4630-a0ea-4150b9b69e36/Synthetic/fc94bfac-12ca-439c-afd2-50c34a9a2b9e_flux_1789426207.png
s3://datagen-dev/f5ddba02-4295-48d9-8ad5-ba8583871323/bc6ba36c-aa02-4630-a0ea-4150b9b69e36/Synthetic/1b1c7cec-f5c6-4904-91e9-98064edbe9d1_flux_1789424108.png,s3://datagen-dev/f5ddba02-4295-48d9-8ad5-ba8583871323/08788e35-b887-4d04-9a7f-40b900d15569/coco.json,COCO,s3://datagen-dev/f5ddba02-4295-48d9-8ad5-ba8583871323/bc6ba36c-aa02-4630-a0ea-4150b9b69e36/Synthetic/1b1c7cec-f5c6-4904-91e9-98064edbe9d1_flux_1789424108.png
s3://datagen-dev/f5ddba02-4295-48d9-8ad5-ba8583871323/bc6ba36c-aa02-4630-a0ea-4150b9b69e36/Synthetic/12b0d6c5-ca17-4c94-bd09-517e93d902cf_flux_1789424224.png,s3://datagen-dev/f5ddba02-4295-48d9-8ad5-ba8583871323/08788e35-b887-4d04-9a7f-40b900d15569/coco.json,COCO,s3://datagen-dev/f5ddba02-4295-48d9-8ad5-ba8583871323/bc6ba36c-aa02-4630-a0ea-4150b9b69e36/Synthetic/12b0d6c5-ca17-4c94-bd09-517e93d902cf_flux_1789424224.png
s3://datagen-dev/f5ddba02-4295-48d9-8ad5-ba8583871323/bc6ba36c-aa02-4630-a0ea-4150b9b69e36/Synthetic/77484b3e-edc4-4060-a25a-591c00cef1fe_flux_1789423584.png,s3://datagen-dev/f5ddba02-4295-48d9-8ad5-ba8583871323/08788e35-b887-4d04-9a7f-40b900d15569/coco.json,COCO,s3://datagen-dev/f5ddba02-4295-48d9-8ad5-ba8583871323/bc6ba36c-aa02-4630-a0ea-4150b9b69e36/Synthetic/77484b3e-edc4-4060-a25a-591c00cef1fe_flux_1789423584.png
s3://datagen-dev/f5ddba02-4295-48d9-8ad5-ba8583871323/bc6ba36c-aa02-4630-a0ea-4150b9b69e36/Synthetic/83645253-f92e-45ef-990a-9a43448c80d9_flux_1789425399.png,s3://datagen-dev/f5ddba02-4295-48d9-8ad5-ba8583871323/08788e35-b887-4d04-9a7f-40b900d15569/coco.json,COCO,s3://datagen-dev/f5ddba02-4295-48d9-8ad5-ba8583871323/bc6ba36c-aa02-4630-a0ea-4150b9b69e36/Synthetic/83645253-f92e-45ef-990a-9a43448c80d9_flux_1789425399.png
s3://datagen-dev/f5ddba02-4295-48d9-8ad5-ba8583871323/bc6ba36c-aa02-4630-a0ea-4150b9b69e36/Synthetic/85a3622e-bf8a-481c-8b41-f22e06293dfc_flux_1789423465.png,s3://datagen-dev/f5ddba02-4295-48d9-8ad5-ba8583871323/08788e35-b887-4d04-9a7f-40b900d15569/coco.json,COCO,s3://datagen-dev/f5ddba02-4295-48d9-8ad5-ba8583871323/bc6ba36c-aa02-4630-a0ea-4150b9b69e36/Synthetic/85a3622e-bf8a-481c-8b41-f22e06293dfc_flux_1789423465.png
s3://datagen-dev/f5ddba02-4295-48d9-8ad5-ba8583871323/bc6ba36c-aa02-4630-a0ea-4150b9b69e36/Synthetic/050ae45a-0a71-4920-a5a2-fbd9e41b6302_flux_1789425378.png,s3://datagen-dev/f5ddba02-4295-48d9-8ad5-ba8583871323/08788e35-b887-4d04-9a7f-40b900d15569/coco.json,COCO,s3://datagen-dev/f5ddba02-4295-48d9-8ad5-ba8583871323/bc6ba36c-aa02-4630-a0ea-4150b9b69e36/Synthetic/050ae45a-0a71-4920-a5a2-fbd9e41b6302_flux_1789425378.png
s3://datagen-dev/f5ddba02-4295-48d9-8ad5-ba8583871323/bc6ba36c-aa02-4630-a0ea-4150b9b69e36/Synthetic/5dd34160-6fed-4aec-b57a-85e714f4f805_flux_1789425733.png,s3://datagen-dev/f5ddba02-4295-48d9-8ad5-ba8583871323/08788e35-b887-4d04-9a7f-40b900d15569/coco.json,COCO,s3://datagen-dev/f5ddba02-4295-48d9-8ad5-ba8583871323/bc6ba36c-aa02-4630-a0ea-4150b9b69e36/Synthetic/5dd34160-6fed-4aec-b57a-85e714f4f805_flux_1789425733.png
s3://datagen-dev/f5ddba02-4295-48d9-8ad5-ba8583871323/bc6ba36c-aa02-4630-a0ea-4150b9b69e36/Synthetic/2adf3aa7-4cef-4599-83fe-c0abcad55050_flux_1789425717.png,s3://datagen-dev/f5ddba02-4295-48d9-8ad5-ba8583871323/08788e35-b887-4d04-9a7f-40b900d15569/coco.json,COCO,s3://datagen-dev/f5ddba02-4295-48d9-8ad5-ba8583871323/bc6ba36c-aa02-4630-a0ea-4150b9b69e36/Synthetic/2adf3aa7-4cef-4599-83fe-c0abcad55050_flux_1789425717.png
s3://datagen-dev/f5ddba02-4295-48d9-8ad5-ba8583871323/bc6ba36c-aa02-4630-a0ea-4150b9b69e36/Synthetic/6a995320-5ac8-4736-828e-d399dccef344_flux_1789423799.png,s3://datagen-dev/f5ddba02-4295-48d9-8ad5-ba8583871323/08788e35-b887-4d04-9a7f-40b900d15569/coco.json,COCO,s3://datagen-dev/f5ddba02-4295-48d9-8ad5-ba8583871323/bc6ba36c-aa02-4630-a0ea-4150b9b69e36/Synthetic/6a995320-5ac8-4736-828e-d399dccef344_flux_1789423799.png
s3://datagen-dev/f5ddba02-4295-48d9-8ad5-ba8583871323/bc6ba36c-aa02-4630-a0ea-4150b9b69e36/Synthetic/6bd7d7b3-ed2e-4f50-89a2-11f4b5e8f6d5_flux_1789424707.png,s3://datagen-dev/f5ddba02-4295-48d9-8ad5-ba8583871323/08788e35-b887-4d04-9a7f-40b900d15569/coco.json,COCO,s3://datagen-dev/f5ddba02-4295-48d9-8ad5-ba8583871323/bc6ba36c-aa02-4630-a0ea-4150b9b69e36/Synthetic/6bd7d7b3-ed2e-4f50-89a2-11f4b5e8f6d5_flux_1789424707.png
s3://datagen-dev/f5ddba02-4295-48d9-8ad5-ba8583871323/bc6ba36c-aa02-4630-a0ea-4150b9b69e36/Synthetic/126163c5-f7d0-44ef-911f-d708981d8a58_flux_1789424759.png,s3://datagen-dev/f5ddba02-4295-48d9-8ad5-ba8583871323/08788e35-b887-4d04-9a7f-40b900d15569/coco.json,COCO,s3://datagen-dev/f5ddba02-4295-48d9-8ad5-ba8583871323/bc6ba36c-aa02-4630-a0ea-4150b9b69e36/Synthetic/126163c5-f7d0-44ef-911f-d708981d8a58_flux_1789424759.png
s3://datagen-dev/f5ddba02-4295-48d9-8ad5-ba8583871323/bc6ba36c-aa02-4630-a0ea-4150b9b69e36/Synthetic/64fdf297-5cd0-4300-a66f-15bbfc2d67ae_flux_1789426256.png,s3://datagen-dev/f5ddba02-4295-48d9-8ad5-ba8583871323/08788e35-b887-4d04-9a7f-40b900d15569/coco.json,COCO,s3://datagen-dev/f5ddba02-4295-48d9-8ad5-ba8583871323/bc6ba36c-aa02-4630-a0ea-4150b9b69e36/Synthetic/64fdf297-5cd0-4300-a66f-15bbfc2d67ae_flux_1789426256.png
s3://datagen-dev/f5ddba02-4295-48d9-8ad5-ba8583871323/bc6ba36c-aa02-4630-a0ea-4150b9b69e36/Synthetic/778a28ed-b387-40dc-9d83-80ab5f72351b_flux_1789425992.png,s3://datagen-dev/f5ddba02-4295-48d9-8ad5-ba8583871323/08788e35-b887-4d04-9a7f-40b900d15569/coco.json,COCO,s3://datagen-dev/f5ddba02-4295-48d9-8ad5-ba8583871323/bc6ba36c-aa02-4630-a0ea-4150b9b69e36/Synthetic/778a28ed-b387-40dc-9d83-80ab5f72351b_flux_1789425992.png
s3://datagen-dev/f5ddba02-4295-48d9-8ad5-ba8583871323/bc6ba36c-aa02-4630-a0ea-4150b9b69e36/Synthetic/adaa2fd5-c6ee-4676-a234-04b2fd8b97fa_flux_1789425370.png,s3://datagen-dev/f5ddba02-4295-48d9-8ad5-ba8583871323/08788e35-b887-4d04-9a7f-40b900d15569/coco.json,COCO,s3://datagen-dev/f5ddba02-4295-48d9-8ad5-ba8583871323/bc6ba36c-aa02-4630-a0ea-4150b9b69e36/Synthetic/adaa2fd5-c6ee-4676-a234-04b2fd8b97fa_flux_1789425370.png
s3://datagen-dev/f5ddba02-4295-48d9-8ad5-ba8583871323/bc6ba36c-aa02-4630-a0ea-4150b9b69e36/Synthetic/f6442294-d5aa-404f-acd2-78a19a39532d_flux_1789425762.png,s3://datagen-dev/f5ddba02-4295-48d9-8ad5-ba8583871323/08788e35-b887-4d04-9a7f-40b900d15569/coco.json,COCO,s3://datagen-dev/f5ddba02-4295-48d9-8ad5-ba8583871323/bc6ba36c-aa02-4630-a0ea-4150b9b69e36/Synthetic/f6442294-d5aa-404f-acd2-78a19a39532d_flux_1789425762.png
s3://datagen-dev/f5ddba02-4295-48d9-8ad5-ba8583871323/bc6ba36c-aa02-4630-a0ea-4150b9b69e36/Synthetic/7d20730e-d45e-4a4c-a30d-7aaed3bc1b0e_flux_1789424575.png,s3://datagen-dev/f5ddba02-4295-48d9-8ad5-ba8583871323/08788e35-b887-4d04-9a7f-40b900d15569/coco.json,COCO,s3://datagen-dev/f5ddba02-4295-48d9-8ad5-ba8583871323/bc6ba36c-aa02-4630-a0ea-4150b9b69e36/Synthetic/7d20730e-d45e-4a4c-a30d-7aaed3bc1b0e_flux_1789424575.png
s3://datagen-dev/f5ddba02-4295-48d9-8ad5-ba8583871323/bc6ba36c-aa02-4630-a0ea-4150b9b69e36/Synthetic/35195fbc-3539-4428-92fd-14e6639c9c31_flux_1789423968.png,s3://datagen-dev/f5ddba02-4295-48d9-8ad5-ba8583871323/08788e35-b887-4d04-9a7f-40b900d15569/coco.json,COCO,s3://datagen-dev/f5ddba02-4295-48d9-8ad5-ba8583871323/bc6ba36c-aa02-4630-a0ea-4150b9b69e36/Synthetic/35195fbc-3539-4428-92fd-14e6639c9c31_flux_1789423968.png
s3://datagen-dev/f5ddba02-4295-48d9-8ad5-ba8583871323/bc6ba36c-aa02-4630-a0ea-4150b9b69e36/Synthetic/e9d5cb39-7102-4f89-9a38-d50c65673888_flux_1789424356.png,s3://datagen-dev/f5ddba02-4295-48d9-8ad5-ba8583871323/08788e35-b887-4d04-9a7f-40b900d15569/coco.json,COCO,s3://datagen-dev/f5ddba02-4295-48d9-8ad5-ba8583871323/bc6ba36c-aa02-4630-a0ea-4150b9b69e36/Synthetic/e9d5cb39-7102-4f89-9a38-d50c65673888_flux_1789424356.png
s3://datagen-dev/f5ddba02-4295-48d9-8ad5-ba8583871323/bc6ba36c-aa02-4630-a0ea-4150b9b69e36/Synthetic/67f1aef0-66f7-4fbc-b4ba-c22d28192d26_flux_1789422739.png,s3://datagen-dev/f5ddba02-4295-48d9-8ad5-ba8583871323/08788e35-b887-4d04-9a7f-40b900d15569/coco.json,COCO,s3://datagen-dev/f5ddba02-4295-48d9-8ad5-ba8583871323/bc6ba36c-aa02-4630-a0ea-4150b9b69e36/Synthetic/67f1aef0-66f7-4fbc-b4ba-c22d28192d26_flux_1789422739.png
s3://datagen-dev/f5ddba02-4295-48d9-8ad5-ba8583871323/bc6ba36c-aa02-4630-a0ea-4150b9b69e36/Synthetic/103d0e8f-5f31-4451-a6a8-c2c7199a8810_flux_1789425890.png,s3://datagen-dev/f5ddba02-4295-48d9-8ad5-ba8583871323/08788e35-b887-4d04-9a7f-40b900d15569/coco.json,COCO,s3://datagen-dev/f5ddba02-4295-48d9-8ad5-ba8583871323/bc6ba36c-aa02-4630-a0ea-4150b9b69e36/Synthetic/103d0e8f-5f31-4451-a6a8-c2c7199a8810_flux_1789425890.png
s3://datagen-dev/f5ddba02-4295-48d9-8ad5-ba8583871323/bc6ba36c-aa02-4630-a0ea-4150b9b69e36/Synthetic/a62f5511-94d6-4f9e-a811-ea2510f1daed_flux_1789424719.png,s3://datagen-dev/f5ddba02-4295-48d9-8ad5-ba8583871323/08788e35-b887-4d04-9a7f-40b900d15569/coco.json,COCO,s3://datagen-dev/f5ddba02-4295-48d9-8ad5-ba8583871323/bc6ba36c-aa02-4630-a0ea-4150b9b69e36/Synthetic/a62f5511-94d6-4f9e-a811-ea2510f1daed_flux_1789424719.png
s3://datagen-dev/f5ddba02-4295-48d9-8ad5-ba8583871323/bc6ba36c-aa02-4630-a0ea-4150b9b69e36/Synthetic/49cb5730-1f40-43cb-9c36-139b609b79b6_flux_1789426771.png,s3://datagen-dev/f5ddba02-4295-48d9-8ad5-ba8583871323/08788e35-b887-4d04-9a7f-40b900d15569/coco.json,COCO,s3://datagen-dev/f5ddba02-4295-48d9-8ad5-ba8583871323/bc6ba36c-aa02-4630-a0ea-4150b9b69e36/Synthetic/49cb5730-1f40-43cb-9c36-139b609b79b6_flux_1789426771.png
s3://datagen-dev/f5ddba02-4295-48d9-8ad5-ba8583871323/bc6ba36c-aa02-4630-a0ea-4150b9b69e36/Synthetic/9ee7b0e0-4482-45f8-884a-18a8e729ec76_flux_1789424150.png,s3://datagen-dev/f5ddba02-4295-48d9-8ad5-ba8583871323/08788e35-b887-4d04-9a7f-40b900d15569/coco.json,COCO,s3://datagen-dev/f5ddba02-4295-48d9-8ad5-ba8583871323/bc6ba36c-aa02-4630-a0ea-4150b9b69e36/Synthetic/9ee7b0e0-4482-45f8-884a-18a8e729ec76_flux_1789424150.png
s3://datagen-dev/f5ddba02-4295-48d9-8ad5-ba8583871323/bc6ba36c-aa02-4630-a0ea-4150b9b69e36/Synthetic/eed3e193-b188-41e1-b15d-1347de6db9b7_flux_1789423065.png,s3://datagen-dev/f5ddba02-4295-48d9-8ad5-ba8583871323/08788e35-b887-4d04-9a7f-40b900d15569/coco.json,COCO,s3://datagen-dev/f5ddba02-4295-48d9-8ad5-ba8583871323/bc6ba36c-aa02-4630-a0ea-4150b9b69e36/Synthetic/eed3e193-b188-41e1-b15d-1347de6db9b7_flux_1789423065.png
s3://datagen-dev/f5ddba02-4295-48d9-8ad5-ba8583871323/bc6ba36c-aa02-4630-a0ea-4150b9b69e36/Synthetic/a61e4d86-b5d3-4a75-9561-929c22a07e89_flux_1789425324.png,s3://datagen-dev/f5ddba02-4295-48d9-8ad5-ba8583871323/08788e35-b887-4d04-9a7f-40b900d15569/coco.json,COCO,s3://datagen-dev/f5ddba02-4295-48d9-8ad5-ba8583871323/bc6ba36c-aa02-4630-a0ea-4150b9b69e36/Synthetic/a61e4d86-b5d3-4a75-9561-929c22a07e89_flux_1789425324.png
s3://datagen-dev/f5ddba02-4295-48d9-8ad5-ba8583871323/bc6ba36c-aa02-4630-a0ea-4150b9b69e36/Synthetic/a13fdc11-ea79-4141-8035-414b25cde0d2_flux_1789423523.png,s3://datagen-dev/f5ddba02-4295-48d9-8ad5-ba8583871323/08788e35-b887-4d04-9a7f-40b900d15569/coco.json,COCO,s3://datagen-dev/f5ddba02-4295-48d9-8ad5-ba8583871323/bc6ba36c-aa02-4630-a0ea-4150b9b69e36/Synthetic/a13fdc11-ea79-4141-8035-414b25cde0d2_flux_1789423523.png
s3://datagen-dev/f5ddba02-4295-48d9-8ad5-ba8583871323/bc6ba36c-aa02-4630-a0ea-4150b9b69e36/Synthetic/c585234d-05de-4be4-a96d-4f089279382f_flux_1789424608.png,s3://datagen-dev/f5ddba02-4295-48d9-8ad5-ba8583871323/08788e35-b887-4d04-9a7f-40b900d15569/coco.json,COCO,s3://datagen-dev/f5ddba02-4295-48d9-8ad5-ba8583871323/bc6ba36c-aa02-4630-a0ea-4150b9b69e36/Synthetic/c585234d-05de-4be4-a96d-4f089279382f_flux_1789424608.png
s3://datagen-dev/f5ddba02-4295-48d9-8ad5-ba8583871323/bc6ba36c-aa02-4630-a0ea-4150b9b69e36/Synthetic/f60e59a2-fa67-48b5-8611-892012f370b9_flux_1789424567.png,s3://datagen-dev/f5ddba02-4295-48d9-8ad5-ba8583871323/08788e35-b887-4d04-9a7f-40b900d15569/coco.json,COCO,s3://datagen-dev/f5ddba02-4295-48d9-8ad5-ba8583871323/bc6ba36c-aa02-4630-a0ea-4150b9b69e36/Synthetic/f60e59a2-fa67-48b5-8611-892012f370b9_flux_1789424567.png
s3://datagen-dev/f5ddba02-4295-48d9-8ad5-ba8583871323/bc6ba36c-aa02-4630-a0ea-4150b9b69e36/Synthetic/ccc6969c-8830-4f56-86bb-409fb69ca7f6_flux_1789423311.png,s3://datagen-dev/f5ddba02-4295-48d9-8ad5-ba8583871323/08788e35-b887-4d04-9a7f-40b900d15569/coco.json,COCO,s3://datagen-dev/f5ddba02-4295-48d9-8ad5-ba8583871323/bc6ba36c-aa02-4630-a0ea-4150b9b69e36/Synthetic/ccc6969c-8830-4f56-86bb-409fb69ca7f6_flux_1789423311.png
s3://datagen-dev/f5ddba02-4295-48d9-8ad5-ba8583871323/bc6ba36c-aa02-4630-a0ea-4150b9b69e36/Synthetic/23d1a12e-8a68-4602-8bfc-7e83b253226f_flux_1789424972.png,s3://datagen-dev/f5ddba02-4295-48d9-8ad5-ba8583871323/08788e35-b887-4d04-9a7f-40b900d15569/coco.json,COCO,s3://datagen-dev/f5ddba02-4295-48d9-8ad5-ba8583871323/bc6ba36c-aa02-4630-a0ea-4150b9b69e36/Synthetic/23d1a12e-8a68-4602-8bfc-7e83b253226f_flux_1789424972.png
s3://datagen-dev/f5ddba02-4295-48d9-8ad5-ba8583871323/bc6ba36c-aa02-4630-a0ea-4150b9b69e36/Synthetic/dea718d5-d676-4aaa-8ae3-af463471f47d_flux_1789422945.png,s3://datagen-dev/f5ddba02-4295-48d9-8ad5-ba8583871323/08788e35-b887-4d04-9a7f-40b900d15569/coco.json,COCO,s3://datagen-dev/f5ddba02-4295-48d9-8ad5-ba8583871323/bc6ba36c-aa02-4630-a0ea-4150b9b69e36/Synthetic/dea718d5-d676-4aaa-8ae3-af463471f47d_flux_1789422945.png
s3://datagen-dev/f5ddba02-4295-48d9-8ad5-ba8583871323/bc6ba36c-aa02-4630-a0ea-4150b9b69e36/Synthetic/457b4d70-0c9a-4fa4-82d7-c087e042bef5_flux_1789426524.png,s3://datagen-dev/f5ddba02-4295-48d9-8ad5-ba8583871323/08788e35-b887-4d04-9a7f-40b900d15569/coco.json,COCO,s3://datagen-dev/f5ddba02-4295-48d9-8ad5-ba8583871323/bc6ba36c-aa02-4630-a0ea-4150b9b69e36/Synthetic/457b4d70-0c9a-4fa4-82d7-c087e042bef5_flux_1789426524.png
s3://datagen-dev/f5ddba02-4295-48d9-8ad5-ba8583871323/bc6ba36c-aa02-4630-a0ea-4150b9b69e36/Synthetic/180558ce-79f4-4bb8-8ab8-c5eebdc7f536_flux_1789423852.png,s3://datagen-dev/f5ddba02-4295-48d9-8ad5-ba8583871323/08788e35-b887-4d04-9a7f-40b900d15569/coco.json,COCO,s3://datagen-dev/f5ddba02-4295-48d9-8ad5-ba8583871323/bc6ba36c-aa02-4630-a0ea-4150b9b69e36/Synthetic/180558ce-79f4-4bb8-8ab8-c5eebdc7f536_flux_1789423852.png
s3://datagen-dev/f5ddba02-4295-48d9-8ad5-ba8583871323/bc6ba36c-aa02-4630-a0ea-4150b9b69e36/Synthetic/6f28947c-e4bc-4b47-88c3-ee151f13cc74_flux_1789426520.png,s3://datagen-dev/f5ddba02-4295-48d9-8ad5-ba8583871323/08788e35-b887-4d04-9a7f-40b900d15569/coco.json,COCO,s3://datagen-dev/f5ddba02-4295-48d9-8ad5-ba8583871323/bc6ba36c-aa02-4630-a0ea-4150b9b69e36/Synthetic/6f28947c-e4bc-4b47-88c3-ee151f13cc74_flux_1789426520.png
s3://datagen-dev/f5ddba02-4295-48d9-8ad5-ba8583871323/bc6ba36c-aa02-4630-a0ea-4150b9b69e36/Synthetic/21ed1f62-05a1-435c-85fd-ef4b06160e85_flux_1789422780.png,s3://datagen-dev/f5ddba02-4295-48d9-8ad5-ba8583871323/08788e35-b887-4d04-9a7f-40b900d15569/coco.json,COCO,s3://datagen-dev/f5ddba02-4295-48d9-8ad5-ba8583871323/bc6ba36c-aa02-4630-a0ea-4150b9b69e36/Synthetic/21ed1f62-05a1-435c-85fd-ef4b06160e85_flux_1789422780.png
s3://datagen-dev/f5ddba02-4295-48d9-8ad5-ba8583871323/bc6ba36c-aa02-4630-a0ea-4150b9b69e36/Synthetic/ee85396e-8a69-4667-b4a4-3e11fb694206_flux_1789423840.png,s3://datagen-dev/f5ddba02-4295-48d9-8ad5-ba8583871323/08788e35-b887-4d04-9a7f-40b900d15569/coco.json,COCO,s3://datagen-dev/f5ddba02-4295-48d9-8ad5-ba8583871323/bc6ba36c-aa02-4630-a0ea-4150b9b69e36/Synthetic/ee85396e-8a69-4667-b4a4-3e11fb694206_flux_1789423840.png
s3://datagen-dev/f5ddba02-4295-48d9-8ad5-ba8583871323/bc6ba36c-aa02-4630-a0ea-4150b9b69e36/Synthetic/28dfbaf0-22bc-4a2b-a004-01d0017ad211_flux_1789422933.png,s3://datagen-dev/f5ddba02-4295-48d9-8ad5-ba8583871323/08788e35-b887-4d04-9a7f-40b900d15569/coco.json,COCO,s3://datagen-dev/f5ddba02-4295-48d9-8ad5-ba8583871323/bc6ba36c-aa02-4630-a0ea-4150b9b69e36/Synthetic/28dfbaf0-22bc-4a2b-a004-01d0017ad211_flux_1789422933.png
s3://datagen-dev/f5ddba02-4295-48d9-8ad5-ba8583871323/bc6ba36c-aa02-4630-a0ea-4150b9b69e36/Synthetic/d467ea57-3894-4a74-9021-77aa0b874058_flux_1789426693.png,s3://datagen-dev/f5ddba02-4295-48d9-8ad5-ba8583871323/08788e35-b887-4d04-9a7f-40b900d15569/coco.json,COCO,s3://datagen-dev/f5ddba02-4295-48d9-8ad5-ba8583871323/bc6ba36c-aa02-4630-a0ea-4150b9b69e36/Synthetic/d467ea57-3894-4a74-9021-77aa0b874058_flux_1789426693.png
s3://datagen-dev/f5ddba02-4295-48d9-8ad5-ba8583871323/bc6ba36c-aa02-4630-a0ea-4150b9b69e36/Synthetic/5ccc5d3d-f0ab-4cce-b602-8c5d8ad61ea3_flux_1789424625.png,s3://datagen-dev/f5ddba02-4295-48d9-8ad5-ba8583871323/08788e35-b887-4d04-9a7f-40b900d15569/coco.json,COCO,s3://datagen-dev/f5ddba02-4295-48d9-8ad5-ba8583871323/bc6ba36c-aa02-4630-a0ea-4150b9b69e36/Synthetic/5ccc5d3d-f0ab-4cce-b602-8c5d8ad61ea3_flux_1789424625.png
s3://datagen-dev/f5ddba02-4295-48d9-8ad5-ba8583871323/bc6ba36c-aa02-4630-a0ea-4150b9b69e36/Synthetic/d7b097ab-ebcc-49f3-8bac-cbb3dee64488_flux_1789423192.png,s3://datagen-dev/f5ddba02-4295-48d9-8ad5-ba8583871323/08788e35-b887-4d04-9a7f-40b900d15569/coco.json,COCO,s3://datagen-dev/f5ddba02-4295-48d9-8ad5-ba8583871323/bc6ba36c-aa02-4630-a0ea-4150b9b69e36/Synthetic/d7b097ab-ebcc-49f3-8bac-cbb3dee64488_flux_1789423192.png
s3://datagen-dev/f5ddba02-4295-48d9-8ad5-ba8583871323/bc6ba36c-aa02-4630-a0ea-4150b9b69e36/Synthetic/f74a7a2b-e703-4979-a48e-d192b66f0e75_flux_1789424306.png,s3://datagen-dev/f5ddba02-4295-48d9-8ad5-ba8583871323/08788e35-b887-4d04-9a7f-40b900d15569/coco.json,COCO,s3://datagen-dev/f5ddba02-4295-48d9-8ad5-ba8583871323/bc6ba36c-aa02-4630-a0ea-4150b9b69e36/Synthetic/f74a7a2b-e703-4979-a48e-d192b66f0e75_flux_1789424306.png
s3://datagen-dev/f5ddba02-4295-48d9-8ad5-ba8583871323/bc6ba36c-aa02-4630-a0ea-4150b9b69e36/Synthetic/4370b621-ea28-4e65-ba0f-74006967378a_flux_1789423704.png,s3://datagen-dev/f5ddba02-4295-48d9-8ad5-ba8583871323/08788e35-b887-4d04-9a7f-40b900d15569/coco.json,COCO,s3://datagen-dev/f5ddba02-4295-48d9-8ad5-ba8583871323/bc6ba36c-aa02-4630-a0ea-4150b9b69e36/Synthetic/4370b621-ea28-4e65-ba0f-74006967378a_flux_1789423704.png
s3://datagen-dev/f5ddba02-4295-48d9-8ad5-ba8583871323/bc6ba36c-aa02-4630-a0ea-4150b9b69e36/Synthetic/fd824256-dcf1-4374-9411-4763757f3144_flux_1789425152.png,s3://datagen-dev/f5ddba02-4295-48d9-8ad5-ba8583871323/08788e35-b887-4d04-9a7f-40b900d15569/coco.json,COCO,s3://datagen-dev/f5ddba02-4295-48d9-8ad5-ba8583871323/bc6ba36c-aa02-4630-a0ea-4150b9b69e36/Synthetic/fd824256-dcf1-4374-9411-4763757f3144_flux_1789425152.png
s3://datagen-dev/f5ddba02-4295-48d9-8ad5-ba8583871323/bc6ba36c-aa02-4630-a0ea-4150b9b69e36/Synthetic/955ece0e-807c-4742-ba01-f06d3623f584_flux_1789424439.png,s3://datagen-dev/f5ddba02-4295-48d9-8ad5-ba8583871323/08788e35-b887-4d04-9a7f-40b900d15569/coco.json,COCO,s3://datagen-dev/f5ddba02-4295-48d9-8ad5-ba8583871323/bc6ba36c-aa02-4630-a0ea-4150b9b69e36/Synthetic/955ece0e-807c-4742-ba01-f06d3623f584_flux_1789424439.png
s3://datagen-dev/f5ddba02-4295-48d9-8ad5-ba8583871323/bc6ba36c-aa02-4630-a0ea-4150b9b69e36/Synthetic/72cd5d3b-42d1-48af-82ea-65ea813ccaf4_flux_1789424751.png,s3://datagen-dev/f5ddba02-4295-48d9-8ad5-ba8583871323/08788e35-b887-4d04-9a7f-40b900d15569/coco.json,COCO,s3://datagen-dev/f5ddba02-4295-48d9-8ad5-ba8583871323/bc6ba36c-aa02-4630-a0ea-4150b9b69e36/Synthetic/72cd5d3b-42d1-48af-82ea-65ea813ccaf4_flux_1789424751.png
s3://datagen-dev/f5ddba02-4295-48d9-8ad5-ba8583871323/bc6ba36c-aa02-4630-a0ea-4150b9b69e36/Synthetic/7a67afe8-3497-4e8c-a215-527664fda027_flux_1789426742.png,s3://datagen-dev/f5ddba02-4295-48d9-8ad5-ba8583871323/08788e35-b887-4d04-9a7f-40b900d15569/coco.json,COCO,s3://datagen-dev/f5ddba02-4295-48d9-8ad5-ba8583871323/bc6ba36c-aa02-4630-a0ea-4150b9b69e36/Synthetic/7a67afe8-3497-4e8c-a215-527664fda027_flux_1789426742.png
s3://datagen-dev/f5ddba02-4295-48d9-8ad5-ba8583871323/bc6ba36c-aa02-4630-a0ea-4150b9b69e36/Synthetic/1ec4d917-6ee6-4de2-b770-e14ee3916d36_flux_1789422978.png,s3://datagen-dev/f5ddba02-4295-48d9-8ad5-ba8583871323/08788e35-b887-4d04-9a7f-40b900d15569/coco.json,COCO,s3://datagen-dev/f5ddba02-4295-48d9-8ad5-ba8583871323/bc6ba36c-aa02-4630-a0ea-4150b9b69e36/Synthetic/1ec4d917-6ee6-4de2-b770-e14ee3916d36_flux_1789422978.png
s3://datagen-dev/f5ddba02-4295-48d9-8ad5-ba8583871323/bc6ba36c-aa02-4630-a0ea-4150b9b69e36/Synthetic/aa088eb2-7a5b-47d8-8fe4-8d89a828d27f_flux_1789422731.png,s3://datagen-dev/f5ddba02-4295-48d9-8ad5-ba8583871323/08788e35-b887-4d04-9a7f-40b900d15569/coco.json,COCO,s3://datagen-dev/f5ddba02-4295-48d9-8ad5-ba8583871323/bc6ba36c-aa02-4630-a0ea-4150b9b69e36/Synthetic/aa088eb2-7a5b-47d8-8fe4-8d89a828d27f_flux_1789422731.png
s3://datagen-dev/f5ddba02-4295-48d9-8ad5-ba8583871323/bc6ba36c-aa02-4630-a0ea-4150b9b69e36/Synthetic/e730eed6-f580-4b2a-a015-f2dd85a7baa6_flux_1789426017.png,s3://datagen-dev/f5ddba02-4295-48d9-8ad5-ba8583871323/08788e35-b887-4d04-9a7f-40b900d15569/coco.json,COCO,s3://datagen-dev/f5ddba02-4295-48d9-8ad5-ba8583871323/bc6ba36c-aa02-4630-a0ea-4150b9b69e36/Synthetic/e730eed6-f580-4b2a-a015-f2dd85a7baa6_flux_1789426017.png
s3://datagen-dev/f5ddba02-4295-48d9-8ad5-ba8583871323/bc6ba36c-aa02-4630-a0ea-4150b9b69e36/Synthetic/240aadcc-f0b6-49d9-b1ca-38840ccf5c6b_flux_1789426725.png,s3://datagen-dev/f5ddba02-4295-48d9-8ad5-ba8583871323/08788e35-b887-4d04-9a7f-40b900d15569/coco.json,COCO,s3://datagen-dev/f5ddba02-4295-48d9-8ad5-ba8583871323/bc6ba36c-aa02-4630-a0ea-4150b9b69e36/Synthetic/240aadcc-f0b6-49d9-b1ca-38840ccf5c6b_flux_1789426725.png
s3://datagen-dev/f5ddba02-4295-48d9-8ad5-ba8583871323/bc6ba36c-aa02-4630-a0ea-4150b9b69e36/Synthetic/02b24c34-3bee-4f9a-addc-de8f13d5d746_flux_1789423692.png,s3://datagen-dev/f5ddba02-4295-48d9-8ad5-ba8583871323/08788e35-b887-4d04-9a7f-40b900d15569/coco.json,COCO,s3://datagen-dev/f5ddba02-4295-48d9-8ad5-ba8583871323/bc6ba36c-aa02-4630-a0ea-4150b9b69e36/Synthetic/02b24c34-3bee-4f9a-addc-de8f13d5d746_flux_1789423692.png
s3://datagen-dev/f5ddba02-4295-48d9-8ad5-ba8583871323/bc6ba36c-aa02-4630-a0ea-4150b9b69e36/Synthetic/b45374f9-a939-407a-b58a-8337574a8637_flux_1789425709.png,s3://datagen-dev/f5ddba02-4295-48d9-8ad5-ba8583871323/08788e35-b887-4d04-9a7f-40b900d15569/coco.json,COCO,s3://datagen-dev/f5ddba02-4295-48d9-8ad5-ba8583871323/bc6ba36c-aa02-4630-a0ea-4150b9b69e36/Synthetic/b45374f9-a939-407a-b58a-8337574a8637_flux_1789425709.png
s3://datagen-dev/f5ddba02-4295-48d9-8ad5-ba8583871323/bc6ba36c-aa02-4630-a0ea-4150b9b69e36/Synthetic/a0bfbd64-acbb-4dbe-a29e-ac21dcc79386_flux_1789426186.png,s3://datagen-dev/f5ddba02-4295-48d9-8ad5-ba8583871323/08788e35-b887-4d04-9a7f-40b900d15569/coco.json,COCO,s3://datagen-dev/f5ddba02-4295-48d9-8ad5-ba8583871323/bc6ba36c-aa02-4630-a0ea-4150b9b69e36/Synthetic/a0bfbd64-acbb-4dbe-a29e-ac21dcc79386_flux_1789426186.png
s3://datagen-dev/f5ddba02-4295-48d9-8ad5-ba8583871323/bc6ba36c-aa02-4630-a0ea-4150b9b69e36/Synthetic/99d5b1f6-f6e0-4d2f-a03c-962b41a4a89d_flux_1789424821.png,s3://datagen-dev/f5ddba02-4295-48d9-8ad5-ba8583871323/08788e35-b887-4d04-9a7f-40b900d15569/coco.json,COCO,s3://datagen-dev/f5ddba02-4295-48d9-8ad5-ba8583871323/bc6ba36c-aa02-4630-a0ea-4150b9b69e36/Synthetic/99d5b1f6-f6e0-4d2f-a03c-962b41a4a89d_flux_1789424821.png
s3://datagen-dev/f5ddba02-4295-48d9-8ad5-ba8583871323/bc6ba36c-aa02-4630-a0ea-4150b9b69e36/Synthetic/a12815c5-3bfb-418a-a6cb-08f8f7ee554b_flux_1789426351.png,s3://datagen-dev/f5ddba02-4295-48d9-8ad5-ba8583871323/08788e35-b887-4d04-9a7f-40b900d15569/coco.json,COCO,s3://datagen-dev/f5ddba02-4295-48d9-8ad5-ba8583871323/bc6ba36c-aa02-4630-a0ea-4150b9b69e36/Synthetic/a12815c5-3bfb-418a-a6cb-08f8f7ee554b_flux_1789426351.png
s3://datagen-dev/f5ddba02-4295-48d9-8ad5-ba8583871323/bc6ba36c-aa02-4630-a0ea-4150b9b69e36/Synthetic/2e2153e5-77b2-4646-9287-04063ae7cab6_flux_1789424385.png,s3://datagen-dev/f5ddba02-4295-48d9-8ad5-ba8583871323/08788e35-b887-4d04-9a7f-40b900d15569/coco.json,COCO,s3://datagen-dev/f5ddba02-4295-48d9-8ad5-ba8583871323/bc6ba36c-aa02-4630-a0ea-4150b9b69e36/Synthetic/2e2153e5-77b2-4646-9287-04063ae7cab6_flux_1789424385.png
s3://datagen-dev/f5ddba02-4295-48d9-8ad5-ba8583871323/bc6ba36c-aa02-4630-a0ea-4150b9b69e36/Synthetic/9d7ce3f3-0167-4672-a024-b44ccd2f8a82_flux_1789426174.png,s3://datagen-dev/f5ddba02-4295-48d9-8ad5-ba8583871323/08788e35-b887-4d04-9a7f-40b900d15569/coco.json,COCO,s3://datagen-dev/f5ddba02-4295-48d9-8ad5-ba8583871323/bc6ba36c-aa02-4630-a0ea-4150b9b69e36/Synthetic/9d7ce3f3-0167-4672-a024-b44ccd2f8a82_flux_1789426174.png
s3://datagen-dev/f5ddba02-4295-48d9-8ad5-ba8583871323/bc6ba36c-aa02-4630-a0ea-4150b9b69e36/Synthetic/8f91968f-3f04-47be-9169-ad9d3b9366d3_flux_1789424117.png,s3://datagen-dev/f5ddba02-4295-48d9-8ad5-ba8583871323/08788e35-b887-4d04-9a7f-40b900d15569/coco.json,COCO,s3://datagen-dev/f5ddba02-4295-48d9-8ad5-ba8583871323/bc6ba36c-aa02-4630-a0ea-4150b9b69e36/Synthetic/8f91968f-3f04-47be-9169-ad9d3b9366d3_flux_1789424117.png
s3://datagen-dev/f5ddba02-4295-48d9-8ad5-ba8583871323/bc6ba36c-aa02-4630-a0ea-4150b9b69e36/Synthetic/2a46a4c1-4355-4577-86ae-2cfc57976b41_flux_1789423811.png,s3://datagen-dev/f5ddba02-4295-48d9-8ad5-ba8583871323/08788e35-b887-4d04-9a7f-40b900d15569/coco.json,COCO,s3://datagen-dev/f5ddba02-4295-48d9-8ad5-ba8583871323/bc6ba36c-aa02-4630-a0ea-4150b9b69e36/Synthetic/2a46a4c1-4355-4577-86ae-2cfc57976b41_flux_1789423811.png
s3://datagen-dev/f5ddba02-4295-48d9-8ad5-ba8583871323/bc6ba36c-aa02-4630-a0ea-4150b9b69e36/Synthetic/5271a324-d5b6-4fc7-ac0b-b0913b3312da_flux_1789426437.png,s3://datagen-dev/f5ddba02-4295-48d9-8ad5-ba8583871323/08788e35-b887-4d04-9a7f-40b900d15569/coco.json,COCO,s3://datagen-dev/f5ddba02-4295-48d9-8ad5-ba8583871323/bc6ba36c-aa02-4630-a0ea-4150b9b69e36/Synthetic/5271a324-d5b6-4fc7-ac0b-b0913b3312da_flux_1789426437.png
s3://datagen-dev/f5ddba02-4295-48d9-8ad5-ba8583871323/bc6ba36c-aa02-4630-a0ea-4150b9b69e36/Synthetic/e2f113c2-9d32-46a5-9090-a2e4098a6ca9_flux_1789423378.png,s3://datagen-dev/f5ddba02-4295-48d9-8ad5-ba8583871323/08788e35-b887-4d04-9a7f-40b900d15569/coco.json,COCO,s3://datagen-dev/f5ddba02-4295-48d9-8ad5-ba8583871323/bc6ba36c-aa02-4630-a0ea-4150b9b69e36/Synthetic/e2f113c2-9d32-46a5-9090-a2e4098a6ca9_flux_1789423378.png
s3://datagen-dev/f5ddba02-4295-48d9-8ad5-ba8583871323/bc6ba36c-aa02-4630-a0ea-4150b9b69e36/Synthetic/7fb43e39-5e2f-4452-a601-8bf2f5cb7722_flux_1789424232.png,s3://datagen-dev/f5ddba02-4295-48d9-8ad5-ba8583871323/08788e35-b887-4d04-9a7f-40b900d15569/coco.json,COCO,s3://datagen-dev/f5ddba02-4295-48d9-8ad5-ba8583871323/bc6ba36c-aa02-4630-a0ea-4150b9b69e36/Synthetic/7fb43e39-5e2f-4452-a601-8bf2f5cb7722_flux_1789424232.png
s3://datagen-dev/f5ddba02-4295-48d9-8ad5-ba8583871323/bc6ba36c-aa02-4630-a0ea-4150b9b69e36/Synthetic/5b5a03ab-66e0-4273-ba0e-0671916d0441_flux_1789425800.png,s3://datagen-dev/f5ddba02-4295-48d9-8ad5-ba8583871323/08788e35-b887-4d04-9a7f-40b900d15569/coco.json,COCO,s3://datagen-dev/f5ddba02-4295-48d9-8ad5-ba8583871323/bc6ba36c-aa02-4630-a0ea-4150b9b69e36/Synthetic/5b5a03ab-66e0-4273-ba0e-0671916d0441_flux_1789425800.png
s3://datagen-dev/f5ddba02-4295-48d9-8ad5-ba8583871323/bc6ba36c-aa02-4630-a0ea-4150b9b69e36/Synthetic/aedf8f31-d0e4-4b3b-84e7-6a604ca5ee74_flux_1789425189.png,s3://datagen-dev/f5ddba02-4295-48d9-8ad5-ba8583871323/08788e35-b887-4d04-9a7f-40b900d15569/coco.json,COCO,s3://datagen-dev/f5ddba02-4295-48d9-8ad5-ba8583871323/bc6ba36c-aa02-4630-a0ea-4150b9b69e36/Synthetic/aedf8f31-d0e4-4b3b-84e7-6a604ca5ee74_flux_1789425189.png
s3://datagen-dev/f5ddba02-4295-48d9-8ad5-ba8583871323/bc6ba36c-aa02-4630-a0ea-4150b9b69e36/Synthetic/74713a13-e121-4c72-bd71-88bfce7b6604_flux_1789423345.png,s3://datagen-dev/f5ddba02-4295-48d9-8ad5-ba8583871323/08788e35-b887-4d04-9a7f-40b900d15569/coco.json,COCO,s3://datagen-dev/f5ddba02-4295-48d9-8ad5-ba8583871323/bc6ba36c-aa02-4630-a0ea-4150b9b69e36/Synthetic/74713a13-e121-4c72-bd71-88bfce7b6604_flux_1789423345.png
s3://datagen-dev/f5ddba02-4295-48d9-8ad5-ba8583871323/bc6ba36c-aa02-4630-a0ea-4150b9b69e36/Synthetic/1a0d5367-ddba-425b-93ca-3ec54c429c86_flux_1789426096.png,s3://datagen-dev/f5ddba02-4295-48d9-8ad5-ba8583871323/08788e35-b887-4d04-9a7f-40b900d15569/coco.json,COCO,s3://datagen-dev/f5ddba02-4295-48d9-8ad5-ba8583871323/bc6ba36c-aa02-4630-a0ea-4150b9b69e36/Synthetic/1a0d5367-ddba-425b-93ca-3ec54c429c86_flux_1789426096.png
s3://datagen-dev/f5ddba02-4295-48d9-8ad5-ba8583871323/bc6ba36c-aa02-4630-a0ea-4150b9b69e36/Synthetic/270d8341-c622-45fc-a0c7-9292bf63eaea_flux_1789422999.png,s3://datagen-dev/f5ddba02-4295-48d9-8ad5-ba8583871323/08788e35-b887-4d04-9a7f-40b900d15569/coco.json,COCO,s3://datagen-dev/f5ddba02-4295-48d9-8ad5-ba8583871323/bc6ba36c-aa02-4630-a0ea-4150b9b69e36/Synthetic/270d8341-c622-45fc-a0c7-9292bf63eaea_flux_1789422999.png
s3://datagen-dev/f5ddba02-4295-48d9-8ad5-ba8583871323/bc6ba36c-aa02-4630-a0ea-4150b9b69e36/Synthetic/d57d40da-aa70-48fc-8bb7-f595fec58975_flux_1789424792.png,s3://datagen-dev/f5ddba02-4295-48d9-8ad5-ba8583871323/08788e35-b887-4d04-9a7f-40b900d15569/coco.json,COCO,s3://datagen-dev/f5ddba02-4295-48d9-8ad5-ba8583871323/bc6ba36c-aa02-4630-a0ea-4150b9b69e36/Synthetic/d57d40da-aa70-48fc-8bb7-f595fec58975_flux_1789424792.png
s3://datagen-dev/f5ddba02-4295-48d9-8ad5-ba8583871323/bc6ba36c-aa02-4630-a0ea-4150b9b69e36/Synthetic/608b384b-8027-4f1c-a01f-69fd9328ca83_flux_1789426260.png,s3://datagen-dev/f5ddba02-4295-48d9-8ad5-ba8583871323/08788e35-b887-4d04-9a7f-40b900d15569/coco.json,COCO,s3://datagen-dev/f5ddba02-4295-48d9-8ad5-ba8583871323/bc6ba36c-aa02-4630-a0ea-4150b9b69e36/Synthetic/608b384b-8027-4f1c-a01f-69fd9328ca83_flux_1789426260.png
s3://datagen-dev/f5ddba02-4295-48d9-8ad5-ba8583871323/bc6ba36c-aa02-4630-a0ea-4150b9b69e36/Synthetic/1ae2dbdf-d947-400e-9b0a-d46f8a0c30db_flux_1789422694.png,s3://datagen-dev/f5ddba02-4295-48d9-8ad5-ba8583871323/08788e35-b887-4d04-9a7f-40b900d15569/coco.json,COCO,s3://datagen-dev/f5ddba02-4295-48d9-8ad5-ba8583871323/bc6ba36c-aa02-4630-a0ea-4150b9b69e36/Synthetic/1ae2dbdf-d947-400e-9b0a-d46f8a0c30db_flux_1789422694.png
s3://datagen-dev/f5ddba02-4295-48d9-8ad5-ba8583871323/bc6ba36c-aa02-4630-a0ea-4150b9b69e36/Synthetic/3b738c83-6ded-43de-9f1a-9c62c5024a50_flux_1789424698.png,s3://datagen-dev/f5ddba02-4295-48d9-8ad5-ba8583871323/08788e35-b887-4d04-9a7f-40b900d15569/coco.json,COCO,s3://datagen-dev/f5ddba02-4295-48d9-8ad5-ba8583871323/bc6ba36c-aa02-4630-a0ea-4150b9b69e36/Synthetic/3b738c83-6ded-43de-9f1a-9c62c5024a50_flux_1789424698.png
s3://datagen-dev/f5ddba02-4295-48d9-8ad5-ba8583871323/bc6ba36c-aa02-4630-a0ea-4150b9b69e36/Synthetic/e877d89d-c6cc-4d83-9f29-1fc444b2880e_flux_1789425837.png,s3://datagen-dev/f5ddba02-4295-48d9-8ad5-ba8583871323/08788e35-b887-4d04-9a7f-40b900d15569/coco.json,COCO,s3://datagen-dev/f5ddba02-4295-48d9-8ad5-ba8583871323/bc6ba36c-aa02-4630-a0ea-4150b9b69e36/Synthetic/e877d89d-c6cc-4d83-9f29-1fc444b2880e_flux_1789425837.png
s3://datagen-dev/f5ddba02-4295-48d9-8ad5-ba8583871323/bc6ba36c-aa02-4630-a0ea-4150b9b69e36/Synthetic/dc088460-87bd-4fb6-b2c0-dd31ce0d5774_flux_1789424711.png,s3://datagen-dev/f5ddba02-4295-48d9-8ad5-ba8583871323/08788e35-b887-4d04-9a7f-40b900d15569/coco.json,COCO,s3://datagen-dev/f5ddba02-4295-48d9-8ad5-ba8583871323/bc6ba36c-aa02-4630-a0ea-4150b9b69e36/Synthetic/dc088460-87bd-4fb6-b2c0-dd31ce0d5774_flux_1789424711.png
s3://datagen-dev/f5ddba02-4295-48d9-8ad5-ba8583871323/bc6ba36c-aa02-4630-a0ea-4150b9b69e36/Synthetic/26142541-eef5-4cdf-b894-acdc93bdd2d3_flux_1789425610.png,s3://datagen-dev/f5ddba02-4295-48d9-8ad5-ba8583871323/08788e35-b887-4d04-9a7f-40b900d15569/coco.json,COCO,s3://datagen-dev/f5ddba02-4295-48d9-8ad5-ba8583871323/bc6ba36c-aa02-4630-a0ea-4150b9b69e36/Synthetic/26142541-eef5-4cdf-b894-acdc93bdd2d3_flux_1789425610.png
s3://datagen-dev/f5ddba02-4295-48d9-8ad5-ba8583871323/bc6ba36c-aa02-4630-a0ea-4150b9b69e36/Synthetic/7c82ec81-6d81-404f-87e9-c4ac0b026bba_flux_1789426248.png,s3://datagen-dev/f5ddba02-4295-48d9-8ad5-ba8583871323/08788e35-b887-4d04-9a7f-40b900d15569/coco.json,COCO,s3://datagen-dev/f5ddba02-4295-48d9-8ad5-ba8583871323/bc6ba36c-aa02-4630-a0ea-4150b9b69e36/Synthetic/7c82ec81-6d81-404f-87e9-c4ac0b026bba_flux_1789426248.png
s3://datagen-dev/f5ddba02-4295-48d9-8ad5-ba8583871323/bc6ba36c-aa02-4630-a0ea-4150b9b69e36/Synthetic/b1b03aef-9102-4033-bc50-b05c01b1287f_flux_1789426223.png,s3://datagen-dev/f5ddba02-4295-48d9-8ad5-ba8583871323/08788e35-b887-4d04-9a7f-40b900d15569/coco.json,COCO,s3://datagen-dev/f5ddba02-4295-48d9-8ad5-ba8583871323/bc6ba36c-aa02-4630-a0ea-4150b9b69e36/Synthetic/b1b03aef-9102-4033-bc50-b05c01b1287f_flux_1789426223.png
s3://datagen-dev/f5ddba02-4295-48d9-8ad5-ba8583871323/bc6ba36c-aa02-4630-a0ea-4150b9b69e36/Synthetic/8da08b60-2579-4f8a-898d-8e655b06c1c2_flux_1789424348.png,s3://datagen-dev/f5ddba02-4295-48d9-8ad5-ba8583871323/08788e35-b887-4d04-9a7f-40b900d15569/coco.json,COCO,s3://datagen-dev/f5ddba02-4295-48d9-8ad5-ba8583871323/bc6ba36c-aa02-4630-a0ea-4150b9b69e36/Synthetic/8da08b60-2579-4f8a-898d-8e655b06c1c2_flux_1789424348.png
s3://datagen-dev/f5ddba02-4295-48d9-8ad5-ba8583871323/bc6ba36c-aa02-4630-a0ea-4150b9b69e36/Synthetic/435e08bb-4ad9-43c6-b25d-745131c9edd2_flux_1789423204.png,s3://datagen-dev/f5ddba02-4295-48d9-8ad5-ba8583871323/08788e35-b887-4d04-9a7f-40b900d15569/coco.json,COCO,s3://datagen-dev/f5ddba02-4295-48d9-8ad5-ba8583871323/bc6ba36c-aa02-4630-a0ea-4150b9b69e36/Synthetic/435e08bb-4ad9-43c6-b25d-745131c9edd2_flux_1789423204.png
s3://datagen-dev/f5ddba02-4295-48d9-8ad5-ba8583871323/bc6ba36c-aa02-4630-a0ea-4150b9b69e36/Synthetic/c7a7c3bd-7daa-4956-adca-75a7fa99e53a_flux_1789422817.png,s3://datagen-dev/f5ddba02-4295-48d9-8ad5-ba8583871323/08788e35-b887-4d04-9a7f-40b900d15569/coco.json,COCO,s3://datagen-dev/f5ddba02-4295-48d9-8ad5-ba8583871323/bc6ba36c-aa02-4630-a0ea-4150b9b69e36/Synthetic/c7a7c3bd-7daa-4956-adca-75a7fa99e53a_flux_1789422817.png
s3://datagen-dev/f5ddba02-4295-48d9-8ad5-ba8583871323/bc6ba36c-aa02-4630-a0ea-4150b9b69e36/Synthetic/9e9cf58a-1085-44d6-80a5-d9655e2c6227_flux_1789426030.png,s3://datagen-dev/f5ddba02-4295-48d9-8ad5-ba8583871323/08788e35-b887-4d04-9a7f-40b900d15569/coco.json,COCO,s3://datagen-dev/f5ddba02-4295-48d9-8ad5-ba8583871323/bc6ba36c-aa02-4630-a0ea-4150b9b69e36/Synthetic/9e9cf58a-1085-44d6-80a5-d9655e2c6227_flux_1789426030.png
s3://datagen-dev/f5ddba02-4295-48d9-8ad5-ba8583871323/bc6ba36c-aa02-4630-a0ea-4150b9b69e36/Synthetic/792f0fc5-c854-4b5c-8575-1766435c8be2_flux_1789425234.png,s3://datagen-dev/f5ddba02-4295-48d9-8ad5-ba8583871323/08788e35-b887-4d04-9a7f-40b900d15569/coco.json,COCO,s3://datagen-dev/f5ddba02-4295-48d9-8ad5-ba8583871323/bc6ba36c-aa02-4630-a0ea-4150b9b69e36/Synthetic/792f0fc5-c854-4b5c-8575-1766435c8be2_flux_1789425234.png
s3://datagen-dev/f5ddba02-4295-48d9-8ad5-ba8583871323/bc6ba36c-aa02-4630-a0ea-4150b9b69e36/Synthetic/0d11b422-680f-4cff-b57e-35fba4187a65_flux_1789425922.png,s3://datagen-dev/f5ddba02-4295-48d9-8ad5-ba8583871323/08788e35-b887-4d04-9a7f-40b900d15569/coco.json,COCO,s3://datagen-dev/f5ddba02-4295-48d9-8ad5-ba8583871323/bc6ba36c-aa02-4630-a0ea-4150b9b69e36/Synthetic/0d11b422-680f-4cff-b57e-35fba4187a65_flux_1789425922.png
s3://datagen-dev/f5ddba02-4295-48d9-8ad5-ba8583871323/bc6ba36c-aa02-4630-a0ea-4150b9b69e36/Synthetic/cd1f2a9b-b13a-468a-97b9-6c5dffb6ac21_flux_1789423200.png,s3://datagen-dev/f5ddba02-4295-48d9-8ad5-ba8583871323/08788e35-b887-4d04-9a7f-40b900d15569/coco.json,COCO,s3://datagen-dev/f5ddba02-4295-48d9-8ad5-ba8583871323/bc6ba36c-aa02-4630-a0ea-4150b9b69e36/Synthetic/cd1f2a9b-b13a-468a-97b9-6c5dffb6ac21_flux_1789423200.png
s3://datagen-dev/f5ddba02-4295-48d9-8ad5-ba8583871323/bc6ba36c-aa02-4630-a0ea-4150b9b69e36/Synthetic/e134ba78-ddec-40fb-98f9-420c3841be21_flux_1789423659.png,s3://datagen-dev/f5ddba02-4295-48d9-8ad5-ba8583871323/08788e35-b887-4d04-9a7f-40b900d15569/coco.json,COCO,s3://datagen-dev/f5ddba02-4295-48d9-8ad5-ba8583871323/bc6ba36c-aa02-4630-a0ea-4150b9b69e36/Synthetic/e134ba78-ddec-40fb-98f9-420c3841be21_flux_1789423659.png
s3://datagen-dev/f5ddba02-4295-48d9-8ad5-ba8583871323/bc6ba36c-aa02-4630-a0ea-4150b9b69e36/Synthetic/6709b38f-410f-4663-b1ac-d9f111208d47_flux_1789426738.png,s3://datagen-dev/f5ddba02-4295-48d9-8ad5-ba8583871323/08788e35-b887-4d04-9a7f-40b900d15569/coco.json,COCO,s3://datagen-dev/f5ddba02-4295-48d9-8ad5-ba8583871323/bc6ba36c-aa02-4630-a0ea-4150b9b69e36/Synthetic/6709b38f-410f-4663-b1ac-d9f111208d47_flux_1789426738.png
s3://datagen-dev/f5ddba02-4295-48d9-8ad5-ba8583871323/bc6ba36c-aa02-4630-a0ea-4150b9b69e36/Synthetic/6b63aabf-db04-40ac-b7e6-d15b248ae390_flux_1789425016.png,s3://datagen-dev/f5ddba02-4295-48d9-8ad5-ba8583871323/08788e35-b887-4d04-9a7f-40b900d15569/coco.json,COCO,s3://datagen-dev/f5ddba02-4295-48d9-8ad5-ba8583871323/bc6ba36c-aa02-4630-a0ea-4150b9b69e36/Synthetic/6b63aabf-db04-40ac-b7e6-d15b248ae390_flux_1789425016.png
s3://datagen-dev/f5ddba02-4295-48d9-8ad5-ba8583871323/bc6ba36c-aa02-4630-a0ea-4150b9b69e36/Synthetic/588b99cc-ea08-46cf-9eee-1d53f3076bcd_flux_1789423081.png,s3://datagen-dev/f5ddba02-4295-48d9-8ad5-ba8583871323/08788e35-b887-4d04-9a7f-40b900d15569/coco.json,COCO,s3://datagen-dev/f5ddba02-4295-48d9-8ad5-ba8583871323/bc6ba36c-aa02-4630-a0ea-4150b9b69e36/Synthetic/588b99cc-ea08-46cf-9eee-1d53f3076bcd_flux_1789423081.png
s3://datagen-dev/f5ddba02-4295-48d9-8ad5-ba8583871323/bc6ba36c-aa02-4630-a0ea-4150b9b69e36/Synthetic/6e1a0222-9160-4a81-9596-9e5730628829_flux_1789424121.png,s3://datagen-dev/f5ddba02-4295-48d9-8ad5-ba8583871323/08788e35-b887-4d04-9a7f-40b900d15569/coco.json,COCO,s3://datagen-dev/f5ddba02-4295-48d9-8ad5-ba8583871323/bc6ba36c-aa02-4630-a0ea-4150b9b69e36/Synthetic/6e1a0222-9160-4a81-9596-9e5730628829_flux_1789424121.png
s3://datagen-dev/f5ddba02-4295-48d9-8ad5-ba8583871323/bc6ba36c-aa02-4630-a0ea-4150b9b69e36/Synthetic/1f8efdc5-4ca2-48d6-8fbf-45b5cf241991_flux_1789423398.png,s3://datagen-dev/f5ddba02-4295-48d9-8ad5-ba8583871323/08788e35-b887-4d04-9a7f-40b900d15569/coco.json,COCO,s3://datagen-dev/f5ddba02-4295-48d9-8ad5-ba8583871323/bc6ba36c-aa02-4630-a0ea-4150b9b69e36/Synthetic/1f8efdc5-4ca2-48d6-8fbf-45b5cf241991_flux_1789423398.png
s3://datagen-dev/f5ddba02-4295-48d9-8ad5-ba8583871323/bc6ba36c-aa02-4630-a0ea-4150b9b69e36/Synthetic/2c2fd205-d196-4532-a0bd-761345b54e02_flux_1789423477.png,s3://datagen-dev/f5ddba02-4295-48d9-8ad5-ba8583871323/08788e35-b887-4d04-9a7f-40b900d15569/coco.json,COCO,s3://datagen-dev/f5ddba02-4295-48d9-8ad5-ba8583871323/bc6ba36c-aa02-4630-a0ea-4150b9b69e36/Synthetic/2c2fd205-d196-4532-a0bd-761345b54e02_flux_1789423477.png
s3://datagen-dev/f5ddba02-4295-48d9-8ad5-ba8583871323/bc6ba36c-aa02-4630-a0ea-4150b9b69e36/Synthetic/ec68c86b-b1f5-466e-a787-4e6ffe045301_flux_1789425349.png,s3://datagen-dev/f5ddba02-4295-48d9-8ad5-ba8583871323/08788e35-b887-4d04-9a7f-40b900d15569/coco.json,COCO,s3://datagen-dev/f5ddba02-4295-48d9-8ad5-ba8583871323/bc6ba36c-aa02-4630-a0ea-4150b9b69e36/Synthetic/ec68c86b-b1f5-466e-a787-4e6ffe045301_flux_1789425349.png
s3://datagen-dev/f5ddba02-4295-48d9-8ad5-ba8583871323/bc6ba36c-aa02-4630-a0ea-4150b9b69e36/Synthetic/861ed8f2-41d1-4428-969f-08a88530dc4d_flux_1789425529.png,s3://datagen-dev/f5ddba02-4295-48d9-8ad5-ba8583871323/08788e35-b887-4d04-9a7f-40b900d15569/coco.json,COCO,s3://datagen-dev/f5ddba02-4295-48d9-8ad5-ba8583871323/bc6ba36c-aa02-4630-a0ea-4150b9b69e36/Synthetic/861ed8f2-41d1-4428-969f-08a88530dc4d_flux_1789425529.png
s3://datagen-dev/f5ddba02-4295-48d9-8ad5-ba8583871323/bc6ba36c-aa02-4630-a0ea-4150b9b69e36/Synthetic/51f8cb7a-3095-432c-afd5-9863c6360711_flux_1789423324.png,s3://datagen-dev/f5ddba02-4295-48d9-8ad5-ba8583871323/08788e35-b887-4d04-9a7f-40b900d15569/coco.json,COCO,s3://datagen-dev/f5ddba02-4295-48d9-8ad5-ba8583871323/bc6ba36c-aa02-4630-a0ea-4150b9b69e36/Synthetic/51f8cb7a-3095-432c-afd5-9863c6360711_flux_1789423324.png
s3://datagen-dev/f5ddba02-4295-48d9-8ad5-ba8583871323/bc6ba36c-aa02-4630-a0ea-4150b9b69e36/Synthetic/0e82f9ae-7761-4197-98f1-4c8422717a3e_flux_1789425545.png,s3://datagen-dev/f5ddba02-4295-48d9-8ad5-ba8583871323/08788e35-b887-4d04-9a7f-40b900d15569/coco.json,COCO,s3://datagen-dev/f5ddba02-4295-48d9-8ad5-ba8583871323/bc6ba36c-aa02-4630-a0ea-4150b9b69e36/Synthetic/0e82f9ae-7761-4197-98f1-4c8422717a3e_flux_1789425545.png
s3://datagen-dev/f5ddba02-4295-48d9-8ad5-ba8583871323/bc6ba36c-aa02-4630-a0ea-4150b9b69e36/Synthetic/bfcbd100-b5f6-4f31-9b40-6f091cf217eb_flux_1789423118.png,s3://datagen-dev/f5ddba02-4295-48d9-8ad5-ba8583871323/08788e35-b887-4d04-9a7f-40b900d15569/coco.json,COCO,s3://datagen-dev/f5ddba02-4295-48d9-8ad5-ba8583871323/bc6ba36c-aa02-4630-a0ea-4150b9b69e36/Synthetic/bfcbd100-b5f6-4f31-9b40-6f091cf217eb_flux_1789423118.png
s3://datagen-dev/f5ddba02-4295-48d9-8ad5-ba8583871323/bc6ba36c-aa02-4630-a0ea-4150b9b69e36/Synthetic/ed4d5ca3-bfa3-48fe-b621-128696135f6c_flux_1789424988.png,s3://datagen-dev/f5ddba02-4295-48d9-8ad5-ba8583871323/08788e35-b887-4d04-9a7f-40b900d15569/coco.json,COCO,s3://datagen-dev/f5ddba02-4295-48d9-8ad5-ba8583871323/bc6ba36c-aa02-4630-a0ea-4150b9b69e36/Synthetic/ed4d5ca3-bfa3-48fe-b621-128696135f6c_flux_1789424988.png
s3://datagen-dev/f5ddba02-4295-48d9-8ad5-ba8583871323/bc6ba36c-aa02-4630-a0ea-4150b9b69e36/Synthetic/2868c4b6-e498-4ed9-a08b-0436167afadf_flux_1789424928.png,s3://datagen-dev/f5ddba02-4295-48d9-8ad5-ba8583871323/08788e35-b887-4d04-9a7f-40b900d15569/coco.json,COCO,s3://datagen-dev/f5ddba02-4295-48d9-8ad5-ba8583871323/bc6ba36c-aa02-4630-a0ea-4150b9b69e36/Synthetic/2868c4b6-e498-4ed9-a08b-0436167afadf_flux_1789424928.png
s3://datagen-dev/f5ddba02-4295-48d9-8ad5-ba8583871323/bc6ba36c-aa02-4630-a0ea-4150b9b69e36/Synthetic/ccc33a3e-62c7-4574-80c5-955f2370aa0b_flux_1789425914.png,s3://datagen-dev/f5ddba02-4295-48d9-8ad5-ba8583871323/08788e35-b887-4d04-9a7f-40b900d15569/coco.json,COCO,s3://datagen-dev/f5ddba02-4295-48d9-8ad5-ba8583871323/bc6ba36c-aa02-4630-a0ea-4150b9b69e36/Synthetic/ccc33a3e-62c7-4574-80c5-955f2370aa0b_flux_1789425914.png
s3://datagen-dev/f5ddba02-4295-48d9-8ad5-ba8583871323/bc6ba36c-aa02-4630-a0ea-4150b9b69e36/Synthetic/29dbe46b-ca22-440f-a40c-dcadfadd0846_flux_1789422970.png,s3://datagen-dev/f5ddba02-4295-48d9-8ad5-ba8583871323/08788e35-b887-4d04-9a7f-40b900d15569/coco.json,COCO,s3://datagen-dev/f5ddba02-4295-48d9-8ad5-ba8583871323/bc6ba36c-aa02-4630-a0ea-4150b9b69e36/Synthetic/29dbe46b-ca22-440f-a40c-dcadfadd0846_flux_1789422970.png
s3://datagen-dev/f5ddba02-4295-48d9-8ad5-ba8583871323/bc6ba36c-aa02-4630-a0ea-4150b9b69e36/Synthetic/e987ae19-cf2d-47a5-ae0f-6dee85529cd6_flux_1789424344.png,s3://datagen-dev/f5ddba02-4295-48d9-8ad5-ba8583871323/08788e35-b887-4d04-9a7f-40b900d15569/coco.json,COCO,s3://datagen-dev/f5ddba02-4295-48d9-8ad5-ba8583871323/bc6ba36c-aa02-4630-a0ea-4150b9b69e36/Synthetic/e987ae19-cf2d-47a5-ae0f-6dee85529cd6_flux_1789424344.png
s3://datagen-dev/f5ddba02-4295-48d9-8ad5-ba8583871323/bc6ba36c-aa02-4630-a0ea-4150b9b69e36/Synthetic/35776490-ac73-47c9-8dc1-e41a57636cd5_flux_1789424394.png,s3://datagen-dev/f5ddba02-4295-48d9-8ad5-ba8583871323/08788e35-b887-4d04-9a7f-40b900d15569/coco.json,COCO,s3://datagen-dev/f5ddba02-4295-48d9-8ad5-ba8583871323/bc6ba36c-aa02-4630-a0ea-4150b9b69e36/Synthetic/35776490-ac73-47c9-8dc1-e41a57636cd5_flux_1789424394.png
s3://datagen-dev/f5ddba02-4295-48d9-8ad5-ba8583871323/bc6ba36c-aa02-4630-a0ea-4150b9b69e36/Synthetic/2547d95d-ff30-4d5b-acdf-9a8b68a046e7_flux_1789425193.png,s3://datagen-dev/f5ddba02-4295-48d9-8ad5-ba8583871323/08788e35-b887-4d04-9a7f-40b900d15569/coco.json,COCO,s3://datagen-dev/f5ddba02-4295-48d9-8ad5-ba8583871323/bc6ba36c-aa02-4630-a0ea-4150b9b69e36/Synthetic/2547d95d-ff30-4d5b-acdf-9a8b68a046e7_flux_1789425193.png
s3://datagen-dev/f5ddba02-4295-48d9-8ad5-ba8583871323/bc6ba36c-aa02-4630-a0ea-4150b9b69e36/Synthetic/0a8b2e0b-b063-46f4-9690-eed106ed088d_flux_1789424666.png,s3://datagen-dev/f5ddba02-4295-48d9-8ad5-ba8583871323/08788e35-b887-4d04-9a7f-40b900d15569/coco.json,COCO,s3://datagen-dev/f5ddba02-4295-48d9-8ad5-ba8583871323/bc6ba36c-aa02-4630-a0ea-4150b9b69e36/Synthetic/0a8b2e0b-b063-46f4-9690-eed106ed088d_flux_1789424666.png
s3://datagen-dev/f5ddba02-4295-48d9-8ad5-ba8583871323/bc6ba36c-aa02-4630-a0ea-4150b9b69e36/Synthetic/d4639af4-d961-44b9-87c8-05aaa4e7f029_flux_1789423992.png,s3://datagen-dev/f5ddba02-4295-48d9-8ad5-ba8583871323/08788e35-b887-4d04-9a7f-40b900d15569/coco.json,COCO,s3://datagen-dev/f5ddba02-4295-48d9-8ad5-ba8583871323/bc6ba36c-aa02-4630-a0ea-4150b9b69e36/Synthetic/d4639af4-d961-44b9-87c8-05aaa4e7f029_flux_1789423992.png
s3://datagen-dev/f5ddba02-4295-48d9-8ad5-ba8583871323/bc6ba36c-aa02-4630-a0ea-4150b9b69e36/Synthetic/4b353b96-6c71-408f-a429-7cb4971b0b43_flux_1789423910.png,s3://datagen-dev/f5ddba02-4295-48d9-8ad5-ba8583871323/08788e35-b887-4d04-9a7f-40b900d15569/coco.json,COCO,s3://datagen-dev/f5ddba02-4295-48d9-8ad5-ba8583871323/bc6ba36c-aa02-4630-a0ea-4150b9b69e36/Synthetic/4b353b96-6c71-408f-a429-7cb4971b0b43_flux_1789423910.png
s3://datagen-dev/f5ddba02-4295-48d9-8ad5-ba8583871323/bc6ba36c-aa02-4630-a0ea-4150b9b69e36/Synthetic/f234e33c-6827-40e1-a394-27f9fb7ba721_flux_1789425647.png,s3://datagen-dev/f5ddba02-4295-48d9-8ad5-ba8583871323/08788e35-b887-4d04-9a7f-40b900d15569/coco.json,COCO,s3://datagen-dev/f5ddba02-4295-48d9-8ad5-ba8583871323/bc6ba36c-aa02-4630-a0ea-4150b9b69e36/Synthetic/f234e33c-6827-40e1-a394-27f9fb7ba721_flux_1789425647.png
s3://datagen-dev/f5ddba02-4295-48d9-8ad5-ba8583871323/bc6ba36c-aa02-4630-a0ea-4150b9b69e36/Synthetic/edea646b-c110-4f92-8ed3-49ea8ec39534_flux_1789425655.png,s3://datagen-dev/f5ddba02-4295-48d9-8ad5-ba8583871323/08788e35-b887-4d04-9a7f-40b900d15569/coco.json,COCO,s3://datagen-dev/f5ddba02-4295-48d9-8ad5-ba8583871323/bc6ba36c-aa02-4630-a0ea-4150b9b69e36/Synthetic/edea646b-c110-4f92-8ed3-49ea8ec39534_flux_1789425655.png
s3://datagen-dev/f5ddba02-4295-48d9-8ad5-ba8583871323/bc6ba36c-aa02-4630-a0ea-4150b9b69e36/Synthetic/2de425a0-4dac-47b5-a2a6-1ae0ec81bd58_flux_1789425251.png,s3://datagen-dev/f5ddba02-4295-48d9-8ad5-ba8583871323/08788e35-b887-4d04-9a7f-40b900d15569/coco.json,COCO,s3://datagen-dev/f5ddba02-4295-48d9-8ad5-ba8583871323/bc6ba36c-aa02-4630-a0ea-4150b9b69e36/Synthetic/2de425a0-4dac-47b5-a2a6-1ae0ec81bd58_flux_1789425251.png
s3://datagen-dev/f5ddba02-4295-48d9-8ad5-ba8583871323/bc6ba36c-aa02-4630-a0ea-4150b9b69e36/Synthetic/b904734c-3471-4a6a-a2e4-b180aa9d3b9f_flux_1789423919.png,s3://datagen-dev/f5ddba02-4295-48d9-8ad5-ba8583871323/08788e35-b887-4d04-9a7f-40b900d15569/coco.json,COCO,s3://datagen-dev/f5ddba02-4295-48d9-8ad5-ba8583871323/bc6ba36c-aa02-4630-a0ea-4150b9b69e36/Synthetic/b904734c-3471-4a6a-a2e4-b180aa9d3b9f_flux_1789423919.png
s3://datagen-dev/f5ddba02-4295-48d9-8ad5-ba8583871323/bc6ba36c-aa02-4630-a0ea-4150b9b69e36/Synthetic/03c9b515-e61c-493f-90e3-d4834573fbaa_flux_1789426689.png,s3://datagen-dev/f5ddba02-4295-48d9-8ad5-ba8583871323/08788e35-b887-4d04-9a7f-40b900d15569/coco.json,COCO,s3://datagen-dev/f5ddba02-4295-48d9-8ad5-ba8583871323/bc6ba36c-aa02-4630-a0ea-4150b9b69e36/Synthetic/03c9b515-e61c-493f-90e3-d4834573fbaa_flux_1789426689.png
s3://datagen-dev/f5ddba02-4295-48d9-8ad5-ba8583871323/bc6ba36c-aa02-4630-a0ea-4150b9b69e36/Synthetic/d5043a07-529b-4ee1-8fb8-601c6dcf2918_flux_1789426762.png,s3://datagen-dev/f5ddba02-4295-48d9-8ad5-ba8583871323/08788e35-b887-4d04-9a7f-40b900d15569/coco.json,COCO,s3://datagen-dev/f5ddba02-4295-48d9-8ad5-ba8583871323/bc6ba36c-aa02-4630-a0ea-4150b9b69e36/Synthetic/d5043a07-529b-4ee1-8fb8-601c6dcf2918_flux_1789426762.png
s3://datagen-dev/f5ddba02-4295-48d9-8ad5-ba8583871323/bc6ba36c-aa02-4630-a0ea-4150b9b69e36/Synthetic/3d6300f2-5df5-4874-b625-07564411e057_flux_1789426178.png,s3://datagen-dev/f5ddba02-4295-48d9-8ad5-ba8583871323/08788e35-b887-4d04-9a7f-40b900d15569/coco.json,COCO,s3://datagen-dev/f5ddba02-4295-48d9-8ad5-ba8583871323/bc6ba36c-aa02-4630-a0ea-4150b9b69e36/Synthetic/3d6300f2-5df5-4874-b625-07564411e057_flux_1789426178.png
s3://datagen-dev/f5ddba02-4295-48d9-8ad5-ba8583871323/bc6ba36c-aa02-4630-a0ea-4150b9b69e36/Synthetic/52d9321d-e760-444b-83b2-210c21439229_flux_1789424216.png,s3://datagen-dev/f5ddba02-4295-48d9-8ad5-ba8583871323/08788e35-b887-4d04-9a7f-40b900d15569/coco.json,COCO,s3://datagen-dev/f5ddba02-4295-48d9-8ad5-ba8583871323/bc6ba36c-aa02-4630-a0ea-4150b9b69e36/Synthetic/52d9321d-e760-444b-83b2-210c21439229_flux_1789424216.png
s3://datagen-dev/f5ddba02-4295-48d9-8ad5-ba8583871323/bc6ba36c-aa02-4630-a0ea-4150b9b69e36/Synthetic/80bfa77c-ebfb-421a-a1d7-05ca86ed8b3c_flux_1789422772.png,s3://datagen-dev/f5ddba02-4295-48d9-8ad5-ba8583871323/08788e35-b887-4d04-9a7f-40b900d15569/coco.json,COCO,s3://datagen-dev/f5ddba02-4295-48d9-8ad5-ba8583871323/bc6ba36c-aa02-4630-a0ea-4150b9b69e36/Synthetic/80bfa77c-ebfb-421a-a1d7-05ca86ed8b3c_flux_1789422772.png
s3://datagen-dev/f5ddba02-4295-48d9-8ad5-ba8583871323/bc6ba36c-aa02-4630-a0ea-4150b9b69e36/Synthetic/39791777-cffa-49a7-b0b4-4b34663c899c_flux_1789425345.png,s3://datagen-dev/f5ddba02-4295-48d9-8ad5-ba8583871323/08788e35-b887-4d04-9a7f-40b900d15569/coco.json,COCO,s3://datagen-dev/f5ddba02-4295-48d9-8ad5-ba8583871323/bc6ba36c-aa02-4630-a0ea-4150b9b69e36/Synthetic/39791777-cffa-49a7-b0b4-4b34663c899c_flux_1789425345.png
s3://datagen-dev/f5ddba02-4295-48d9-8ad5-ba8583871323/bc6ba36c-aa02-4630-a0ea-4150b9b69e36/Synthetic/403425ad-7354-4649-b0c1-689dbc82061d_flux_1789424686.png,s3://datagen-dev/f5ddba02-4295-48d9-8ad5-ba8583871323/08788e35-b887-4d04-9a7f-40b900d15569/coco.json,COCO,s3://datagen-dev/f5ddba02-4295-48d9-8ad5-ba8583871323/bc6ba36c-aa02-4630-a0ea-4150b9b69e36/Synthetic/403425ad-7354-4649-b0c1-689dbc82061d_flux_1789424686.png
s3://datagen-dev/f5ddba02-4295-48d9-8ad5-ba8583871323/bc6ba36c-aa02-4630-a0ea-4150b9b69e36/Synthetic/60f91b7c-104e-48eb-aea3-124a5841d214_flux_1789425464.png,s3://datagen-dev/f5ddba02-4295-48d9-8ad5-ba8583871323/08788e35-b887-4d04-9a7f-40b900d15569/coco.json,COCO,s3://datagen-dev/f5ddba02-4295-48d9-8ad5-ba8583871323/bc6ba36c-aa02-4630-a0ea-4150b9b69e36/Synthetic/60f91b7c-104e-48eb-aea3-124a5841d214_flux_1789425464.png
s3://datagen-dev/f5ddba02-4295-48d9-8ad5-ba8583871323/bc6ba36c-aa02-4630-a0ea-4150b9b69e36/Synthetic/5bd834fe-a0b1-4820-8946-24e3c8e4c54e_flux_1789425700.png,s3://datagen-dev/f5ddba02-4295-48d9-8ad5-ba8583871323/08788e35-b887-4d04-9a7f-40b900d15569/coco.json,COCO,s3://datagen-dev/f5ddba02-4295-48d9-8ad5-ba8583871323/bc6ba36c-aa02-4630-a0ea-4150b9b69e36/Synthetic/5bd834fe-a0b1-4820-8946-24e3c8e4c54e_flux_1789425700.png
s3://datagen-dev/f5ddba02-4295-48d9-8ad5-ba8583871323/bc6ba36c-aa02-4630-a0ea-4150b9b69e36/Synthetic/f9f9bb66-617d-432b-b135-1cff1185723a_flux_1789424489.png,s3://datagen-dev/f5ddba02-4295-48d9-8ad5-ba8583871323/08788e35-b887-4d04-9a7f-40b900d15569/coco.json,COCO,s3://datagen-dev/f5ddba02-4295-48d9-8ad5-ba8583871323/bc6ba36c-aa02-4630-a0ea-4150b9b69e36/Synthetic/f9f9bb66-617d-432b-b135-1cff1185723a_flux_1789424489.png
s3://datagen-dev/f5ddba02-4295-48d9-8ad5-ba8583871323/bc6ba36c-aa02-4630-a0ea-4150b9b69e36/Synthetic/276218ea-6641-4f01-96d5-df129278fbfd_flux_1789423700.png,s3://datagen-dev/f5ddba02-4295-48d9-8ad5-ba8583871323/08788e35-b887-4d04-9a7f-40b900d15569/coco.json,COCO,s3://datagen-dev/f5ddba02-4295-48d9-8ad5-ba8583871323/bc6ba36c-aa02-4630-a0ea-4150b9b69e36/Synthetic/276218ea-6641-4f01-96d5-df129278fbfd_flux_1789423700.png
s3://datagen-dev/f5ddba02-4295-48d9-8ad5-ba8583871323/bc6ba36c-aa02-4630-a0ea-4150b9b69e36/Synthetic/0c948909-b2b8-4d2b-8294-070f04042c7b_flux_1789424253.png,s3://datagen-dev/f5ddba02-4295-48d9-8ad5-ba8583871323/08788e35-b887-4d04-9a7f-40b900d15569/coco.json,COCO,s3://datagen-dev/f5ddba02-4295-48d9-8ad5-ba8583871323/bc6ba36c-aa02-4630-a0ea-4150b9b69e36/Synthetic/0c948909-b2b8-4d2b-8294-070f04042c7b_flux_1789424253.png
s3://datagen-dev/f5ddba02-4295-48d9-8ad5-ba8583871323/bc6ba36c-aa02-4630-a0ea-4150b9b69e36/Synthetic/e67400b7-ad25-4f64-a43a-7a04be585854_flux_1789424538.png,s3://datagen-dev/f5ddba02-4295-48d9-8ad5-ba8583871323/08788e35-b887-4d04-9a7f-40b900d15569/coco.json,COCO,s3://datagen-dev/f5ddba02-4295-48d9-8ad5-ba8583871323/bc6ba36c-aa02-4630-a0ea-4150b9b69e36/Synthetic/e67400b7-ad25-4f64-a43a-7a04be585854_flux_1789424538.png
s3://datagen-dev/f5ddba02-4295-48d9-8ad5-ba8583871323/bc6ba36c-aa02-4630-a0ea-4150b9b69e36/Synthetic/bbaaed34-9756-4a39-a3fc-b7de860767a5_flux_1789424956.png,s3://datagen-dev/f5ddba02-4295-48d9-8ad5-ba8583871323/08788e35-b887-4d04-9a7f-40b900d15569/coco.json,COCO,s3://datagen-dev/f5ddba02-4295-48d9-8ad5-ba8583871323/bc6ba36c-aa02-4630-a0ea-4150b9b69e36/Synthetic/bbaaed34-9756-4a39-a3fc-b7de860767a5_flux_1789424956.png
s3://datagen-dev/f5ddba02-4295-48d9-8ad5-ba8583871323/bc6ba36c-aa02-4630-a0ea-4150b9b69e36/Synthetic/5df56ff7-424a-4945-bc87-dd5bcd72b5f4_flux_1789424616.png,s3://datagen-dev/f5ddba02-4295-48d9-8ad5-ba8583871323/08788e35-b887-4d04-9a7f-40b900d15569/coco.json,COCO,s3://datagen-dev/f5ddba02-4295-48d9-8ad5-ba8583871323/bc6ba36c-aa02-4630-a0ea-4150b9b69e36/Synthetic/5df56ff7-424a-4945-bc87-dd5bcd72b5f4_flux_1789424616.png
s3://datagen-dev/f5ddba02-4295-48d9-8ad5-ba8583871323/bc6ba36c-aa02-4630-a0ea-4150b9b69e36/Synthetic/48305c7d-ec2e-4f4c-97e4-5f0bd30374e6_flux_1789423040.png,s3://datagen-dev/f5ddba02-4295-48d9-8ad5-ba8583871323/08788e35-b887-4d04-9a7f-40b900d15569/coco.json,COCO,s3://datagen-dev/f5ddba02-4295-48d9-8ad5-ba8583871323/bc6ba36c-aa02-4630-a0ea-4150b9b69e36/Synthetic/48305c7d-ec2e-4f4c-97e4-5f0bd30374e6_flux_1789423040.png
s3://datagen-dev/f5ddba02-4295-48d9-8ad5-ba8583871323/bc6ba36c-aa02-4630-a0ea-4150b9b69e36/Synthetic/69975bd0-913f-41b8-bd07-647b1cf55b90_flux_1789423683.png,s3://datagen-dev/f5ddba02-4295-48d9-8ad5-ba8583871323/08788e35-b887-4d04-9a7f-40b900d15569/coco.json,COCO,s3://datagen-dev/f5ddba02-4295-48d9-8ad5-ba8583871323/bc6ba36c-aa02-4630-a0ea-4150b9b69e36/Synthetic/69975bd0-913f-41b8-bd07-647b1cf55b90_flux_1789423683.png
s3://datagen-dev/f5ddba02-4295-48d9-8ad5-ba8583871323/bc6ba36c-aa02-4630-a0ea-4150b9b69e36/Synthetic/fa763560-8335-4417-9d7c-9e886179c94a_flux_1789426384.png,s3://datagen-dev/f5ddba02-4295-48d9-8ad5-ba8583871323/08788e35-b887-4d04-9a7f-40b900d15569/coco.json,COCO,s3://datagen-dev/f5ddba02-4295-48d9-8ad5-ba8583871323/bc6ba36c-aa02-4630-a0ea-4150b9b69e36/Synthetic/fa763560-8335-4417-9d7c-9e886179c94a_flux_1789426384.png
s3://datagen-dev/f5ddba02-4295-48d9-8ad5-ba8583871323/bc6ba36c-aa02-4630-a0ea-4150b9b69e36/Synthetic/81f8e56d-ccd2-431f-984d-b6dcd0dee7f5_flux_1789426544.png,s3://datagen-dev/f5ddba02-4295-48d9-8ad5-ba8583871323/08788e35-b887-4d04-9a7f-40b900d15569/coco.json,COCO,s3://datagen-dev/f5ddba02-4295-48d9-8ad5-ba8583871323/bc6ba36c-aa02-4630-a0ea-4150b9b69e36/Synthetic/81f8e56d-ccd2-431f-984d-b6dcd0dee7f5_flux_1789426544.png
s3://datagen-dev/f5ddba02-4295-48d9-8ad5-ba8583871323/bc6ba36c-aa02-4630-a0ea-4150b9b69e36/Synthetic/1d0d1589-16f0-4c74-be7a-26eb49643f73_flux_1789424670.png,s3://datagen-dev/f5ddba02-4295-48d9-8ad5-ba8583871323/08788e35-b887-4d04-9a7f-40b900d15569/coco.json,COCO,s3://datagen-dev/f5ddba02-4295-48d9-8ad5-ba8583871323/bc6ba36c-aa02-4630-a0ea-4150b9b69e36/Synthetic/1d0d1589-16f0-4c74-be7a-26eb49643f73_flux_1789424670.png
s3://datagen-dev/f5ddba02-4295-48d9-8ad5-ba8583871323/bc6ba36c-aa02-4630-a0ea-4150b9b69e36/Synthetic/46c192af-9645-444e-919a-ec2016a5669a_flux_1789423411.png,s3://datagen-dev/f5ddba02-4295-48d9-8ad5-ba8583871323/08788e35-b887-4d04-9a7f-40b900d15569/coco.json,COCO,s3://datagen-dev/f5ddba02-4295-48d9-8ad5-ba8583871323/bc6ba36c-aa02-4630-a0ea-4150b9b69e36/Synthetic/46c192af-9645-444e-919a-ec2016a5669a_flux_1789423411.png
s3://datagen-dev/f5ddba02-4295-48d9-8ad5-ba8583871323/bc6ba36c-aa02-4630-a0ea-4150b9b69e36/Synthetic/8d091bab-c034-456f-af35-02fb2600d4fe_flux_1789424431.png,s3://datagen-dev/f5ddba02-4295-48d9-8ad5-ba8583871323/08788e35-b887-4d04-9a7f-40b900d15569/coco.json,COCO,s3://datagen-dev/f5ddba02-4295-48d9-8ad5-ba8583871323/bc6ba36c-aa02-4630-a0ea-4150b9b69e36/Synthetic/8d091bab-c034-456f-af35-02fb2600d4fe_flux_1789424431.png
s3://datagen-dev/f5ddba02-4295-48d9-8ad5-ba8583871323/bc6ba36c-aa02-4630-a0ea-4150b9b69e36/Synthetic/608e4402-d7d5-4c9d-9305-e230c4bbd69d_flux_1789424501.png,s3://datagen-dev/f5ddba02-4295-48d9-8ad5-ba8583871323/08788e35-b887-4d04-9a7f-40b900d15569/coco.json,COCO,s3://datagen-dev/f5ddba02-4295-48d9-8ad5-ba8583871323/bc6ba36c-aa02-4630-a0ea-4150b9b69e36/Synthetic/608e4402-d7d5-4c9d-9305-e230c4bbd69d_flux_1789424501.png
s3://datagen-dev/f5ddba02-4295-48d9-8ad5-ba8583871323/bc6ba36c-aa02-4630-a0ea-4150b9b69e36/Synthetic/7a25d40b-2125-41d9-a5b8-e51e644db626_flux_1789426334.png,s3://datagen-dev/f5ddba02-4295-48d9-8ad5-ba8583871323/08788e35-b887-4d04-9a7f-40b900d15569/coco.json,COCO,s3://datagen-dev/f5ddba02-4295-48d9-8ad5-ba8583871323/bc6ba36c-aa02-4630-a0ea-4150b9b69e36/Synthetic/7a25d40b-2125-41d9-a5b8-e51e644db626_flux_1789426334.png
s3://datagen-dev/f5ddba02-4295-48d9-8ad5-ba8583871323/bc6ba36c-aa02-4630-a0ea-4150b9b69e36/Synthetic/a77942c8-e309-4928-9b02-193e4982ebb4_flux_1789425168.png,s3://datagen-dev/f5ddba02-4295-48d9-8ad5-ba8583871323/08788e35-b887-4d04-9a7f-40b900d15569/coco.json,COCO,s3://datagen-dev/f5ddba02-4295-48d9-8ad5-ba8583871323/bc6ba36c-aa02-4630-a0ea-4150b9b69e36/Synthetic/a77942c8-e309-4928-9b02-193e4982ebb4_flux_1789425168.png
s3://datagen-dev/f5ddba02-4295-48d9-8ad5-ba8583871323/bc6ba36c-aa02-4630-a0ea-4150b9b69e36/Synthetic/02d91436-111a-4f0f-a1f3-e5f4cce4c2bc_flux_1789425242.png,s3://datagen-dev/f5ddba02-4295-48d9-8ad5-ba8583871323/08788e35-b887-4d04-9a7f-40b900d15569/coco.json,COCO,s3://datagen-dev/f5ddba02-4295-48d9-8ad5-ba8583871323/bc6ba36c-aa02-4630-a0ea-4150b9b69e36/Synthetic/02d91436-111a-4f0f-a1f3-e5f4cce4c2bc_flux_1789425242.png
s3://datagen-dev/f5ddba02-4295-48d9-8ad5-ba8583871323/bc6ba36c-aa02-4630-a0ea-4150b9b69e36/Synthetic/a2a7a1c1-6675-4d41-bc3c-dcad58ae96b8_flux_1789423316.png,s3://datagen-dev/f5ddba02-4295-48d9-8ad5-ba8583871323/08788e35-b887-4d04-9a7f-40b900d15569/coco.json,COCO,s3://datagen-dev/f5ddba02-4295-48d9-8ad5-ba8583871323/bc6ba36c-aa02-4630-a0ea-4150b9b69e36/Synthetic/a2a7a1c1-6675-4d41-bc3c-dcad58ae96b8_flux_1789423316.png
s3://datagen-dev/f5ddba02-4295-48d9-8ad5-ba8583871323/bc6ba36c-aa02-4630-a0ea-4150b9b69e36/Synthetic/c61a5bf7-a0cd-4f70-8b1c-cecc7fb8f513_flux_1789425279.png,s3://datagen-dev/f5ddba02-4295-48d9-8ad5-ba8583871323/08788e35-b887-4d04-9a7f-40b900d15569/coco.json,COCO,s3://datagen-dev/f5ddba02-4295-48d9-8ad5-ba8583871323/bc6ba36c-aa02-4630-a0ea-4150b9b69e36/Synthetic/c61a5bf7-a0cd-4f70-8b1c-cecc7fb8f513_flux_1789425279.png
s3://datagen-dev/f5ddba02-4295-48d9-8ad5-ba8583871323/bc6ba36c-aa02-4630-a0ea-4150b9b69e36/Synthetic/da264524-e4da-4124-825d-bd42503b8ee1_flux_1789425238.png,s3://datagen-dev/f5ddba02-4295-48d9-8ad5-ba8583871323/08788e35-b887-4d04-9a7f-40b900d15569/coco.json,COCO,s3://datagen-dev/f5ddba02-4295-48d9-8ad5-ba8583871323/bc6ba36c-aa02-4630-a0ea-4150b9b69e36/Synthetic/da264524-e4da-4124-825d-bd42503b8ee1_flux_1789425238.png
s3://datagen-dev/f5ddba02-4295-48d9-8ad5-ba8583871323/bc6ba36c-aa02-4630-a0ea-4150b9b69e36/Synthetic/883c9e72-6b6e-417c-821e-a78e44fdf9de_flux_1789425606.png,s3://datagen-dev/f5ddba02-4295-48d9-8ad5-ba8583871323/08788e35-b887-4d04-9a7f-40b900d15569/coco.json,COCO,s3://datagen-dev/f5ddba02-4295-48d9-8ad5-ba8583871323/bc6ba36c-aa02-4630-a0ea-4150b9b69e36/Synthetic/883c9e72-6b6e-417c-821e-a78e44fdf9de_flux_1789425606.png
s3://datagen-dev/f5ddba02-4295-48d9-8ad5-ba8583871323/bc6ba36c-aa02-4630-a0ea-4150b9b69e36/Synthetic/3fb8cbb1-0356-443f-a996-a90cb7a73170_flux_1789424484.png,s3://datagen-dev/f5ddba02-4295-48d9-8ad5-ba8583871323/08788e35-b887-4d04-9a7f-40b900d15569/coco.json,COCO,s3://datagen-dev/f5ddba02-4295-48d9-8ad5-ba8583871323/bc6ba36c-aa02-4630-a0ea-4150b9b69e36/Synthetic/3fb8cbb1-0356-443f-a996-a90cb7a73170_flux_1789424484.png
s3://datagen-dev/f5ddba02-4295-48d9-8ad5-ba8583871323/bc6ba36c-aa02-4630-a0ea-4150b9b69e36/Synthetic/7c00233f-7d70-48cf-ae9a-96e22a4ba5b9_flux_1789424542.png,s3://datagen-dev/f5ddba02-4295-48d9-8ad5-ba8583871323/08788e35-b887-4d04-9a7f-40b900d15569/coco.json,COCO,s3://datagen-dev/f5ddba02-4295-48d9-8ad5-ba8583871323/bc6ba36c-aa02-4630-a0ea-4150b9b69e36/Synthetic/7c00233f-7d70-48cf-ae9a-96e22a4ba5b9_flux_1789424542.png
s3://datagen-dev/f5ddba02-4295-48d9-8ad5-ba8583871323/bc6ba36c-aa02-4630-a0ea-4150b9b69e36/Synthetic/060f9886-dc4e-4a03-ac42-7189d335c577_flux_1789424104.png,s3://datagen-dev/f5ddba02-4295-48d9-8ad5-ba8583871323/08788e35-b887-4d04-9a7f-40b900d15569/coco.json,COCO,s3://datagen-dev/f5ddba02-4295-48d9-8ad5-ba8583871323/bc6ba36c-aa02-4630-a0ea-4150b9b69e36/Synthetic/060f9886-dc4e-4a03-ac42-7189d335c577_flux_1789424104.png
s3://datagen-dev/f5ddba02-4295-48d9-8ad5-ba8583871323/bc6ba36c-aa02-4630-a0ea-4150b9b69e36/Synthetic/9ac5e401-ad61-4098-8021-a64ffab715a6_flux_1789423869.png,s3://datagen-dev/f5ddba02-4295-48d9-8ad5-ba8583871323/08788e35-b887-4d04-9a7f-40b900d15569/coco.json,COCO,s3://datagen-dev/f5ddba02-4295-48d9-8ad5-ba8583871323/bc6ba36c-aa02-4630-a0ea-4150b9b69e36/Synthetic/9ac5e401-ad61-4098-8021-a64ffab715a6_flux_1789423869.png
s3://datagen-dev/f5ddba02-4295-48d9-8ad5-ba8583871323/bc6ba36c-aa02-4630-a0ea-4150b9b69e36/Synthetic/bc3a6107-768a-4354-93ef-351898579b5d_flux_1789423778.png,s3://datagen-dev/f5ddba02-4295-48d9-8ad5-ba8583871323/08788e35-b887-4d04-9a7f-40b900d15569/coco.json,COCO,s3://datagen-dev/f5ddba02-4295-48d9-8ad5-ba8583871323/bc6ba36c-aa02-4630-a0ea-4150b9b69e36/Synthetic/bc3a6107-768a-4354-93ef-351898579b5d_flux_1789423778.png
s3://datagen-dev/f5ddba02-4295-48d9-8ad5-ba8583871323/bc6ba36c-aa02-4630-a0ea-4150b9b69e36/Synthetic/2e960c0d-65d8-4e8c-a419-95481a0aa56e_flux_1789424377.png,s3://datagen-dev/f5ddba02-4295-48d9-8ad5-ba8583871323/08788e35-b887-4d04-9a7f-40b900d15569/coco.json,COCO,s3://datagen-dev/f5ddba02-4295-48d9-8ad5-ba8583871323/bc6ba36c-aa02-4630-a0ea-4150b9b69e36/Synthetic/2e960c0d-65d8-4e8c-a419-95481a0aa56e_flux_1789424377.png
s3://datagen-dev/f5ddba02-4295-48d9-8ad5-ba8583871323/bc6ba36c-aa02-4630-a0ea-4150b9b69e36/Synthetic/66cacc5d-b207-41a4-9571-87a815fab516_flux_1789424920.png,s3://datagen-dev/f5ddba02-4295-48d9-8ad5-ba8583871323/08788e35-b887-4d04-9a7f-40b900d15569/coco.json,COCO,s3://datagen-dev/f5ddba02-4295-48d9-8ad5-ba8583871323/bc6ba36c-aa02-4630-a0ea-4150b9b69e36/Synthetic/66cacc5d-b207-41a4-9571-87a815fab516_flux_1789424920.png
s3://datagen-dev/f5ddba02-4295-48d9-8ad5-ba8583871323/bc6ba36c-aa02-4630-a0ea-4150b9b69e36/Synthetic/3424ff29-2add-4a0c-96f5-7be9fb705e8c_flux_1789425148.png,s3://datagen-dev/f5ddba02-4295-48d9-8ad5-ba8583871323/08788e35-b887-4d04-9a7f-40b900d15569/coco.json,COCO,s3://datagen-dev/f5ddba02-4295-48d9-8ad5-ba8583871323/bc6ba36c-aa02-4630-a0ea-4150b9b69e36/Synthetic/3424ff29-2add-4a0c-96f5-7be9fb705e8c_flux_1789425148.png
s3://datagen-dev/f5ddba02-4295-48d9-8ad5-ba8583871323/bc6ba36c-aa02-4630-a0ea-4150b9b69e36/Synthetic/013dd2ec-e811-4b60-811c-79b3b4f9dc02_flux_1789425873.png,s3://datagen-dev/f5ddba02-4295-48d9-8ad5-ba8583871323/08788e35-b887-4d04-9a7f-40b900d15569/coco.json,COCO,s3://datagen-dev/f5ddba02-4295-48d9-8ad5-ba8583871323/bc6ba36c-aa02-4630-a0ea-4150b9b69e36/Synthetic/013dd2ec-e811-4b60-811c-79b3b4f9dc02_flux_1789425873.png
s3://datagen-dev/f5ddba02-4295-48d9-8ad5-ba8583871323/bc6ba36c-aa02-4630-a0ea-4150b9b69e36/Synthetic/d8daa74b-e266-401a-9faf-d22c0fd3d1f6_flux_1789423386.png,s3://datagen-dev/f5ddba02-4295-48d9-8ad5-ba8583871323/08788e35-b887-4d04-9a7f-40b900d15569/coco.json,COCO,s3://datagen-dev/f5ddba02-4295-48d9-8ad5-ba8583871323/bc6ba36c-aa02-4630-a0ea-4150b9b69e36/Synthetic/d8daa74b-e266-401a-9faf-d22c0fd3d1f6_flux_1789423386.png
s3://datagen-dev/f5ddba02-4295-48d9-8ad5-ba8583871323/bc6ba36c-aa02-4630-a0ea-4150b9b69e36/Synthetic/dfef9f1b-9259-4be9-804c-0b67975beee1_flux_1789424418.png,s3://datagen-dev/f5ddba02-4295-48d9-8ad5-ba8583871323/08788e35-b887-4d04-9a7f-40b900d15569/coco.json,COCO,s3://datagen-dev/f5ddba02-4295-48d9-8ad5-ba8583871323/bc6ba36c-aa02-4630-a0ea-4150b9b69e36/Synthetic/dfef9f1b-9259-4be9-804c-0b67975beee1_flux_1789424418.png
s3://datagen-dev/f5ddba02-4295-48d9-8ad5-ba8583871323/bc6ba36c-aa02-4630-a0ea-4150b9b69e36/Synthetic/4b63ac20-130c-452f-8b9d-d67dcf3d7704_flux_1789423749.png,s3://datagen-dev/f5ddba02-4295-48d9-8ad5-ba8583871323/08788e35-b887-4d04-9a7f-40b900d15569/coco.json,COCO,s3://datagen-dev/f5ddba02-4295-48d9-8ad5-ba8583871323/bc6ba36c-aa02-4630-a0ea-4150b9b69e36/Synthetic/4b63ac20-130c-452f-8b9d-d67dcf3d7704_flux_1789423749.png
s3://datagen-dev/f5ddba02-4295-48d9-8ad5-ba8583871323/bc6ba36c-aa02-4630-a0ea-4150b9b69e36/Synthetic/80178c90-8b2a-49d2-93cd-29a59078ada8_flux_1789424402.png,s3://datagen-dev/f5ddba02-4295-48d9-8ad5-ba8583871323/08788e35-b887-4d04-9a7f-40b900d15569/coco.json,COCO,s3://datagen-dev/f5ddba02-4295-48d9-8ad5-ba8583871323/bc6ba36c-aa02-4630-a0ea-4150b9b69e36/Synthetic/80178c90-8b2a-49d2-93cd-29a59078ada8_flux_1789424402.png
s3://datagen-dev/f5ddba02-4295-48d9-8ad5-ba8583871323/bc6ba36c-aa02-4630-a0ea-4150b9b69e36/Synthetic/9e7be853-7e1c-40f0-9d8f-bc3c4eda2901_flux_1789426244.png,s3://datagen-dev/f5ddba02-4295-48d9-8ad5-ba8583871323/08788e35-b887-4d04-9a7f-40b900d15569/coco.json,COCO,s3://datagen-dev/f5ddba02-4295-48d9-8ad5-ba8583871323/bc6ba36c-aa02-4630-a0ea-4150b9b69e36/Synthetic/9e7be853-7e1c-40f0-9d8f-bc3c4eda2901_flux_1789426244.png
s3://datagen-dev/f5ddba02-4295-48d9-8ad5-ba8583871323/bc6ba36c-aa02-4630-a0ea-4150b9b69e36/Synthetic/740e2534-5f63-49dd-a99d-5f1b0da5a435_flux_1789424764.png,s3://datagen-dev/f5ddba02-4295-48d9-8ad5-ba8583871323/08788e35-b887-4d04-9a7f-40b900d15569/coco.json,COCO,s3://datagen-dev/f5ddba02-4295-48d9-8ad5-ba8583871323/bc6ba36c-aa02-4630-a0ea-4150b9b69e36/Synthetic/740e2534-5f63-49dd-a99d-5f1b0da5a435_flux_1789424764.png
s3://datagen-dev/f5ddba02-4295-48d9-8ad5-ba8583871323/bc6ba36c-aa02-4630-a0ea-4150b9b69e36/Synthetic/2d751f89-3ca1-4425-b0c1-97c54d73edd9_flux_1789426503.png,s3://datagen-dev/f5ddba02-4295-48d9-8ad5-ba8583871323/08788e35-b887-4d04-9a7f-40b900d15569/coco.json,COCO,s3://datagen-dev/f5ddba02-4295-48d9-8ad5-ba8583871323/bc6ba36c-aa02-4630-a0ea-4150b9b69e36/Synthetic/2d751f89-3ca1-4425-b0c1-97c54d73edd9_flux_1789426503.png
s3://datagen-dev/f5ddba02-4295-48d9-8ad5-ba8583871323/bc6ba36c-aa02-4630-a0ea-4150b9b69e36/Synthetic/c01796af-43d7-4c6c-bd0f-034b2dd46c53_flux_1789423245.png,s3://datagen-dev/f5ddba02-4295-48d9-8ad5-ba8583871323/08788e35-b887-4d04-9a7f-40b900d15569/coco.json,COCO,s3://datagen-dev/f5ddba02-4295-48d9-8ad5-ba8583871323/bc6ba36c-aa02-4630-a0ea-4150b9b69e36/Synthetic/c01796af-43d7-4c6c-bd0f-034b2dd46c53_flux_1789423245.png
s3://datagen-dev/f5ddba02-4295-48d9-8ad5-ba8583871323/bc6ba36c-aa02-4630-a0ea-4150b9b69e36/Synthetic/e6fd302d-80c6-4f36-b81f-e54f41c9cf5b_flux_1789422686.png,s3://datagen-dev/f5ddba02-4295-48d9-8ad5-ba8583871323/08788e35-b887-4d04-9a7f-40b900d15569/coco.json,COCO,s3://datagen-dev/f5ddba02-4295-48d9-8ad5-ba8583871323/bc6ba36c-aa02-4630-a0ea-4150b9b69e36/Synthetic/e6fd302d-80c6-4f36-b81f-e54f41c9cf5b_flux_1789422686.png
s3://datagen-dev/f5ddba02-4295-48d9-8ad5-ba8583871323/bc6ba36c-aa02-4630-a0ea-4150b9b69e36/Synthetic/6d407b45-2f14-4ffb-afac-d70901a8e04d_flux_1789424166.png,s3://datagen-dev/f5ddba02-4295-48d9-8ad5-ba8583871323/08788e35-b887-4d04-9a7f-40b900d15569/coco.json,COCO,s3://datagen-dev/f5ddba02-4295-48d9-8ad5-ba8583871323/bc6ba36c-aa02-4630-a0ea-4150b9b69e36/Synthetic/6d407b45-2f14-4ffb-afac-d70901a8e04d_flux_1789424166.png
s3://datagen-dev/f5ddba02-4295-48d9-8ad5-ba8583871323/bc6ba36c-aa02-4630-a0ea-4150b9b69e36/Synthetic/183962d8-19e7-4ae2-9054-0111428fea47_flux_1789425638.png,s3://datagen-dev/f5ddba02-4295-48d9-8ad5-ba8583871323/08788e35-b887-4d04-9a7f-40b900d15569/coco.json,COCO,s3://datagen-dev/f5ddba02-4295-48d9-8ad5-ba8583871323/bc6ba36c-aa02-4630-a0ea-4150b9b69e36/Synthetic/183962d8-19e7-4ae2-9054-0111428fea47_flux_1789425638.png
s3://datagen-dev/f5ddba02-4295-48d9-8ad5-ba8583871323/bc6ba36c-aa02-4630-a0ea-4150b9b69e36/Synthetic/9c72a73a-218a-4b86-96e4-638a815ae65d_flux_1789423213.png,s3://datagen-dev/f5ddba02-4295-48d9-8ad5-ba8583871323/08788e35-b887-4d04-9a7f-40b900d15569/coco.json,COCO,s3://datagen-dev/f5ddba02-4295-48d9-8ad5-ba8583871323/bc6ba36c-aa02-4630-a0ea-4150b9b69e36/Synthetic/9c72a73a-218a-4b86-96e4-638a815ae65d_flux_1789423213.png
s3://datagen-dev/f5ddba02-4295-48d9-8ad5-ba8583871323/bc6ba36c-aa02-4630-a0ea-4150b9b69e36/Synthetic/49a96443-e797-485a-9bf6-6fc74a138685_flux_1789423336.png,s3://datagen-dev/f5ddba02-4295-48d9-8ad5-ba8583871323/08788e35-b887-4d04-9a7f-40b900d15569/coco.json,COCO,s3://datagen-dev/f5ddba02-4295-48d9-8ad5-ba8583871323/bc6ba36c-aa02-4630-a0ea-4150b9b69e36/Synthetic/49a96443-e797-485a-9bf6-6fc74a138685_flux_1789423336.png
s3://datagen-dev/f5ddba02-4295-48d9-8ad5-ba8583871323/bc6ba36c-aa02-4630-a0ea-4150b9b69e36/Synthetic/24d125b7-ca20-4a49-a5c9-0e18bc7de537_flux_1789423708.png,s3://datagen-dev/f5ddba02-4295-48d9-8ad5-ba8583871323/08788e35-b887-4d04-9a7f-40b900d15569/coco.json,COCO,s3://datagen-dev/f5ddba02-4295-48d9-8ad5-ba8583871323/bc6ba36c-aa02-4630-a0ea-4150b9b69e36/Synthetic/24d125b7-ca20-4a49-a5c9-0e18bc7de537_flux_1789423708.png
s3://datagen-dev/f5ddba02-4295-48d9-8ad5-ba8583871323/bc6ba36c-aa02-4630-a0ea-4150b9b69e36/Synthetic/f2b4e6a9-e835-453f-9ebf-6c4269491f33_flux_1789423626.png,s3://datagen-dev/f5ddba02-4295-48d9-8ad5-ba8583871323/08788e35-b887-4d04-9a7f-40b900d15569/coco.json,COCO,s3://datagen-dev/f5ddba02-4295-48d9-8ad5-ba8583871323/bc6ba36c-aa02-4630-a0ea-4150b9b69e36/Synthetic/f2b4e6a9-e835-453f-9ebf-6c4269491f33_flux_1789423626.png
s3://datagen-dev/f5ddba02-4295-48d9-8ad5-ba8583871323/bc6ba36c-aa02-4630-a0ea-4150b9b69e36/Synthetic/d833be87-8891-4478-ba1e-afb92e2935d3_flux_1789423456.png,s3://datagen-dev/f5ddba02-4295-48d9-8ad5-ba8583871323/08788e35-b887-4d04-9a7f-40b900d15569/coco.json,COCO,s3://datagen-dev/f5ddba02-4295-48d9-8ad5-ba8583871323/bc6ba36c-aa02-4630-a0ea-4150b9b69e36/Synthetic/d833be87-8891-4478-ba1e-afb92e2935d3_flux_1789423456.png
s3://datagen-dev/f5ddba02-4295-48d9-8ad5-ba8583871323/bc6ba36c-aa02-4630-a0ea-4150b9b69e36/Synthetic/08c50d2a-defe-44ea-868a-7e25864ee718_flux_1789425577.png,s3://datagen-dev/f5ddba02-4295-48d9-8ad5-ba8583871323/08788e35-b887-4d04-9a7f-40b900d15569/coco.json,COCO,s3://datagen-dev/f5ddba02-4295-48d9-8ad5-ba8583871323/bc6ba36c-aa02-4630-a0ea-4150b9b69e36/Synthetic/08c50d2a-defe-44ea-868a-7e25864ee718_flux_1789425577.png
s3://datagen-dev/f5ddba02-4295-48d9-8ad5-ba8583871323/bc6ba36c-aa02-4630-a0ea-4150b9b69e36/Synthetic/d143c32d-8ffe-4c9d-97be-f458cf4acbfa_flux_1789423980.png,s3://datagen-dev/f5ddba02-4295-48d9-8ad5-ba8583871323/08788e35-b887-4d04-9a7f-40b900d15569/coco.json,COCO,s3://datagen-dev/f5ddba02-4295-48d9-8ad5-ba8583871323/bc6ba36c-aa02-4630-a0ea-4150b9b69e36/Synthetic/d143c32d-8ffe-4c9d-97be-f458cf4acbfa_flux_1789423980.png
s3://datagen-dev/f5ddba02-4295-48d9-8ad5-ba8583871323/bc6ba36c-aa02-4630-a0ea-4150b9b69e36/Synthetic/a7d275a0-5c5e-44a3-b085-fe44cd4dac76_flux_1789424063.png,s3://datagen-dev/f5ddba02-4295-48d9-8ad5-ba8583871323/08788e35-b887-4d04-9a7f-40b900d15569/coco.json,COCO,s3://datagen-dev/f5ddba02-4295-48d9-8ad5-ba8583871323/bc6ba36c-aa02-4630-a0ea-4150b9b69e36/Synthetic/a7d275a0-5c5e-44a3-b085-fe44cd4dac76_flux_1789424063.png
s3://datagen-dev/f5ddba02-4295-48d9-8ad5-ba8583871323/bc6ba36c-aa02-4630-a0ea-4150b9b69e36/Synthetic/8ba64c05-5bba-4736-bf3a-c93624ea6466_flux_1789426606.png,s3://datagen-dev/f5ddba02-4295-48d9-8ad5-ba8583871323/08788e35-b887-4d04-9a7f-40b900d15569/coco.json,COCO,s3://datagen-dev/f5ddba02-4295-48d9-8ad5-ba8583871323/bc6ba36c-aa02-4630-a0ea-4150b9b69e36/Synthetic/8ba64c05-5bba-4736-bf3a-c93624ea6466_flux_1789426606.png
s3://datagen-dev/f5ddba02-4295-48d9-8ad5-ba8583871323/bc6ba36c-aa02-4630-a0ea-4150b9b69e36/Synthetic/538d603a-4edd-47e0-8c1d-84f222346dda_flux_1789424162.png,s3://datagen-dev/f5ddba02-4295-48d9-8ad5-ba8583871323/08788e35-b887-4d04-9a7f-40b900d15569/coco.json,COCO,s3://datagen-dev/f5ddba02-4295-48d9-8ad5-ba8583871323/bc6ba36c-aa02-4630-a0ea-4150b9b69e36/Synthetic/538d603a-4edd-47e0-8c1d-84f222346dda_flux_1789424162.png
s3://datagen-dev/f5ddba02-4295-48d9-8ad5-ba8583871323/bc6ba36c-aa02-4630-a0ea-4150b9b69e36/Synthetic/6be2fdcd-8afb-4659-9e06-3501504fef03_flux_1789424493.png,s3://datagen-dev/f5ddba02-4295-48d9-8ad5-ba8583871323/08788e35-b887-4d04-9a7f-40b900d15569/coco.json,COCO,s3://datagen-dev/f5ddba02-4295-48d9-8ad5-ba8583871323/bc6ba36c-aa02-4630-a0ea-4150b9b69e36/Synthetic/6be2fdcd-8afb-4659-9e06-3501504fef03_flux_1789424493.png
s3://datagen-dev/f5ddba02-4295-48d9-8ad5-ba8583871323/bc6ba36c-aa02-4630-a0ea-4150b9b69e36/Synthetic/7a426995-16d7-4152-a251-6f53c537aef6_flux_1789423597.png,s3://datagen-dev/f5ddba02-4295-48d9-8ad5-ba8583871323/08788e35-b887-4d04-9a7f-40b900d15569/coco.json,COCO,s3://datagen-dev/f5ddba02-4295-48d9-8ad5-ba8583871323/bc6ba36c-aa02-4630-a0ea-4150b9b69e36/Synthetic/7a426995-16d7-4152-a251-6f53c537aef6_flux_1789423597.png
s3://datagen-dev/f5ddba02-4295-48d9-8ad5-ba8583871323/bc6ba36c-aa02-4630-a0ea-4150b9b69e36/Synthetic/2b310d1b-09e3-47d1-ab5a-713ee5f07248_flux_1789423135.png,s3://datagen-dev/f5ddba02-4295-48d9-8ad5-ba8583871323/08788e35-b887-4d04-9a7f-40b900d15569/coco.json,COCO,s3://datagen-dev/f5ddba02-4295-48d9-8ad5-ba8583871323/bc6ba36c-aa02-4630-a0ea-4150b9b69e36/Synthetic/2b310d1b-09e3-47d1-ab5a-713ee5f07248_flux_1789423135.png
s3://datagen-dev/f5ddba02-4295-48d9-8ad5-ba8583871323/bc6ba36c-aa02-4630-a0ea-4150b9b69e36/Synthetic/77650b73-1f96-4e84-b9e7-9a208cb40df1_flux_1789425696.png,s3://datagen-dev/f5ddba02-4295-48d9-8ad5-ba8583871323/08788e35-b887-4d04-9a7f-40b900d15569/coco.json,COCO,s3://datagen-dev/f5ddba02-4295-48d9-8ad5-ba8583871323/bc6ba36c-aa02-4630-a0ea-4150b9b69e36/Synthetic/77650b73-1f96-4e84-b9e7-9a208cb40df1_flux_1789425696.png
s3://datagen-dev/f5ddba02-4295-48d9-8ad5-ba8583871323/bc6ba36c-aa02-4630-a0ea-4150b9b69e36/Synthetic/68409138-f76b-424b-a9f0-369497204078_flux_1789425062.png,s3://datagen-dev/f5ddba02-4295-48d9-8ad5-ba8583871323/08788e35-b887-4d04-9a7f-40b900d15569/coco.json,COCO,s3://datagen-dev/f5ddba02-4295-48d9-8ad5-ba8583871323/bc6ba36c-aa02-4630-a0ea-4150b9b69e36/Synthetic/68409138-f76b-424b-a9f0-369497204078_flux_1789425062.png
s3://datagen-dev/f5ddba02-4295-48d9-8ad5-ba8583871323/bc6ba36c-aa02-4630-a0ea-4150b9b69e36/Synthetic/db027e77-835b-48c6-8dd7-6d61ef361cf1_flux_1789425382.png,s3://datagen-dev/f5ddba02-4295-48d9-8ad5-ba8583871323/08788e35-b887-4d04-9a7f-40b900d15569/coco.json,COCO,s3://datagen-dev/f5ddba02-4295-48d9-8ad5-ba8583871323/bc6ba36c-aa02-4630-a0ea-4150b9b69e36/Synthetic/db027e77-835b-48c6-8dd7-6d61ef361cf1_flux_1789425382.png
s3://datagen-dev/f5ddba02-4295-48d9-8ad5-ba8583871323/bc6ba36c-aa02-4630-a0ea-4150b9b69e36/Synthetic/12b6a35f-04b5-4ce8-b6c8-fda42738edd1_flux_1789426672.png,s3://datagen-dev/f5ddba02-4295-48d9-8ad5-ba8583871323/08788e35-b887-4d04-9a7f-40b900d15569/coco.json,COCO,s3://datagen-dev/f5ddba02-4295-48d9-8ad5-ba8583871323/bc6ba36c-aa02-4630-a0ea-4150b9b69e36/Synthetic/12b6a35f-04b5-4ce8-b6c8-fda42738edd1_flux_1789426672.png
s3://datagen-dev/f5ddba02-4295-48d9-8ad5-ba8583871323/bc6ba36c-aa02-4630-a0ea-4150b9b69e36/Synthetic/5fd7fdea-0b7e-4e28-bb46-eff1084a89ac_flux_1789426668.png,s3://datagen-dev/f5ddba02-4295-48d9-8ad5-ba8583871323/08788e35-b887-4d04-9a7f-40b900d15569/coco.json,COCO,s3://datagen-dev/f5ddba02-4295-48d9-8ad5-ba8583871323/bc6ba36c-aa02-4630-a0ea-4150b9b69e36/Synthetic/5fd7fdea-0b7e-4e28-bb46-eff1084a89ac_flux_1789426668.png
s3://datagen-dev/f5ddba02-4295-48d9-8ad5-ba8583871323/bc6ba36c-aa02-4630-a0ea-4150b9b69e36/Synthetic/961755c1-0c75-4b18-80e2-feb782e84784_flux_1789423617.png,s3://datagen-dev/f5ddba02-4295-48d9-8ad5-ba8583871323/08788e35-b887-4d04-9a7f-40b900d15569/coco.json,COCO,s3://datagen-dev/f5ddba02-4295-48d9-8ad5-ba8583871323/bc6ba36c-aa02-4630-a0ea-4150b9b69e36/Synthetic/961755c1-0c75-4b18-80e2-feb782e84784_flux_1789423617.png
s3://datagen-dev/f5ddba02-4295-48d9-8ad5-ba8583871323/bc6ba36c-aa02-4630-a0ea-4150b9b69e36/Synthetic/2710a59c-f1ce-4141-b1e4-798c835b13b6_flux_1789422698.png,s3://datagen-dev/f5ddba02-4295-48d9-8ad5-ba8583871323/08788e35-b887-4d04-9a7f-40b900d15569/coco.json,COCO,s3://datagen-dev/f5ddba02-4295-48d9-8ad5-ba8583871323/bc6ba36c-aa02-4630-a0ea-4150b9b69e36/Synthetic/2710a59c-f1ce-4141-b1e4-798c835b13b6_flux_1789422698.png
s3://datagen-dev/f5ddba02-4295-48d9-8ad5-ba8583871323/bc6ba36c-aa02-4630-a0ea-4150b9b69e36/Synthetic/27fb9484-1dd6-429f-accf-9ee44d96aaba_flux_1789423184.png,s3://datagen-dev/f5ddba02-4295-48d9-8ad5-ba8583871323/08788e35-b887-4d04-9a7f-40b900d15569/coco.json,COCO,s3://datagen-dev/f5ddba02-4295-48d9-8ad5-ba8583871323/bc6ba36c-aa02-4630-a0ea-4150b9b69e36/Synthetic/27fb9484-1dd6-429f-accf-9ee44d96aaba_flux_1789423184.png
s3://datagen-dev/f5ddba02-4295-48d9-8ad5-ba8583871323/bc6ba36c-aa02-4630-a0ea-4150b9b69e36/Synthetic/4dbfb96f-79f3-4e59-aa20-25723c5201f1_flux_1789423877.png,s3://datagen-dev/f5ddba02-4295-48d9-8ad5-ba8583871323/08788e35-b887-4d04-9a7f-40b900d15569/coco.json,COCO,s3://datagen-dev/f5ddba02-4295-48d9-8ad5-ba8583871323/bc6ba36c-aa02-4630-a0ea-4150b9b69e36/Synthetic/4dbfb96f-79f3-4e59-aa20-25723c5201f1_flux_1789423877.png
s3://datagen-dev/f5ddba02-4295-48d9-8ad5-ba8583871323/bc6ba36c-aa02-4630-a0ea-4150b9b69e36/Synthetic/5f11324f-2d52-4a1d-92b4-09bc6728a302_flux_1789424772.png,s3://datagen-dev/f5ddba02-4295-48d9-8ad5-ba8583871323/08788e35-b887-4d04-9a7f-40b900d15569/coco.json,COCO,s3://datagen-dev/f5ddba02-4295-48d9-8ad5-ba8583871323/bc6ba36c-aa02-4630-a0ea-4150b9b69e36/Synthetic/5f11324f-2d52-4a1d-92b4-09bc6728a302_flux_1789424772.png
s3://datagen-dev/f5ddba02-4295-48d9-8ad5-ba8583871323/bc6ba36c-aa02-4630-a0ea-4150b9b69e36/Synthetic/40125b8b-b84d-437f-8b15-972a84913eba_flux_1789425115.png,s3://datagen-dev/f5ddba02-4295-48d9-8ad5-ba8583871323/08788e35-b887-4d04-9a7f-40b900d15569/coco.json,COCO,s3://datagen-dev/f5ddba02-4295-48d9-8ad5-ba8583871323/bc6ba36c-aa02-4630-a0ea-4150b9b69e36/Synthetic/40125b8b-b84d-437f-8b15-972a84913eba_flux_1789425115.png
s3://datagen-dev/f5ddba02-4295-48d9-8ad5-ba8583871323/bc6ba36c-aa02-4630-a0ea-4150b9b69e36/Synthetic/a6e15244-f4a7-456e-ab4a-5a9d05fbf580_flux_1789422821.png,s3://datagen-dev/f5ddba02-4295-48d9-8ad5-ba8583871323/08788e35-b887-4d04-9a7f-40b900d15569/coco.json,COCO,s3://datagen-dev/f5ddba02-4295-48d9-8ad5-ba8583871323/bc6ba36c-aa02-4630-a0ea-4150b9b69e36/Synthetic/a6e15244-f4a7-456e-ab4a-5a9d05fbf580_flux_1789422821.png
s3://datagen-dev/f5ddba02-4295-48d9-8ad5-ba8583871323/bc6ba36c-aa02-4630-a0ea-4150b9b69e36/Synthetic/7af6d160-44db-41b8-96ab-b82d95f0950a_flux_1789425861.png,s3://datagen-dev/f5ddba02-4295-48d9-8ad5-ba8583871323/08788e35-b887-4d04-9a7f-40b900d15569/coco.json,COCO,s3://datagen-dev/f5ddba02-4295-48d9-8ad5-ba8583871323/bc6ba36c-aa02-4630-a0ea-4150b9b69e36/Synthetic/7af6d160-44db-41b8-96ab-b82d95f0950a_flux_1789425861.png
s3://datagen-dev/f5ddba02-4295-48d9-8ad5-ba8583871323/bc6ba36c-aa02-4630-a0ea-4150b9b69e36/Synthetic/faa9164a-2826-4581-a18b-d0417909c437_flux_1789424398.png,s3://datagen-dev/f5ddba02-4295-48d9-8ad5-ba8583871323/08788e35-b887-4d04-9a7f-40b900d15569/coco.json,COCO,s3://datagen-dev/f5ddba02-4295-48d9-8ad5-ba8583871323/bc6ba36c-aa02-4630-a0ea-4150b9b69e36/Synthetic/faa9164a-2826-4581-a18b-d0417909c437_flux_1789424398.png
s3://datagen-dev/f5ddba02-4295-48d9-8ad5-ba8583871323/bc6ba36c-aa02-4630-a0ea-4150b9b69e36/Synthetic/04a1ce4c-0d51-4772-aabf-82682453c72f_flux_1789424084.png,s3://datagen-dev/f5ddba02-4295-48d9-8ad5-ba8583871323/08788e35-b887-4d04-9a7f-40b900d15569/coco.json,COCO,s3://datagen-dev/f5ddba02-4295-48d9-8ad5-ba8583871323/bc6ba36c-aa02-4630-a0ea-4150b9b69e36/Synthetic/04a1ce4c-0d51-4772-aabf-82682453c72f_flux_1789424084.png
s3://datagen-dev/f5ddba02-4295-48d9-8ad5-ba8583871323/bc6ba36c-aa02-4630-a0ea-4150b9b69e36/Synthetic/6193a98c-5c40-4136-bd94-9563ff98b1ec_flux_1789426190.png,s3://datagen-dev/f5ddba02-4295-48d9-8ad5-ba8583871323/08788e35-b887-4d04-9a7f-40b900d15569/coco.json,COCO,s3://datagen-dev/f5ddba02-4295-48d9-8ad5-ba8583871323/bc6ba36c-aa02-4630-a0ea-4150b9b69e36/Synthetic/6193a98c-5c40-4136-bd94-9563ff98b1ec_flux_1789426190.png
s3://datagen-dev/f5ddba02-4295-48d9-8ad5-ba8583871323/bc6ba36c-aa02-4630-a0ea-4150b9b69e36/Synthetic/7fcf64df-2d21-4e4e-b0d9-fd2ecd7853e2_flux_1789423745.png,s3://datagen-dev/f5ddba02-4295-48d9-8ad5-ba8583871323/08788e35-b887-4d04-9a7f-40b900d15569/coco.json,COCO,s3://datagen-dev/f5ddba02-4295-48d9-8ad5-ba8583871323/bc6ba36c-aa02-4630-a0ea-4150b9b69e36/Synthetic/7fcf64df-2d21-4e4e-b0d9-fd2ecd7853e2_flux_1789423745.png
s3://datagen-dev/f5ddba02-4295-48d9-8ad5-ba8583871323/bc6ba36c-aa02-4630-a0ea-4150b9b69e36/Synthetic/a244d88f-9ead-4485-b051-47b9fe96c2f1_flux_1789423502.png,s3://datagen-dev/f5ddba02-4295-48d9-8ad5-ba8583871323/08788e35-b887-4d04-9a7f-40b900d15569/coco.json,COCO,s3://datagen-dev/f5ddba02-4295-48d9-8ad5-ba8583871323/bc6ba36c-aa02-4630-a0ea-4150b9b69e36/Synthetic/a244d88f-9ead-4485-b051-47b9fe96c2f1_flux_1789423502.png
s3://datagen-dev/f5ddba02-4295-48d9-8ad5-ba8583871323/bc6ba36c-aa02-4630-a0ea-4150b9b69e36/Synthetic/ba07db2b-7b0b-4414-a594-8e478c54f21a_flux_1789424025.png,s3://datagen-dev/f5ddba02-4295-48d9-8ad5-ba8583871323/08788e35-b887-4d04-9a7f-40b900d15569/coco.json,COCO,s3://datagen-dev/f5ddba02-4295-48d9-8ad5-ba8583871323/bc6ba36c-aa02-4630-a0ea-4150b9b69e36/Synthetic/ba07db2b-7b0b-4414-a594-8e478c54f21a_flux_1789424025.png
s3://datagen-dev/f5ddba02-4295-48d9-8ad5-ba8583871323/bc6ba36c-aa02-4630-a0ea-4150b9b69e36/Synthetic/772064a3-51a9-477d-abba-7f9b211e6350_flux_1789423650.png,s3://datagen-dev/f5ddba02-4295-48d9-8ad5-ba8583871323/08788e35-b887-4d04-9a7f-40b900d15569/coco.json,COCO,s3://datagen-dev/f5ddba02-4295-48d9-8ad5-ba8583871323/bc6ba36c-aa02-4630-a0ea-4150b9b69e36/Synthetic/772064a3-51a9-477d-abba-7f9b211e6350_flux_1789423650.png
s3://datagen-dev/f5ddba02-4295-48d9-8ad5-ba8583871323/bc6ba36c-aa02-4630-a0ea-4150b9b69e36/Synthetic/f1d91803-d795-4c4d-952c-9e1dd41e3b42_flux_1789426676.png,s3://datagen-dev/f5ddba02-4295-48d9-8ad5-ba8583871323/08788e35-b887-4d04-9a7f-40b900d15569/coco.json,COCO,s3://datagen-dev/f5ddba02-4295-48d9-8ad5-ba8583871323/bc6ba36c-aa02-4630-a0ea-4150b9b69e36/Synthetic/f1d91803-d795-4c4d-952c-9e1dd41e3b42_flux_1789426676.png
s3://datagen-dev/f5ddba02-4295-48d9-8ad5-ba8583871323/bc6ba36c-aa02-4630-a0ea-4150b9b69e36/Synthetic/a1847956-655d-4dcc-976e-e255112e81fb_flux_1789423415.png,s3://datagen-dev/f5ddba02-4295-48d9-8ad5-ba8583871323/08788e35-b887-4d04-9a7f-40b900d15569/coco.json,COCO,s3://datagen-dev/f5ddba02-4295-48d9-8ad5-ba8583871323/bc6ba36c-aa02-4630-a0ea-4150b9b69e36/Synthetic/a1847956-655d-4dcc-976e-e255112e81fb_flux_1789423415.png
s3://datagen-dev/f5ddba02-4295-48d9-8ad5-ba8583871323/bc6ba36c-aa02-4630-a0ea-4150b9b69e36/Synthetic/370d16e2-28e5-44ef-b5a9-76819a0f5eb1_flux_1789425602.png,s3://datagen-dev/f5ddba02-4295-48d9-8ad5-ba8583871323/08788e35-b887-4d04-9a7f-40b900d15569/coco.json,COCO,s3://datagen-dev/f5ddba02-4295-48d9-8ad5-ba8583871323/bc6ba36c-aa02-4630-a0ea-4150b9b69e36/Synthetic/370d16e2-28e5-44ef-b5a9-76819a0f5eb1_flux_1789425602.png
s3://datagen-dev/f5ddba02-4295-48d9-8ad5-ba8583871323/bc6ba36c-aa02-4630-a0ea-4150b9b69e36/Synthetic/b7434991-99ca-4593-b41f-7cce782032cb_flux_1789424092.png,s3://datagen-dev/f5ddba02-4295-48d9-8ad5-ba8583871323/08788e35-b887-4d04-9a7f-40b900d15569/coco.json,COCO,s3://datagen-dev/f5ddba02-4295-48d9-8ad5-ba8583871323/bc6ba36c-aa02-4630-a0ea-4150b9b69e36/Synthetic/b7434991-99ca-4593-b41f-7cce782032cb_flux_1789424092.png
s3://datagen-dev/f5ddba02-4295-48d9-8ad5-ba8583871323/bc6ba36c-aa02-4630-a0ea-4150b9b69e36/Synthetic/8011314d-6332-4e88-be9c-f8326fa51ab8_flux_1789425127.png,s3://datagen-dev/f5ddba02-4295-48d9-8ad5-ba8583871323/08788e35-b887-4d04-9a7f-40b900d15569/coco.json,COCO,s3://datagen-dev/f5ddba02-4295-48d9-8ad5-ba8583871323/bc6ba36c-aa02-4630-a0ea-4150b9b69e36/Synthetic/8011314d-6332-4e88-be9c-f8326fa51ab8_flux_1789425127.png
s3://datagen-dev/f5ddba02-4295-48d9-8ad5-ba8583871323/bc6ba36c-aa02-4630-a0ea-4150b9b69e36/Synthetic/ef0d9fb1-f66d-47d6-855d-4052f72a3513_flux_1789424352.png,s3://datagen-dev/f5ddba02-4295-48d9-8ad5-ba8583871323/08788e35-b887-4d04-9a7f-40b900d15569/coco.json,COCO,s3://datagen-dev/f5ddba02-4295-48d9-8ad5-ba8583871323/bc6ba36c-aa02-4630-a0ea-4150b9b69e36/Synthetic/ef0d9fb1-f66d-47d6-855d-4052f72a3513_flux_1789424352.png
s3://datagen-dev/f5ddba02-4295-48d9-8ad5-ba8583871323/bc6ba36c-aa02-4630-a0ea-4150b9b69e36/Synthetic/27e2cfe0-4335-4fab-ba51-23986626744c_flux_1789424723.png,s3://datagen-dev/f5ddba02-4295-48d9-8ad5-ba8583871323/08788e35-b887-4d04-9a7f-40b900d15569/coco.json,COCO,s3://datagen-dev/f5ddba02-4295-48d9-8ad5-ba8583871323/bc6ba36c-aa02-4630-a0ea-4150b9b69e36/Synthetic/27e2cfe0-4335-4fab-ba51-23986626744c_flux_1789424723.png
s3://datagen-dev/f5ddba02-4295-48d9-8ad5-ba8583871323/bc6ba36c-aa02-4630-a0ea-4150b9b69e36/Synthetic/7d48bce6-6470-4c5c-bbdb-8e1f0ded91b7_flux_1789425107.png,s3://datagen-dev/f5ddba02-4295-48d9-8ad5-ba8583871323/08788e35-b887-4d04-9a7f-40b900d15569/coco.json,COCO,s3://datagen-dev/f5ddba02-4295-48d9-8ad5-ba8583871323/bc6ba36c-aa02-4630-a0ea-4150b9b69e36/Synthetic/7d48bce6-6470-4c5c-bbdb-8e1f0ded91b7_flux_1789425107.png
s3://datagen-dev/f5ddba02-4295-48d9-8ad5-ba8583871323/bc6ba36c-aa02-4630-a0ea-4150b9b69e36/Synthetic/d84d8972-f921-48af-bce6-e343ee129386_flux_1789425500.png,s3://datagen-dev/f5ddba02-4295-48d9-8ad5-ba8583871323/08788e35-b887-4d04-9a7f-40b900d15569/coco.json,COCO,s3://datagen-dev/f5ddba02-4295-48d9-8ad5-ba8583871323/bc6ba36c-aa02-4630-a0ea-4150b9b69e36/Synthetic/d84d8972-f921-48af-bce6-e343ee129386_flux_1789425500.png
s3://datagen-dev/f5ddba02-4295-48d9-8ad5-ba8583871323/bc6ba36c-aa02-4630-a0ea-4150b9b69e36/Synthetic/f488fe63-5655-437e-8d9c-6e3905e25f3f_flux_1789424009.png,s3://datagen-dev/f5ddba02-4295-48d9-8ad5-ba8583871323/08788e35-b887-4d04-9a7f-40b900d15569/coco.json,COCO,s3://datagen-dev/f5ddba02-4295-48d9-8ad5-ba8583871323/bc6ba36c-aa02-4630-a0ea-4150b9b69e36/Synthetic/f488fe63-5655-437e-8d9c-6e3905e25f3f_flux_1789424009.png
s3://datagen-dev/f5ddba02-4295-48d9-8ad5-ba8583871323/bc6ba36c-aa02-4630-a0ea-4150b9b69e36/Synthetic/6626a1d1-d540-4b05-860e-10fb29317ef4_flux_1789425898.png,s3://datagen-dev/f5ddba02-4295-48d9-8ad5-ba8583871323/08788e35-b887-4d04-9a7f-40b900d15569/coco.json,COCO,s3://datagen-dev/f5ddba02-4295-48d9-8ad5-ba8583871323/bc6ba36c-aa02-4630-a0ea-4150b9b69e36/Synthetic/6626a1d1-d540-4b05-860e-10fb29317ef4_flux_1789425898.png
s3://datagen-dev/f5ddba02-4295-48d9-8ad5-ba8583871323/bc6ba36c-aa02-4630-a0ea-4150b9b69e36/Synthetic/9b8ff706-f383-4739-aebc-2c89d4fe9086_flux_1789425259.png,s3://datagen-dev/f5ddba02-4295-48d9-8ad5-ba8583871323/08788e35-b887-4d04-9a7f-40b900d15569/coco.json,COCO,s3://datagen-dev/f5ddba02-4295-48d9-8ad5-ba8583871323/bc6ba36c-aa02-4630-a0ea-4150b9b69e36/Synthetic/9b8ff706-f383-4739-aebc-2c89d4fe9086_flux_1789425259.png
s3://datagen-dev/f5ddba02-4295-48d9-8ad5-ba8583871323/bc6ba36c-aa02-4630-a0ea-4150b9b69e36/Synthetic/d319328c-ddeb-433a-91ff-9755b84edb79_flux_1789426153.png,s3://datagen-dev/f5ddba02-4295-48d9-8ad5-ba8583871323/08788e35-b887-4d04-9a7f-40b900d15569/coco.json,COCO,s3://datagen-dev/f5ddba02-4295-48d9-8ad5-ba8583871323/bc6ba36c-aa02-4630-a0ea-4150b9b69e36/Synthetic/d319328c-ddeb-433a-91ff-9755b84edb79_flux_1789426153.png
s3://datagen-dev/f5ddba02-4295-48d9-8ad5-ba8583871323/bc6ba36c-aa02-4630-a0ea-4150b9b69e36/Synthetic/27b8895a-4259-47c7-919e-672d3123c1a5_flux_1789423143.png,s3://datagen-dev/f5ddba02-4295-48d9-8ad5-ba8583871323/08788e35-b887-4d04-9a7f-40b900d15569/coco.json,COCO,s3://datagen-dev/f5ddba02-4295-48d9-8ad5-ba8583871323/bc6ba36c-aa02-4630-a0ea-4150b9b69e36/Synthetic/27b8895a-4259-47c7-919e-672d3123c1a5_flux_1789423143.png
s3://datagen-dev/f5ddba02-4295-48d9-8ad5-ba8583871323/bc6ba36c-aa02-4630-a0ea-4150b9b69e36/Synthetic/22a57011-7b71-461f-8f20-827d32351d77_flux_1789425267.png,s3://datagen-dev/f5ddba02-4295-48d9-8ad5-ba8583871323/08788e35-b887-4d04-9a7f-40b900d15569/coco.json,COCO,s3://datagen-dev/f5ddba02-4295-48d9-8ad5-ba8583871323/bc6ba36c-aa02-4630-a0ea-4150b9b69e36/Synthetic/22a57011-7b71-461f-8f20-827d32351d77_flux_1789425267.png
s3://datagen-dev/f5ddba02-4295-48d9-8ad5-ba8583871323/bc6ba36c-aa02-4630-a0ea-4150b9b69e36/Synthetic/56a2424e-b977-4f4d-8a55-dbed9ba39b76_flux_1789426091.png,s3://datagen-dev/f5ddba02-4295-48d9-8ad5-ba8583871323/08788e35-b887-4d04-9a7f-40b900d15569/coco.json,COCO,s3://datagen-dev/f5ddba02-4295-48d9-8ad5-ba8583871323/bc6ba36c-aa02-4630-a0ea-4150b9b69e36/Synthetic/56a2424e-b977-4f4d-8a55-dbed9ba39b76_flux_1789426091.png
s3://datagen-dev/f5ddba02-4295-48d9-8ad5-ba8583871323/bc6ba36c-aa02-4630-a0ea-4150b9b69e36/Synthetic/94568d0e-dbee-4053-b823-96da4de2ab61_flux_1789424480.png,s3://datagen-dev/f5ddba02-4295-48d9-8ad5-ba8583871323/08788e35-b887-4d04-9a7f-40b900d15569/coco.json,COCO,s3://datagen-dev/f5ddba02-4295-48d9-8ad5-ba8583871323/bc6ba36c-aa02-4630-a0ea-4150b9b69e36/Synthetic/94568d0e-dbee-4053-b823-96da4de2ab61_flux_1789424480.png
s3://datagen-dev/f5ddba02-4295-48d9-8ad5-ba8583871323/bc6ba36c-aa02-4630-a0ea-4150b9b69e36/Synthetic/451141ad-4f85-49c9-bb1f-9ae5b2cf30bf_flux_1789423886.png,s3://datagen-dev/f5ddba02-4295-48d9-8ad5-ba8583871323/08788e35-b887-4d04-9a7f-40b900d15569/coco.json,COCO,s3://datagen-dev/f5ddba02-4295-48d9-8ad5-ba8583871323/bc6ba36c-aa02-4630-a0ea-4150b9b69e36/Synthetic/451141ad-4f85-49c9-bb1f-9ae5b2cf30bf_flux_1789423886.png
s3://datagen-dev/f5ddba02-4295-48d9-8ad5-ba8583871323/bc6ba36c-aa02-4630-a0ea-4150b9b69e36/Synthetic/c2336dfd-24d4-4d0c-8bfb-1b380a40dc67_flux_1789426289.png,s3://datagen-dev/f5ddba02-4295-48d9-8ad5-ba8583871323/08788e35-b887-4d04-9a7f-40b900d15569/coco.json,COCO,s3://datagen-dev/f5ddba02-4295-48d9-8ad5-ba8583871323/bc6ba36c-aa02-4630-a0ea-4150b9b69e36/Synthetic/c2336dfd-24d4-4d0c-8bfb-1b380a40dc67_flux_1789426289.png
s3://datagen-dev/f5ddba02-4295-48d9-8ad5-ba8583871323/bc6ba36c-aa02-4630-a0ea-4150b9b69e36/Synthetic/289475ae-05e7-4943-b884-d2089f68a298_flux_1789424278.png,s3://datagen-dev/f5ddba02-4295-48d9-8ad5-ba8583871323/08788e35-b887-4d04-9a7f-40b900d15569/coco.json,COCO,s3://datagen-dev/f5ddba02-4295-48d9-8ad5-ba8583871323/bc6ba36c-aa02-4630-a0ea-4150b9b69e36/Synthetic/289475ae-05e7-4943-b884-d2089f68a298_flux_1789424278.png
s3://datagen-dev/f5ddba02-4295-48d9-8ad5-ba8583871323/bc6ba36c-aa02-4630-a0ea-4150b9b69e36/Synthetic/424a56f1-066d-48db-9680-1792db9f764f_flux_1789426685.png,s3://datagen-dev/f5ddba02-4295-48d9-8ad5-ba8583871323/08788e35-b887-4d04-9a7f-40b900d15569/coco.json,COCO,s3://datagen-dev/f5ddba02-4295-48d9-8ad5-ba8583871323/bc6ba36c-aa02-4630-a0ea-4150b9b69e36/Synthetic/424a56f1-066d-48db-9680-1792db9f764f_flux_1789426685.png
s3://datagen-dev/f5ddba02-4295-48d9-8ad5-ba8583871323/bc6ba36c-aa02-4630-a0ea-4150b9b69e36/Synthetic/355d77a4-971a-454c-9296-29640c4dd941_flux_1789425549.png,s3://datagen-dev/f5ddba02-4295-48d9-8ad5-ba8583871323/08788e35-b887-4d04-9a7f-40b900d15569/coco.json,COCO,s3://datagen-dev/f5ddba02-4295-48d9-8ad5-ba8583871323/bc6ba36c-aa02-4630-a0ea-4150b9b69e36/Synthetic/355d77a4-971a-454c-9296-29640c4dd941_flux_1789425549.png
s3://datagen-dev/f5ddba02-4295-48d9-8ad5-ba8583871323/bc6ba36c-aa02-4630-a0ea-4150b9b69e36/Synthetic/d0e58474-8623-4c93-be01-428dc8d159a0_flux_1789422682.png,s3://datagen-dev/f5ddba02-4295-48d9-8ad5-ba8583871323/08788e35-b887-4d04-9a7f-40b900d15569/coco.json,COCO,s3://datagen-dev/f5ddba02-4295-48d9-8ad5-ba8583871323/bc6ba36c-aa02-4630-a0ea-4150b9b69e36/Synthetic/d0e58474-8623-4c93-be01-428dc8d159a0_flux_1789422682.png
s3://datagen-dev/f5ddba02-4295-48d9-8ad5-ba8583871323/bc6ba36c-aa02-4630-a0ea-4150b9b69e36/Synthetic/744df57d-6f47-4a3b-ab98-0368acd695ae_flux_1789425943.png,s3://datagen-dev/f5ddba02-4295-48d9-8ad5-ba8583871323/08788e35-b887-4d04-9a7f-40b900d15569/coco.json,COCO,s3://datagen-dev/f5ddba02-4295-48d9-8ad5-ba8583871323/bc6ba36c-aa02-4630-a0ea-4150b9b69e36/Synthetic/744df57d-6f47-4a3b-ab98-0368acd695ae_flux_1789425943.png
s3://datagen-dev/f5ddba02-4295-48d9-8ad5-ba8583871323/bc6ba36c-aa02-4630-a0ea-4150b9b69e36/Synthetic/64be0dfe-ad31-4c0d-8ab7-c2c6bd4dcda1_flux_1789423720.png,s3://datagen-dev/f5ddba02-4295-48d9-8ad5-ba8583871323/08788e35-b887-4d04-9a7f-40b900d15569/coco.json,COCO,s3://datagen-dev/f5ddba02-4295-48d9-8ad5-ba8583871323/bc6ba36c-aa02-4630-a0ea-4150b9b69e36/Synthetic/64be0dfe-ad31-4c0d-8ab7-c2c6bd4dcda1_flux_1789423720.png
s3://datagen-dev/f5ddba02-4295-48d9-8ad5-ba8583871323/bc6ba36c-aa02-4630-a0ea-4150b9b69e36/Synthetic/391783d5-a910-4862-8bfc-2a67ab8e4104_flux_1789424940.png,s3://datagen-dev/f5ddba02-4295-48d9-8ad5-ba8583871323/08788e35-b887-4d04-9a7f-40b900d15569/coco.json,COCO,s3://datagen-dev/f5ddba02-4295-48d9-8ad5-ba8583871323/bc6ba36c-aa02-4630-a0ea-4150b9b69e36/Synthetic/391783d5-a910-4862-8bfc-2a67ab8e4104_flux_1789424940.png
s3://datagen-dev/f5ddba02-4295-48d9-8ad5-ba8583871323/bc6ba36c-aa02-4630-a0ea-4150b9b69e36/Synthetic/7fccdf9c-c90a-48f9-9ca0-6dd73947e992_flux_1789425939.png,s3://datagen-dev/f5ddba02-4295-48d9-8ad5-ba8583871323/08788e35-b887-4d04-9a7f-40b900d15569/coco.json,COCO,s3://datagen-dev/f5ddba02-4295-48d9-8ad5-ba8583871323/bc6ba36c-aa02-4630-a0ea-4150b9b69e36/Synthetic/7fccdf9c-c90a-48f9-9ca0-6dd73947e992_flux_1789425939.png
s3://datagen-dev/f5ddba02-4295-48d9-8ad5-ba8583871323/bc6ba36c-aa02-4630-a0ea-4150b9b69e36/Synthetic/8023b207-c575-40f7-a740-7ce442cc2416_flux_1789423568.png,s3://datagen-dev/f5ddba02-4295-48d9-8ad5-ba8583871323/08788e35-b887-4d04-9a7f-40b900d15569/coco.json,COCO,s3://datagen-dev/f5ddba02-4295-48d9-8ad5-ba8583871323/bc6ba36c-aa02-4630-a0ea-4150b9b69e36/Synthetic/8023b207-c575-40f7-a740-7ce442cc2416_flux_1789423568.png
s3://datagen-dev/f5ddba02-4295-48d9-8ad5-ba8583871323/bc6ba36c-aa02-4630-a0ea-4150b9b69e36/Synthetic/c56a9f41-aa90-4e91-ba80-65d41d5155a4_flux_1789422850.png,s3://datagen-dev/f5ddba02-4295-48d9-8ad5-ba8583871323/08788e35-b887-4d04-9a7f-40b900d15569/coco.json,COCO,s3://datagen-dev/f5ddba02-4295-48d9-8ad5-ba8583871323/bc6ba36c-aa02-4630-a0ea-4150b9b69e36/Synthetic/c56a9f41-aa90-4e91-ba80-65d41d5155a4_flux_1789422850.png
s3://datagen-dev/f5ddba02-4295-48d9-8ad5-ba8583871323/bc6ba36c-aa02-4630-a0ea-4150b9b69e36/Synthetic/bb1f659b-188a-49c3-95aa-99a64c08e9f9_flux_1789423481.png,s3://datagen-dev/f5ddba02-4295-48d9-8ad5-ba8583871323/08788e35-b887-4d04-9a7f-40b900d15569/coco.json,COCO,s3://datagen-dev/f5ddba02-4295-48d9-8ad5-ba8583871323/bc6ba36c-aa02-4630-a0ea-4150b9b69e36/Synthetic/bb1f659b-188a-49c3-95aa-99a64c08e9f9_flux_1789423481.png
s3://datagen-dev/f5ddba02-4295-48d9-8ad5-ba8583871323/bc6ba36c-aa02-4630-a0ea-4150b9b69e36/Synthetic/a31103ec-915c-42e5-a829-c044c1dbee1e_flux_1789422759.png,s3://datagen-dev/f5ddba02-4295-48d9-8ad5-ba8583871323/08788e35-b887-4d04-9a7f-40b900d15569/coco.json,COCO,s3://datagen-dev/f5ddba02-4295-48d9-8ad5-ba8583871323/bc6ba36c-aa02-4630-a0ea-4150b9b69e36/Synthetic/a31103ec-915c-42e5-a829-c044c1dbee1e_flux_1789422759.png
s3://datagen-dev/f5ddba02-4295-48d9-8ad5-ba8583871323/bc6ba36c-aa02-4630-a0ea-4150b9b69e36/Synthetic/b51adfa2-ba9c-4cbd-95e7-7138e5480820_flux_1789425614.png,s3://datagen-dev/f5ddba02-4295-48d9-8ad5-ba8583871323/08788e35-b887-4d04-9a7f-40b900d15569/coco.json,COCO,s3://datagen-dev/f5ddba02-4295-48d9-8ad5-ba8583871323/bc6ba36c-aa02-4630-a0ea-4150b9b69e36/Synthetic/b51adfa2-ba9c-4cbd-95e7-7138e5480820_flux_1789425614.png
s3://datagen-dev/f5ddba02-4295-48d9-8ad5-ba8583871323/bc6ba36c-aa02-4630-a0ea-4150b9b69e36/Synthetic/f6ab0816-3a3d-4852-9622-7a54aa009eef_flux_1789426330.png,s3://datagen-dev/f5ddba02-4295-48d9-8ad5-ba8583871323/08788e35-b887-4d04-9a7f-40b900d15569/coco.json,COCO,s3://datagen-dev/f5ddba02-4295-48d9-8ad5-ba8583871323/bc6ba36c-aa02-4630-a0ea-4150b9b69e36/Synthetic/f6ab0816-3a3d-4852-9622-7a54aa009eef_flux_1789426330.png
s3://datagen-dev/f5ddba02-4295-48d9-8ad5-ba8583871323/bc6ba36c-aa02-4630-a0ea-4150b9b69e36/Synthetic/bf3649a6-a172-4e00-bd44-0775f6eeaba3_flux_1789426610.png,s3://datagen-dev/f5ddba02-4295-48d9-8ad5-ba8583871323/08788e35-b887-4d04-9a7f-40b900d15569/coco.json,COCO,s3://datagen-dev/f5ddba02-4295-48d9-8ad5-ba8583871323/bc6ba36c-aa02-4630-a0ea-4150b9b69e36/Synthetic/bf3649a6-a172-4e00-bd44-0775f6eeaba3_flux_1789426610.png
s3://datagen-dev/f5ddba02-4295-48d9-8ad5-ba8583871323/bc6ba36c-aa02-4630-a0ea-4150b9b69e36/Synthetic/6edf6393-29ad-4b33-84c3-de3069d392b4_flux_1789424842.png,s3://datagen-dev/f5ddba02-4295-48d9-8ad5-ba8583871323/08788e35-b887-4d04-9a7f-40b900d15569/coco.json,COCO,s3://datagen-dev/f5ddba02-4295-48d9-8ad5-ba8583871323/bc6ba36c-aa02-4630-a0ea-4150b9b69e36/Synthetic/6edf6393-29ad-4b33-84c3-de3069d392b4_flux_1789424842.png
s3://datagen-dev/f5ddba02-4295-48d9-8ad5-ba8583871323/bc6ba36c-aa02-4630-a0ea-4150b9b69e36/Synthetic/497b274c-7d83-4664-a222-2a4c61c6e7e8_flux_1789425881.png,s3://datagen-dev/f5ddba02-4295-48d9-8ad5-ba8583871323/08788e35-b887-4d04-9a7f-40b900d15569/coco.json,COCO,s3://datagen-dev/f5ddba02-4295-48d9-8ad5-ba8583871323/bc6ba36c-aa02-4630-a0ea-4150b9b69e36/Synthetic/497b274c-7d83-4664-a222-2a4c61c6e7e8_flux_1789425881.png
s3://datagen-dev/f5ddba02-4295-48d9-8ad5-ba8583871323/bc6ba36c-aa02-4630-a0ea-4150b9b69e36/Synthetic/7cdde15a-d467-4e9a-880f-e6a1854e2fcb_flux_1789424912.png,s3://datagen-dev/f5ddba02-4295-48d9-8ad5-ba8583871323/08788e35-b887-4d04-9a7f-40b900d15569/coco.json,COCO,s3://datagen-dev/f5ddba02-4295-48d9-8ad5-ba8583871323/bc6ba36c-aa02-4630-a0ea-4150b9b69e36/Synthetic/7cdde15a-d467-4e9a-880f-e6a1854e2fcb_flux_1789424912.png
s3://datagen-dev/f5ddba02-4295-48d9-8ad5-ba8583871323/bc6ba36c-aa02-4630-a0ea-4150b9b69e36/Synthetic/71eca7b5-ca01-4b04-ad52-6de4c951ec6e_flux_1789426614.png,s3://datagen-dev/f5ddba02-4295-48d9-8ad5-ba8583871323/08788e35-b887-4d04-9a7f-40b900d15569/coco.json,COCO,s3://datagen-dev/f5ddba02-4295-48d9-8ad5-ba8583871323/bc6ba36c-aa02-4630-a0ea-4150b9b69e36/Synthetic/71eca7b5-ca01-4b04-ad52-6de4c951ec6e_flux_1789426614.png
s3://datagen-dev/f5ddba02-4295-48d9-8ad5-ba8583871323/bc6ba36c-aa02-4630-a0ea-4150b9b69e36/Synthetic/cd78edba-446e-48d6-827b-265baafae80d_flux_1789424319.png,s3://datagen-dev/f5ddba02-4295-48d9-8ad5-ba8583871323/08788e35-b887-4d04-9a7f-40b900d15569/coco.json,COCO,s3://datagen-dev/f5ddba02-4295-48d9-8ad5-ba8583871323/bc6ba36c-aa02-4630-a0ea-4150b9b69e36/Synthetic/cd78edba-446e-48d6-827b-265baafae80d_flux_1789424319.png
s3://datagen-dev/f5ddba02-4295-48d9-8ad5-ba8583871323/bc6ba36c-aa02-4630-a0ea-4150b9b69e36/Synthetic/ead95c08-ea97-4aec-98ab-a927ce682011_flux_1789425832.png,s3://datagen-dev/f5ddba02-4295-48d9-8ad5-ba8583871323/08788e35-b887-4d04-9a7f-40b900d15569/coco.json,COCO,s3://datagen-dev/f5ddba02-4295-48d9-8ad5-ba8583871323/bc6ba36c-aa02-4630-a0ea-4150b9b69e36/Synthetic/ead95c08-ea97-4aec-98ab-a927ce682011_flux_1789425832.png
s3://datagen-dev/f5ddba02-4295-48d9-8ad5-ba8583871323/bc6ba36c-aa02-4630-a0ea-4150b9b69e36/Synthetic/ada4c85b-4276-4ec6-b132-8996cd69590c_flux_1789424410.png,s3://datagen-dev/f5ddba02-4295-48d9-8ad5-ba8583871323/08788e35-b887-4d04-9a7f-40b900d15569/coco.json,COCO,s3://datagen-dev/f5ddba02-4295-48d9-8ad5-ba8583871323/bc6ba36c-aa02-4630-a0ea-4150b9b69e36/Synthetic/ada4c85b-4276-4ec6-b132-8996cd69590c_flux_1789424410.png
s3://datagen-dev/f5ddba02-4295-48d9-8ad5-ba8583871323/bc6ba36c-aa02-4630-a0ea-4150b9b69e36/Synthetic/26ad01b8-488e-4d1f-b636-49012a44c1ad_flux_1789424323.png,s3://datagen-dev/f5ddba02-4295-48d9-8ad5-ba8583871323/08788e35-b887-4d04-9a7f-40b900d15569/coco.json,COCO,s3://datagen-dev/f5ddba02-4295-48d9-8ad5-ba8583871323/bc6ba36c-aa02-4630-a0ea-4150b9b69e36/Synthetic/26ad01b8-488e-4d1f-b636-49012a44c1ad_flux_1789424323.png
s3://datagen-dev/f5ddba02-4295-48d9-8ad5-ba8583871323/bc6ba36c-aa02-4630-a0ea-4150b9b69e36/Synthetic/4c1cff4d-537b-4e84-9865-22a6c27a5f74_flux_1789423564.png,s3://datagen-dev/f5ddba02-4295-48d9-8ad5-ba8583871323/08788e35-b887-4d04-9a7f-40b900d15569/coco.json,COCO,s3://datagen-dev/f5ddba02-4295-48d9-8ad5-ba8583871323/bc6ba36c-aa02-4630-a0ea-4150b9b69e36/Synthetic/4c1cff4d-537b-4e84-9865-22a6c27a5f74_flux_1789423564.png
s3://datagen-dev/f5ddba02-4295-48d9-8ad5-ba8583871323/bc6ba36c-aa02-4630-a0ea-4150b9b69e36/Synthetic/763a0070-dafb-4ccb-9ae7-2b2a1acfa942_flux_1789423506.png,s3://datagen-dev/f5ddba02-4295-48d9-8ad5-ba8583871323/08788e35-b887-4d04-9a7f-40b900d15569/coco.json,COCO,s3://datagen-dev/f5ddba02-4295-48d9-8ad5-ba8583871323/bc6ba36c-aa02-4630-a0ea-4150b9b69e36/Synthetic/763a0070-dafb-4ccb-9ae7-2b2a1acfa942_flux_1789423506.png
s3://datagen-dev/f5ddba02-4295-48d9-8ad5-ba8583871323/bc6ba36c-aa02-4630-a0ea-4150b9b69e36/Synthetic/5b32b045-7f8b-485b-b3f1-4f7ecb7759d8_flux_1789423638.png,s3://datagen-dev/f5ddba02-4295-48d9-8ad5-ba8583871323/08788e35-b887-4d04-9a7f-40b900d15569/coco.json,COCO,s3://datagen-dev/f5ddba02-4295-48d9-8ad5-ba8583871323/bc6ba36c-aa02-4630-a0ea-4150b9b69e36/Synthetic/5b32b045-7f8b-485b-b3f1-4f7ecb7759d8_flux_1789423638.png
s3://datagen-dev/f5ddba02-4295-48d9-8ad5-ba8583871323/bc6ba36c-aa02-4630-a0ea-4150b9b69e36/Synthetic/3c5bc811-192c-4013-915b-446391dac670_flux_1789425692.png,s3://datagen-dev/f5ddba02-4295-48d9-8ad5-ba8583871323/08788e35-b887-4d04-9a7f-40b900d15569/coco.json,COCO,s3://datagen-dev/f5ddba02-4295-48d9-8ad5-ba8583871323/bc6ba36c-aa02-4630-a0ea-4150b9b69e36/Synthetic/3c5bc811-192c-4013-915b-446391dac670_flux_1789425692.png
s3://datagen-dev/f5ddba02-4295-48d9-8ad5-ba8583871323/bc6ba36c-aa02-4630-a0ea-4150b9b69e36/Synthetic/edf00898-f0c4-453a-8419-0b6e0ee6c25d_flux_1789424850.png,s3://datagen-dev/f5ddba02-4295-48d9-8ad5-ba8583871323/08788e35-b887-4d04-9a7f-40b900d15569/coco.json,COCO,s3://datagen-dev/f5ddba02-4295-48d9-8ad5-ba8583871323/bc6ba36c-aa02-4630-a0ea-4150b9b69e36/Synthetic/edf00898-f0c4-453a-8419-0b6e0ee6c25d_flux_1789424850.png
s3://datagen-dev/f5ddba02-4295-48d9-8ad5-ba8583871323/bc6ba36c-aa02-4630-a0ea-4150b9b69e36/Synthetic/1d508cba-8808-4336-98f3-bd7480e27cb6_flux_1789423931.png,s3://datagen-dev/f5ddba02-4295-48d9-8ad5-ba8583871323/08788e35-b887-4d04-9a7f-40b900d15569/coco.json,COCO,s3://datagen-dev/f5ddba02-4295-48d9-8ad5-ba8583871323/bc6ba36c-aa02-4630-a0ea-4150b9b69e36/Synthetic/1d508cba-8808-4336-98f3-bd7480e27cb6_flux_1789423931.png
s3://datagen-dev/f5ddba02-4295-48d9-8ad5-ba8583871323/bc6ba36c-aa02-4630-a0ea-4150b9b69e36/Synthetic/dcbd4419-e70c-42c7-889d-efdeeae0dbba_flux_1789424530.png,s3://datagen-dev/f5ddba02-4295-48d9-8ad5-ba8583871323/08788e35-b887-4d04-9a7f-40b900d15569/coco.json,COCO,s3://datagen-dev/f5ddba02-4295-48d9-8ad5-ba8583871323/bc6ba36c-aa02-4630-a0ea-4150b9b69e36/Synthetic/dcbd4419-e70c-42c7-889d-efdeeae0dbba_flux_1789424530.png
s3://datagen-dev/f5ddba02-4295-48d9-8ad5-ba8583871323/bc6ba36c-aa02-4630-a0ea-4150b9b69e36/Synthetic/8427b4a5-e774-4c13-9ab9-dfb7569e4299_flux_1789423613.png,s3://datagen-dev/f5ddba02-4295-48d9-8ad5-ba8583871323/08788e35-b887-4d04-9a7f-40b900d15569/coco.json,COCO,s3://datagen-dev/f5ddba02-4295-48d9-8ad5-ba8583871323/bc6ba36c-aa02-4630-a0ea-4150b9b69e36/Synthetic/8427b4a5-e774-4c13-9ab9-dfb7569e4299_flux_1789423613.png
s3://datagen-dev/f5ddba02-4295-48d9-8ad5-ba8583871323/bc6ba36c-aa02-4630-a0ea-4150b9b69e36/Synthetic/ad0b99a4-d6dc-4f25-817c-65670c6a2e70_flux_1789426042.png,s3://datagen-dev/f5ddba02-4295-48d9-8ad5-ba8583871323/08788e35-b887-4d04-9a7f-40b900d15569/coco.json,COCO,s3://datagen-dev/f5ddba02-4295-48d9-8ad5-ba8583871323/bc6ba36c-aa02-4630-a0ea-4150b9b69e36/Synthetic/ad0b99a4-d6dc-4f25-817c-65670c6a2e70_flux_1789426042.png
s3://datagen-dev/f5ddba02-4295-48d9-8ad5-ba8583871323/bc6ba36c-aa02-4630-a0ea-4150b9b69e36/Synthetic/aed9658f-1503-4709-8c1f-ac49256a2cf8_flux_1789424588.png,s3://datagen-dev/f5ddba02-4295-48d9-8ad5-ba8583871323/08788e35-b887-4d04-9a7f-40b900d15569/coco.json,COCO,s3://datagen-dev/f5ddba02-4295-48d9-8ad5-ba8583871323/bc6ba36c-aa02-4630-a0ea-4150b9b69e36/Synthetic/aed9658f-1503-4709-8c1f-ac49256a2cf8_flux_1789424588.png
s3://datagen-dev/f5ddba02-4295-48d9-8ad5-ba8583871323/bc6ba36c-aa02-4630-a0ea-4150b9b69e36/Synthetic/64e7fa2a-d4cf-4705-9b8b-78ecd91a97fd_flux_1789425210.png,s3://datagen-dev/f5ddba02-4295-48d9-8ad5-ba8583871323/08788e35-b887-4d04-9a7f-40b900d15569/coco.json,COCO,s3://datagen-dev/f5ddba02-4295-48d9-8ad5-ba8583871323/bc6ba36c-aa02-4630-a0ea-4150b9b69e36/Synthetic/64e7fa2a-d4cf-4705-9b8b-78ecd91a97fd_flux_1789425210.png
s3://datagen-dev/f5ddba02-4295-48d9-8ad5-ba8583871323/bc6ba36c-aa02-4630-a0ea-4150b9b69e36/Synthetic/b7a96ccd-4b0a-4cc2-b0da-84d4a6f9512a_flux_1789425824.png,s3://datagen-dev/f5ddba02-4295-48d9-8ad5-ba8583871323/08788e35-b887-4d04-9a7f-40b900d15569/coco.json,COCO,s3://datagen-dev/f5ddba02-4295-48d9-8ad5-ba8583871323/bc6ba36c-aa02-4630-a0ea-4150b9b69e36/Synthetic/b7a96ccd-4b0a-4cc2-b0da-84d4a6f9512a_flux_1789425824.png
s3://datagen-dev/f5ddba02-4295-48d9-8ad5-ba8583871323/bc6ba36c-aa02-4630-a0ea-4150b9b69e36/Synthetic/d89aea57-8330-4729-9d3f-157dc148db60_flux_1789423605.png,s3://datagen-dev/f5ddba02-4295-48d9-8ad5-ba8583871323/08788e35-b887-4d04-9a7f-40b900d15569/coco.json,COCO,s3://datagen-dev/f5ddba02-4295-48d9-8ad5-ba8583871323/bc6ba36c-aa02-4630-a0ea-4150b9b69e36/Synthetic/d89aea57-8330-4729-9d3f-157dc148db60_flux_1789423605.png
s3://datagen-dev/f5ddba02-4295-48d9-8ad5-ba8583871323/bc6ba36c-aa02-4630-a0ea-4150b9b69e36/Synthetic/cf4c1c8d-61d7-4447-be14-3e19e6dd557b_flux_1789423353.png,s3://datagen-dev/f5ddba02-4295-48d9-8ad5-ba8583871323/08788e35-b887-4d04-9a7f-40b900d15569/coco.json,COCO,s3://datagen-dev/f5ddba02-4295-48d9-8ad5-ba8583871323/bc6ba36c-aa02-4630-a0ea-4150b9b69e36/Synthetic/cf4c1c8d-61d7-4447-be14-3e19e6dd557b_flux_1789423353.png
s3://datagen-dev/f5ddba02-4295-48d9-8ad5-ba8583871323/bc6ba36c-aa02-4630-a0ea-4150b9b69e36/Synthetic/e3b4321c-5d1a-41f2-9943-8db408537362_flux_1789423716.png,s3://datagen-dev/f5ddba02-4295-48d9-8ad5-ba8583871323/08788e35-b887-4d04-9a7f-40b900d15569/coco.json,COCO,s3://datagen-dev/f5ddba02-4295-48d9-8ad5-ba8583871323/bc6ba36c-aa02-4630-a0ea-4150b9b69e36/Synthetic/e3b4321c-5d1a-41f2-9943-8db408537362_flux_1789423716.png
s3://datagen-dev/f5ddba02-4295-48d9-8ad5-ba8583871323/bc6ba36c-aa02-4630-a0ea-4150b9b69e36/Synthetic/bce7d6b6-bece-40d9-b508-8630e5d4c455_flux_1789422900.png,s3://datagen-dev/f5ddba02-4295-48d9-8ad5-ba8583871323/08788e35-b887-4d04-9a7f-40b900d15569/coco.json,COCO,s3://datagen-dev/f5ddba02-4295-48d9-8ad5-ba8583871323/bc6ba36c-aa02-4630-a0ea-4150b9b69e36/Synthetic/bce7d6b6-bece-40d9-b508-8630e5d4c455_flux_1789422900.png
s3://datagen-dev/f5ddba02-4295-48d9-8ad5-ba8583871323/bc6ba36c-aa02-4630-a0ea-4150b9b69e36/Synthetic/2a7b3f12-2961-41d1-8036-f71b229591ed_flux_1789426602.png,s3://datagen-dev/f5ddba02-4295-48d9-8ad5-ba8583871323/08788e35-b887-4d04-9a7f-40b900d15569/coco.json,COCO,s3://datagen-dev/f5ddba02-4295-48d9-8ad5-ba8583871323/bc6ba36c-aa02-4630-a0ea-4150b9b69e36/Synthetic/2a7b3f12-2961-41d1-8036-f71b229591ed_flux_1789426602.png
s3://datagen-dev/f5ddba02-4295-48d9-8ad5-ba8583871323/bc6ba36c-aa02-4630-a0ea-4150b9b69e36/Synthetic/dc5fb735-5245-4a13-b493-1a65e0a05ccc_flux_1789424992.png,s3://datagen-dev/f5ddba02-4295-48d9-8ad5-ba8583871323/08788e35-b887-4d04-9a7f-40b900d15569/coco.json,COCO,s3://datagen-dev/f5ddba02-4295-48d9-8ad5-ba8583871323/bc6ba36c-aa02-4630-a0ea-4150b9b69e36/Synthetic/dc5fb735-5245-4a13-b493-1a65e0a05ccc_flux_1789424992.png
s3://datagen-dev/f5ddba02-4295-48d9-8ad5-ba8583871323/bc6ba36c-aa02-4630-a0ea-4150b9b69e36/Synthetic/bbbdcc8d-04df-4e95-a49f-03680e7a23fa_flux_1789425436.png,s3://datagen-dev/f5ddba02-4295-48d9-8ad5-ba8583871323/08788e35-b887-4d04-9a7f-40b900d15569/coco.json,COCO,s3://datagen-dev/f5ddba02-4295-48d9-8ad5-ba8583871323/bc6ba36c-aa02-4630-a0ea-4150b9b69e36/Synthetic/bbbdcc8d-04df-4e95-a49f-03680e7a23fa_flux_1789425436.png
s3://datagen-dev/f5ddba02-4295-48d9-8ad5-ba8583871323/bc6ba36c-aa02-4630-a0ea-4150b9b69e36/Synthetic/2bd11c77-bbcb-4c5a-b4e6-23a5a318034c_flux_1789425758.png,s3://datagen-dev/f5ddba02-4295-48d9-8ad5-ba8583871323/08788e35-b887-4d04-9a7f-40b900d15569/coco.json,COCO,s3://datagen-dev/f5ddba02-4295-48d9-8ad5-ba8583871323/bc6ba36c-aa02-4630-a0ea-4150b9b69e36/Synthetic/2bd11c77-bbcb-4c5a-b4e6-23a5a318034c_flux_1789425758.png
s3://datagen-dev/f5ddba02-4295-48d9-8ad5-ba8583871323/bc6ba36c-aa02-4630-a0ea-4150b9b69e36/Synthetic/95800642-ced0-422a-8f32-6a031607e3f7_flux_1789423964.png,s3://datagen-dev/f5ddba02-4295-48d9-8ad5-ba8583871323/08788e35-b887-4d04-9a7f-40b900d15569/coco.json,COCO,s3://datagen-dev/f5ddba02-4295-48d9-8ad5-ba8583871323/bc6ba36c-aa02-4630-a0ea-4150b9b69e36/Synthetic/95800642-ced0-422a-8f32-6a031607e3f7_flux_1789423964.png
s3://datagen-dev/f5ddba02-4295-48d9-8ad5-ba8583871323/bc6ba36c-aa02-4630-a0ea-4150b9b69e36/Synthetic/ad462ff7-1aa7-423e-a0f0-6c85af5024c1_flux_1789424984.png,s3://datagen-dev/f5ddba02-4295-48d9-8ad5-ba8583871323/08788e35-b887-4d04-9a7f-40b900d15569/coco.json,COCO,s3://datagen-dev/f5ddba02-4295-48d9-8ad5-ba8583871323/bc6ba36c-aa02-4630-a0ea-4150b9b69e36/Synthetic/ad462ff7-1aa7-423e-a0f0-6c85af5024c1_flux_1789424984.png
s3://datagen-dev/f5ddba02-4295-48d9-8ad5-ba8583871323/bc6ba36c-aa02-4630-a0ea-4150b9b69e36/Synthetic/7272212f-88ba-4bac-99a1-55d83f6f1100_flux_1789422995.png,s3://datagen-dev/f5ddba02-4295-48d9-8ad5-ba8583871323/08788e35-b887-4d04-9a7f-40b900d15569/coco.json,COCO,s3://datagen-dev/f5ddba02-4295-48d9-8ad5-ba8583871323/bc6ba36c-aa02-4630-a0ea-4150b9b69e36/Synthetic/7272212f-88ba-4bac-99a1-55d83f6f1100_flux_1789422995.png
s3://datagen-dev/f5ddba02-4295-48d9-8ad5-ba8583871323/bc6ba36c-aa02-4630-a0ea-4150b9b69e36/Synthetic/65734518-7dbb-425e-a01f-f39f951d1578_flux_1789425484.png,s3://datagen-dev/f5ddba02-4295-48d9-8ad5-ba8583871323/08788e35-b887-4d04-9a7f-40b900d15569/coco.json,COCO,s3://datagen-dev/f5ddba02-4295-48d9-8ad5-ba8583871323/bc6ba36c-aa02-4630-a0ea-4150b9b69e36/Synthetic/65734518-7dbb-425e-a01f-f39f951d1578_flux_1789425484.png
s3://datagen-dev/f5ddba02-4295-48d9-8ad5-ba8583871323/bc6ba36c-aa02-4630-a0ea-4150b9b69e36/Synthetic/3c9024de-2115-41e7-8eaf-2ea3ef8c6af5_flux_1789424369.png,s3://datagen-dev/f5ddba02-4295-48d9-8ad5-ba8583871323/08788e35-b887-4d04-9a7f-40b900d15569/coco.json,COCO,s3://datagen-dev/f5ddba02-4295-48d9-8ad5-ba8583871323/bc6ba36c-aa02-4630-a0ea-4150b9b69e36/Synthetic/3c9024de-2115-41e7-8eaf-2ea3ef8c6af5_flux_1789424369.png
s3://datagen-dev/f5ddba02-4295-48d9-8ad5-ba8583871323/bc6ba36c-aa02-4630-a0ea-4150b9b69e36/Synthetic/3db870bb-e73a-4e11-92ad-833d341dd917_flux_1789425808.png,s3://datagen-dev/f5ddba02-4295-48d9-8ad5-ba8583871323/08788e35-b887-4d04-9a7f-40b900d15569/coco.json,COCO,s3://datagen-dev/f5ddba02-4295-48d9-8ad5-ba8583871323/bc6ba36c-aa02-4630-a0ea-4150b9b69e36/Synthetic/3db870bb-e73a-4e11-92ad-833d341dd917_flux_1789425808.png
s3://datagen-dev/f5ddba02-4295-48d9-8ad5-ba8583871323/bc6ba36c-aa02-4630-a0ea-4150b9b69e36/Synthetic/39c2a486-9d1f-4e43-a657-cdb48e331c50_flux_1789425553.png,s3://datagen-dev/f5ddba02-4295-48d9-8ad5-ba8583871323/08788e35-b887-4d04-9a7f-40b900d15569/coco.json,COCO,s3://datagen-dev/f5ddba02-4295-48d9-8ad5-ba8583871323/bc6ba36c-aa02-4630-a0ea-4150b9b69e36/Synthetic/39c2a486-9d1f-4e43-a657-cdb48e331c50_flux_1789425553.png
s3://datagen-dev/f5ddba02-4295-48d9-8ad5-ba8583871323/bc6ba36c-aa02-4630-a0ea-4150b9b69e36/Synthetic/be29648f-7e65-4062-8ddc-2a94074e32eb_flux_1789423436.png,s3://datagen-dev/f5ddba02-4295-48d9-8ad5-ba8583871323/08788e35-b887-4d04-9a7f-40b900d15569/coco.json,COCO,s3://datagen-dev/f5ddba02-4295-48d9-8ad5-ba8583871323/bc6ba36c-aa02-4630-a0ea-4150b9b69e36/Synthetic/be29648f-7e65-4062-8ddc-2a94074e32eb_flux_1789423436.png
s3://datagen-dev/f5ddba02-4295-48d9-8ad5-ba8583871323/bc6ba36c-aa02-4630-a0ea-4150b9b69e36/Synthetic/37ff55c9-9097-4910-b64e-2437b3cb7f5c_flux_1789424805.png,s3://datagen-dev/f5ddba02-4295-48d9-8ad5-ba8583871323/08788e35-b887-4d04-9a7f-40b900d15569/coco.json,COCO,s3://datagen-dev/f5ddba02-4295-48d9-8ad5-ba8583871323/bc6ba36c-aa02-4630-a0ea-4150b9b69e36/Synthetic/37ff55c9-9097-4910-b64e-2437b3cb7f5c_flux_1789424805.png
s3://datagen-dev/f5ddba02-4295-48d9-8ad5-ba8583871323/bc6ba36c-aa02-4630-a0ea-4150b9b69e36/Synthetic/baddad43-bd04-44be-8ac6-74c48c95aeae_flux_1789426116.png,s3://datagen-dev/f5ddba02-4295-48d9-8ad5-ba8583871323/08788e35-b887-4d04-9a7f-40b900d15569/coco.json,COCO,s3://datagen-dev/f5ddba02-4295-48d9-8ad5-ba8583871323/bc6ba36c-aa02-4630-a0ea-4150b9b69e36/Synthetic/baddad43-bd04-44be-8ac6-74c48c95aeae_flux_1789426116.png
s3://datagen-dev/f5ddba02-4295-48d9-8ad5-ba8583871323/bc6ba36c-aa02-4630-a0ea-4150b9b69e36/Synthetic/ecb02973-7a2c-4d87-9785-f073ed200c55_flux_1789423270.png,s3://datagen-dev/f5ddba02-4295-48d9-8ad5-ba8583871323/08788e35-b887-4d04-9a7f-40b900d15569/coco.json,COCO,s3://datagen-dev/f5ddba02-4295-48d9-8ad5-ba8583871323/bc6ba36c-aa02-4630-a0ea-4150b9b69e36/Synthetic/ecb02973-7a2c-4d87-9785-f073ed200c55_flux_1789423270.png
s3://datagen-dev/f5ddba02-4295-48d9-8ad5-ba8583871323/bc6ba36c-aa02-4630-a0ea-4150b9b69e36/Synthetic/38510513-bc70-4ae8-86f8-c25503f299bd_flux_1789425386.png,s3://datagen-dev/f5ddba02-4295-48d9-8ad5-ba8583871323/08788e35-b887-4d04-9a7f-40b900d15569/coco.json,COCO,s3://datagen-dev/f5ddba02-4295-48d9-8ad5-ba8583871323/bc6ba36c-aa02-4630-a0ea-4150b9b69e36/Synthetic/38510513-bc70-4ae8-86f8-c25503f299bd_flux_1789425386.png
s3://datagen-dev/f5ddba02-4295-48d9-8ad5-ba8583871323/bc6ba36c-aa02-4630-a0ea-4150b9b69e36/Synthetic/c6f7c020-bf30-4094-8bdc-6979f302014d_flux_1789424854.png,s3://datagen-dev/f5ddba02-4295-48d9-8ad5-ba8583871323/08788e35-b887-4d04-9a7f-40b900d15569/coco.json,COCO,s3://datagen-dev/f5ddba02-4295-48d9-8ad5-ba8583871323/bc6ba36c-aa02-4630-a0ea-4150b9b69e36/Synthetic/c6f7c020-bf30-4094-8bdc-6979f302014d_flux_1789424854.png
s3://datagen-dev/f5ddba02-4295-48d9-8ad5-ba8583871323/bc6ba36c-aa02-4630-a0ea-4150b9b69e36/Synthetic/788e74ee-0452-42a9-955f-4d323b7f806a_flux_1789425472.png,s3://datagen-dev/f5ddba02-4295-48d9-8ad5-ba8583871323/08788e35-b887-4d04-9a7f-40b900d15569/coco.json,COCO,s3://datagen-dev/f5ddba02-4295-48d9-8ad5-ba8583871323/bc6ba36c-aa02-4630-a0ea-4150b9b69e36/Synthetic/788e74ee-0452-42a9-955f-4d323b7f806a_flux_1789425472.png
s3://datagen-dev/f5ddba02-4295-48d9-8ad5-ba8583871323/bc6ba36c-aa02-4630-a0ea-4150b9b69e36/Synthetic/62bbd99c-1650-472c-a47e-bce132749d7f_flux_1789425845.png,s3://datagen-dev/f5ddba02-4295-48d9-8ad5-ba8583871323/08788e35-b887-4d04-9a7f-40b900d15569/coco.json,COCO,s3://datagen-dev/f5ddba02-4295-48d9-8ad5-ba8583871323/bc6ba36c-aa02-4630-a0ea-4150b9b69e36/Synthetic/62bbd99c-1650-472c-a47e-bce132749d7f_flux_1789425845.png
s3://datagen-dev/f5ddba02-4295-48d9-8ad5-ba8583871323/bc6ba36c-aa02-4630-a0ea-4150b9b69e36/Synthetic/61f7e011-219a-4cbf-89f6-66be925c7781_flux_1789425287.png,s3://datagen-dev/f5ddba02-4295-48d9-8ad5-ba8583871323/08788e35-b887-4d04-9a7f-40b900d15569/coco.json,COCO,s3://datagen-dev/f5ddba02-4295-48d9-8ad5-ba8583871323/bc6ba36c-aa02-4630-a0ea-4150b9b69e36/Synthetic/61f7e011-219a-4cbf-89f6-66be925c7781_flux_1789425287.png
s3://datagen-dev/f5ddba02-4295-48d9-8ad5-ba8583871323/bc6ba36c-aa02-4630-a0ea-4150b9b69e36/Synthetic/fbbd36ab-8ce9-4e41-8944-f2c8e6f1b7d7_flux_1789426071.png,s3://datagen-dev/f5ddba02-4295-48d9-8ad5-ba8583871323/08788e35-b887-4d04-9a7f-40b900d15569/coco.json,COCO,s3://datagen-dev/f5ddba02-4295-48d9-8ad5-ba8583871323/bc6ba36c-aa02-4630-a0ea-4150b9b69e36/Synthetic/fbbd36ab-8ce9-4e41-8944-f2c8e6f1b7d7_flux_1789426071.png
s3://datagen-dev/f5ddba02-4295-48d9-8ad5-ba8583871323/bc6ba36c-aa02-4630-a0ea-4150b9b69e36/Synthetic/cde6a6b9-3622-425a-a6b9-62557dbbda51_flux_1789425374.png,s3://datagen-dev/f5ddba02-4295-48d9-8ad5-ba8583871323/08788e35-b887-4d04-9a7f-40b900d15569/coco.json,COCO,s3://datagen-dev/f5ddba02-4295-48d9-8ad5-ba8583871323/bc6ba36c-aa02-4630-a0ea-4150b9b69e36/Synthetic/cde6a6b9-3622-425a-a6b9-62557dbbda51_flux_1789425374.png
s3://datagen-dev/f5ddba02-4295-48d9-8ad5-ba8583871323/bc6ba36c-aa02-4630-a0ea-4150b9b69e36/Synthetic/0131671f-0f55-44d9-8de9-ca2cc5b79836_flux_1789424703.png,s3://datagen-dev/f5ddba02-4295-48d9-8ad5-ba8583871323/08788e35-b887-4d04-9a7f-40b900d15569/coco.json,COCO,s3://datagen-dev/f5ddba02-4295-48d9-8ad5-ba8583871323/bc6ba36c-aa02-4630-a0ea-4150b9b69e36/Synthetic/0131671f-0f55-44d9-8de9-ca2cc5b79836_flux_1789424703.png
s3://datagen-dev/f5ddba02-4295-48d9-8ad5-ba8583871323/bc6ba36c-aa02-4630-a0ea-4150b9b69e36/Synthetic/b3b7ae76-3b73-40ac-86d0-fe51327ad583_flux_1789426215.png,s3://datagen-dev/f5ddba02-4295-48d9-8ad5-ba8583871323/08788e35-b887-4d04-9a7f-40b900d15569/coco.json,COCO,s3://datagen-dev/f5ddba02-4295-48d9-8ad5-ba8583871323/bc6ba36c-aa02-4630-a0ea-4150b9b69e36/Synthetic/b3b7ae76-3b73-40ac-86d0-fe51327ad583_flux_1789426215.png
s3://datagen-dev/f5ddba02-4295-48d9-8ad5-ba8583871323/bc6ba36c-aa02-4630-a0ea-4150b9b69e36/Synthetic/de5f6e73-bc93-4ff2-9bcf-9852e115a2db_flux_1789423114.png,s3://datagen-dev/f5ddba02-4295-48d9-8ad5-ba8583871323/08788e35-b887-4d04-9a7f-40b900d15569/coco.json,COCO,s3://datagen-dev/f5ddba02-4295-48d9-8ad5-ba8583871323/bc6ba36c-aa02-4630-a0ea-4150b9b69e36/Synthetic/de5f6e73-bc93-4ff2-9bcf-9852e115a2db_flux_1789423114.png
s3://datagen-dev/f5ddba02-4295-48d9-8ad5-ba8583871323/bc6ba36c-aa02-4630-a0ea-4150b9b69e36/Synthetic/3787a36e-7e3a-4fce-906a-e19d932ebd4b_flux_1789424579.png,s3://datagen-dev/f5ddba02-4295-48d9-8ad5-ba8583871323/08788e35-b887-4d04-9a7f-40b900d15569/coco.json,COCO,s3://datagen-dev/f5ddba02-4295-48d9-8ad5-ba8583871323/bc6ba36c-aa02-4630-a0ea-4150b9b69e36/Synthetic/3787a36e-7e3a-4fce-906a-e19d932ebd4b_flux_1789424579.png
s3://datagen-dev/f5ddba02-4295-48d9-8ad5-ba8583871323/bc6ba36c-aa02-4630-a0ea-4150b9b69e36/Synthetic/f675364e-059e-4ad7-822a-06708a39dd40_flux_1789425812.png,s3://datagen-dev/f5ddba02-4295-48d9-8ad5-ba8583871323/08788e35-b887-4d04-9a7f-40b900d15569/coco.json,COCO,s3://datagen-dev/f5ddba02-4295-48d9-8ad5-ba8583871323/bc6ba36c-aa02-4630-a0ea-4150b9b69e36/Synthetic/f675364e-059e-4ad7-822a-06708a39dd40_flux_1789425812.png
s3://datagen-dev/f5ddba02-4295-48d9-8ad5-ba8583871323/bc6ba36c-aa02-4630-a0ea-4150b9b69e36/Synthetic/22f94363-aa11-44ff-9e53-9d0ae9ebc948_flux_1789425626.png,s3://datagen-dev/f5ddba02-4295-48d9-8ad5-ba8583871323/08788e35-b887-4d04-9a7f-40b900d15569/coco.json,COCO,s3://datagen-dev/f5ddba02-4295-48d9-8ad5-ba8583871323/bc6ba36c-aa02-4630-a0ea-4150b9b69e36/Synthetic/22f94363-aa11-44ff-9e53-9d0ae9ebc948_flux_1789425626.png
s3://datagen-dev/f5ddba02-4295-48d9-8ad5-ba8583871323/bc6ba36c-aa02-4630-a0ea-4150b9b69e36/Synthetic/f1c10777-9ad3-4518-8939-e974d4ad91e1_flux_1789425053.png,s3://datagen-dev/f5ddba02-4295-48d9-8ad5-ba8583871323/08788e35-b887-4d04-9a7f-40b900d15569/coco.json,COCO,s3://datagen-dev/f5ddba02-4295-48d9-8ad5-ba8583871323/bc6ba36c-aa02-4630-a0ea-4150b9b69e36/Synthetic/f1c10777-9ad3-4518-8939-e974d4ad91e1_flux_1789425053.png
s3://datagen-dev/f5ddba02-4295-48d9-8ad5-ba8583871323/bc6ba36c-aa02-4630-a0ea-4150b9b69e36/Synthetic/24fbac14-c337-4fea-b43e-bca1cec5492c_flux_1789426532.png,s3://datagen-dev/f5ddba02-4295-48d9-8ad5-ba8583871323/08788e35-b887-4d04-9a7f-40b900d15569/coco.json,COCO,s3://datagen-dev/f5ddba02-4295-48d9-8ad5-ba8583871323/bc6ba36c-aa02-4630-a0ea-4150b9b69e36/Synthetic/24fbac14-c337-4fea-b43e-bca1cec5492c_flux_1789426532.png
s3://datagen-dev/f5ddba02-4295-48d9-8ad5-ba8583871323/bc6ba36c-aa02-4630-a0ea-4150b9b69e36/Synthetic/49bca36a-57f0-440c-ab97-6f3087f794f6_flux_1789423469.png,s3://datagen-dev/f5ddba02-4295-48d9-8ad5-ba8583871323/08788e35-b887-4d04-9a7f-40b900d15569/coco.json,COCO,s3://datagen-dev/f5ddba02-4295-48d9-8ad5-ba8583871323/bc6ba36c-aa02-4630-a0ea-4150b9b69e36/Synthetic/49bca36a-57f0-440c-ab97-6f3087f794f6_flux_1789423469.png
s3://datagen-dev/f5ddba02-4295-48d9-8ad5-ba8583871323/bc6ba36c-aa02-4630-a0ea-4150b9b69e36/Synthetic/3a8c136d-2f5b-4313-9c3d-e5b6624fe937_flux_1789425452.png,s3://datagen-dev/f5ddba02-4295-48d9-8ad5-ba8583871323/08788e35-b887-4d04-9a7f-40b900d15569/coco.json,COCO,s3://datagen-dev/f5ddba02-4295-48d9-8ad5-ba8583871323/bc6ba36c-aa02-4630-a0ea-4150b9b69e36/Synthetic/3a8c136d-2f5b-4313-9c3d-e5b6624fe937_flux_1789425452.png
s3://datagen-dev/f5ddba02-4295-48d9-8ad5-ba8583871323/bc6ba36c-aa02-4630-a0ea-4150b9b69e36/Synthetic/d0cc0abd-19b0-4ab5-b69c-0620dd3dac27_flux_1789425618.png,s3://datagen-dev/f5ddba02-4295-48d9-8ad5-ba8583871323/08788e35-b887-4d04-9a7f-40b900d15569/coco.json,COCO,s3://datagen-dev/f5ddba02-4295-48d9-8ad5-ba8583871323/bc6ba36c-aa02-4630-a0ea-4150b9b69e36/Synthetic/d0cc0abd-19b0-4ab5-b69c-0620dd3dac27_flux_1789425618.png
s3://datagen-dev/f5ddba02-4295-48d9-8ad5-ba8583871323/bc6ba36c-aa02-4630-a0ea-4150b9b69e36/Synthetic/40cae3f6-0b76-4054-8c44-6118007894d7_flux_1789425725.png,s3://datagen-dev/f5ddba02-4295-48d9-8ad5-ba8583871323/08788e35-b887-4d04-9a7f-40b900d15569/coco.json,COCO,s3://datagen-dev/f5ddba02-4295-48d9-8ad5-ba8583871323/bc6ba36c-aa02-4630-a0ea-4150b9b69e36/Synthetic/40cae3f6-0b76-4054-8c44-6118007894d7_flux_1789425725.png
s3://datagen-dev/f5ddba02-4295-48d9-8ad5-ba8583871323/bc6ba36c-aa02-4630-a0ea-4150b9b69e36/Synthetic/92ca4b96-6e4f-4ee9-b11d-c055ce6a22de_flux_1789424451.png,s3://datagen-dev/f5ddba02-4295-48d9-8ad5-ba8583871323/08788e35-b887-4d04-9a7f-40b900d15569/coco.json,COCO,s3://datagen-dev/f5ddba02-4295-48d9-8ad5-ba8583871323/bc6ba36c-aa02-4630-a0ea-4150b9b69e36/Synthetic/92ca4b96-6e4f-4ee9-b11d-c055ce6a22de_flux_1789424451.png
s3://datagen-dev/f5ddba02-4295-48d9-8ad5-ba8583871323/bc6ba36c-aa02-4630-a0ea-4150b9b69e36/Synthetic/19580b4f-2cca-4edc-a706-94e555ea920f_flux_1789425766.png,s3://datagen-dev/f5ddba02-4295-48d9-8ad5-ba8583871323/08788e35-b887-4d04-9a7f-40b900d15569/coco.json,COCO,s3://datagen-dev/f5ddba02-4295-48d9-8ad5-ba8583871323/bc6ba36c-aa02-4630-a0ea-4150b9b69e36/Synthetic/19580b4f-2cca-4edc-a706-94e555ea920f_flux_1789425766.png
s3://datagen-dev/f5ddba02-4295-48d9-8ad5-ba8583871323/bc6ba36c-aa02-4630-a0ea-4150b9b69e36/Synthetic/d0fa9c41-cbd7-4f39-9f00-422e6bceab97_flux_1789422891.png,s3://datagen-dev/f5ddba02-4295-48d9-8ad5-ba8583871323/08788e35-b887-4d04-9a7f-40b900d15569/coco.json,COCO,s3://datagen-dev/f5ddba02-4295-48d9-8ad5-ba8583871323/bc6ba36c-aa02-4630-a0ea-4150b9b69e36/Synthetic/d0fa9c41-cbd7-4f39-9f00-422e6bceab97_flux_1789422891.png
s3://datagen-dev/f5ddba02-4295-48d9-8ad5-ba8583871323/bc6ba36c-aa02-4630-a0ea-4150b9b69e36/Synthetic/5ed5400a-664a-4db5-bacb-08611af25b52_flux_1789426635.png,s3://datagen-dev/f5ddba02-4295-48d9-8ad5-ba8583871323/08788e35-b887-4d04-9a7f-40b900d15569/coco.json,COCO,s3://datagen-dev/f5ddba02-4295-48d9-8ad5-ba8583871323/bc6ba36c-aa02-4630-a0ea-4150b9b69e36/Synthetic/5ed5400a-664a-4db5-bacb-08611af25b52_flux_1789426635.png
s3://datagen-dev/f5ddba02-4295-48d9-8ad5-ba8583871323/bc6ba36c-aa02-4630-a0ea-4150b9b69e36/Synthetic/8ed7ac20-9880-4a1c-844c-5bb6552c205d_flux_1789426005.png,s3://datagen-dev/f5ddba02-4295-48d9-8ad5-ba8583871323/08788e35-b887-4d04-9a7f-40b900d15569/coco.json,COCO,s3://datagen-dev/f5ddba02-4295-48d9-8ad5-ba8583871323/bc6ba36c-aa02-4630-a0ea-4150b9b69e36/Synthetic/8ed7ac20-9880-4a1c-844c-5bb6552c205d_flux_1789426005.png
s3://datagen-dev/f5ddba02-4295-48d9-8ad5-ba8583871323/bc6ba36c-aa02-4630-a0ea-4150b9b69e36/Synthetic/dc53bca9-870c-4fac-a245-b45c42029706_flux_1789426277.png,s3://datagen-dev/f5ddba02-4295-48d9-8ad5-ba8583871323/08788e35-b887-4d04-9a7f-40b900d15569/coco.json,COCO,s3://datagen-dev/f5ddba02-4295-48d9-8ad5-ba8583871323/bc6ba36c-aa02-4630-a0ea-4150b9b69e36/Synthetic/dc53bca9-870c-4fac-a245-b45c42029706_flux_1789426277.png
s3://datagen-dev/f5ddba02-4295-48d9-8ad5-ba8583871323/bc6ba36c-aa02-4630-a0ea-4150b9b69e36/Synthetic/25a9f22a-45d3-49c8-9a14-df08e547dcf4_flux_1789424241.png,s3://datagen-dev/f5ddba02-4295-48d9-8ad5-ba8583871323/08788e35-b887-4d04-9a7f-40b900d15569/coco.json,COCO,s3://datagen-dev/f5ddba02-4295-48d9-8ad5-ba8583871323/bc6ba36c-aa02-4630-a0ea-4150b9b69e36/Synthetic/25a9f22a-45d3-49c8-9a14-df08e547dcf4_flux_1789424241.png
s3://datagen-dev/f5ddba02-4295-48d9-8ad5-ba8583871323/bc6ba36c-aa02-4630-a0ea-4150b9b69e36/Synthetic/d99b654a-3dde-4aea-92ee-f427e63f950a_flux_1789423972.png,s3://datagen-dev/f5ddba02-4295-48d9-8ad5-ba8583871323/08788e35-b887-4d04-9a7f-40b900d15569/coco.json,COCO,s3://datagen-dev/f5ddba02-4295-48d9-8ad5-ba8583871323/bc6ba36c-aa02-4630-a0ea-4150b9b69e36/Synthetic/d99b654a-3dde-4aea-92ee-f427e63f950a_flux_1789423972.png
s3://datagen-dev/f5ddba02-4295-48d9-8ad5-ba8583871323/bc6ba36c-aa02-4630-a0ea-4150b9b69e36/Synthetic/79f3cfc5-2772-420e-b5b9-06138b984593_flux_1789423828.png,s3://datagen-dev/f5ddba02-4295-48d9-8ad5-ba8583871323/08788e35-b887-4d04-9a7f-40b900d15569/coco.json,COCO,s3://datagen-dev/f5ddba02-4295-48d9-8ad5-ba8583871323/bc6ba36c-aa02-4630-a0ea-4150b9b69e36/Synthetic/79f3cfc5-2772-420e-b5b9-06138b984593_flux_1789423828.png
s3://datagen-dev/f5ddba02-4295-48d9-8ad5-ba8583871323/bc6ba36c-aa02-4630-a0ea-4150b9b69e36/Synthetic/f77a2257-49cf-4bbf-90f2-73d93d70f9ec_flux_1789425205.png,s3://datagen-dev/f5ddba02-4295-48d9-8ad5-ba8583871323/08788e35-b887-4d04-9a7f-40b900d15569/coco.json,COCO,s3://datagen-dev/f5ddba02-4295-48d9-8ad5-ba8583871323/bc6ba36c-aa02-4630-a0ea-4150b9b69e36/Synthetic/f77a2257-49cf-4bbf-90f2-73d93d70f9ec_flux_1789425205.png
s3://datagen-dev/f5ddba02-4295-48d9-8ad5-ba8583871323/bc6ba36c-aa02-4630-a0ea-4150b9b69e36/Synthetic/1516d8db-fe7c-465d-91fe-eaf66b7e1f2e_flux_1789426211.png,s3://datagen-dev/f5ddba02-4295-48d9-8ad5-ba8583871323/08788e35-b887-4d04-9a7f-40b900d15569/coco.json,COCO,s3://datagen-dev/f5ddba02-4295-48d9-8ad5-ba8583871323/bc6ba36c-aa02-4630-a0ea-4150b9b69e36/Synthetic/1516d8db-fe7c-465d-91fe-eaf66b7e1f2e_flux_1789426211.png
s3://datagen-dev/f5ddba02-4295-48d9-8ad5-ba8583871323/bc6ba36c-aa02-4630-a0ea-4150b9b69e36/Synthetic/823bf624-c1f7-4f6f-8841-270c1665b391_flux_1789422813.png,s3://datagen-dev/f5ddba02-4295-48d9-8ad5-ba8583871323/08788e35-b887-4d04-9a7f-40b900d15569/coco.json,COCO,s3://datagen-dev/f5ddba02-4295-48d9-8ad5-ba8583871323/bc6ba36c-aa02-4630-a0ea-4150b9b69e36/Synthetic/823bf624-c1f7-4f6f-8841-270c1665b391_flux_1789422813.png
s3://datagen-dev/f5ddba02-4295-48d9-8ad5-ba8583871323/bc6ba36c-aa02-4630-a0ea-4150b9b69e36/Synthetic/3c918798-fd9f-40dc-a053-3273c0f3c7bb_flux_1789424236.png,s3://datagen-dev/f5ddba02-4295-48d9-8ad5-ba8583871323/08788e35-b887-4d04-9a7f-40b900d15569/coco.json,COCO,s3://datagen-dev/f5ddba02-4295-48d9-8ad5-ba8583871323/bc6ba36c-aa02-4630-a0ea-4150b9b69e36/Synthetic/3c918798-fd9f-40dc-a053-3273c0f3c7bb_flux_1789424236.png
s3://datagen-dev/f5ddba02-4295-48d9-8ad5-ba8583871323/bc6ba36c-aa02-4630-a0ea-4150b9b69e36/Synthetic/ba1f43b0-4c3a-45ed-a6bb-4e9f295b273a_flux_1789423332.png,s3://datagen-dev/f5ddba02-4295-48d9-8ad5-ba8583871323/08788e35-b887-4d04-9a7f-40b900d15569/coco.json,COCO,s3://datagen-dev/f5ddba02-4295-48d9-8ad5-ba8583871323/bc6ba36c-aa02-4630-a0ea-4150b9b69e36/Synthetic/ba1f43b0-4c3a-45ed-a6bb-4e9f295b273a_flux_1789423332.png
s3://datagen-dev/f5ddba02-4295-48d9-8ad5-ba8583871323/bc6ba36c-aa02-4630-a0ea-4150b9b69e36/Synthetic/9421ff25-1cb1-4a67-80df-c14ee7e1c841_flux_1789425407.png,s3://datagen-dev/f5ddba02-4295-48d9-8ad5-ba8583871323/08788e35-b887-4d04-9a7f-40b900d15569/coco.json,COCO,s3://datagen-dev/f5ddba02-4295-48d9-8ad5-ba8583871323/bc6ba36c-aa02-4630-a0ea-4150b9b69e36/Synthetic/9421ff25-1cb1-4a67-80df-c14ee7e1c841_flux_1789425407.png
s3://datagen-dev/f5ddba02-4295-48d9-8ad5-ba8583871323/bc6ba36c-aa02-4630-a0ea-4150b9b69e36/Synthetic/9468f3b0-dcbd-43bb-bcbb-847839f08897_flux_1789425902.png,s3://datagen-dev/f5ddba02-4295-48d9-8ad5-ba8583871323/08788e35-b887-4d04-9a7f-40b900d15569/coco.json,COCO,s3://datagen-dev/f5ddba02-4295-48d9-8ad5-ba8583871323/bc6ba36c-aa02-4630-a0ea-4150b9b69e36/Synthetic/9468f3b0-dcbd-43bb-bcbb-847839f08897_flux_1789425902.png
s3://datagen-dev/f5ddba02-4295-48d9-8ad5-ba8583871323/bc6ba36c-aa02-4630-a0ea-4150b9b69e36/Synthetic/da077719-5584-4f78-9a84-1af7ac25fef1_flux_1789425980.png,s3://datagen-dev/f5ddba02-4295-48d9-8ad5-ba8583871323/08788e35-b887-4d04-9a7f-40b900d15569/coco.json,COCO,s3://datagen-dev/f5ddba02-4295-48d9-8ad5-ba8583871323/bc6ba36c-aa02-4630-a0ea-4150b9b69e36/Synthetic/da077719-5584-4f78-9a84-1af7ac25fef1_flux_1789425980.png
s3://datagen-dev/f5ddba02-4295-48d9-8ad5-ba8583871323/bc6ba36c-aa02-4630-a0ea-4150b9b69e36/Synthetic/6247455e-ebe4-4172-8a86-dbe253af04dc_flux_1789424817.png,s3://datagen-dev/f5ddba02-4295-48d9-8ad5-ba8583871323/08788e35-b887-4d04-9a7f-40b900d15569/coco.json,COCO,s3://datagen-dev/f5ddba02-4295-48d9-8ad5-ba8583871323/bc6ba36c-aa02-4630-a0ea-4150b9b69e36/Synthetic/6247455e-ebe4-4172-8a86-dbe253af04dc_flux_1789424817.png
s3://datagen-dev/f5ddba02-4295-48d9-8ad5-ba8583871323/bc6ba36c-aa02-4630-a0ea-4150b9b69e36/Synthetic/c35bc34f-a50d-4d3a-9bab-61cd3862f3fa_flux_1789423307.png,s3://datagen-dev/f5ddba02-4295-48d9-8ad5-ba8583871323/08788e35-b887-4d04-9a7f-40b900d15569/coco.json,COCO,s3://datagen-dev/f5ddba02-4295-48d9-8ad5-ba8583871323/bc6ba36c-aa02-4630-a0ea-4150b9b69e36/Synthetic/c35bc34f-a50d-4d3a-9bab-61cd3862f3fa_flux_1789423307.png
s3://datagen-dev/f5ddba02-4295-48d9-8ad5-ba8583871323/bc6ba36c-aa02-4630-a0ea-4150b9b69e36/Synthetic/8306a920-0c42-4ec8-a93a-eecf2c800d1f_flux_1789424731.png,s3://datagen-dev/f5ddba02-4295-48d9-8ad5-ba8583871323/08788e35-b887-4d04-9a7f-40b900d15569/coco.json,COCO,s3://datagen-dev/f5ddba02-4295-48d9-8ad5-ba8583871323/bc6ba36c-aa02-4630-a0ea-4150b9b69e36/Synthetic/8306a920-0c42-4ec8-a93a-eecf2c800d1f_flux_1789424731.png
s3://datagen-dev/f5ddba02-4295-48d9-8ad5-ba8583871323/bc6ba36c-aa02-4630-a0ea-4150b9b69e36/Synthetic/2e6126dc-fb90-485d-bb5d-f44e3e6e0dbf_flux_1789425926.png,s3://datagen-dev/f5ddba02-4295-48d9-8ad5-ba8583871323/08788e35-b887-4d04-9a7f-40b900d15569/coco.json,COCO,s3://datagen-dev/f5ddba02-4295-48d9-8ad5-ba8583871323/bc6ba36c-aa02-4630-a0ea-4150b9b69e36/Synthetic/2e6126dc-fb90-485d-bb5d-f44e3e6e0dbf_flux_1789425926.png
s3://datagen-dev/f5ddba02-4295-48d9-8ad5-ba8583871323/bc6ba36c-aa02-4630-a0ea-4150b9b69e36/Synthetic/2094a1a5-f6e9-442f-b325-6acb6c61522c_flux_1789423741.png,s3://datagen-dev/f5ddba02-4295-48d9-8ad5-ba8583871323/08788e35-b887-4d04-9a7f-40b900d15569/coco.json,COCO,s3://datagen-dev/f5ddba02-4295-48d9-8ad5-ba8583871323/bc6ba36c-aa02-4630-a0ea-4150b9b69e36/Synthetic/2094a1a5-f6e9-442f-b325-6acb6c61522c_flux_1789423741.png
s3://datagen-dev/f5ddba02-4295-48d9-8ad5-ba8583871323/bc6ba36c-aa02-4630-a0ea-4150b9b69e36/Synthetic/6771cdd6-714f-411b-b0dd-39b32aab7d92_flux_1789426314.png,s3://datagen-dev/f5ddba02-4295-48d9-8ad5-ba8583871323/08788e35-b887-4d04-9a7f-40b900d15569/coco.json,COCO,s3://datagen-dev/f5ddba02-4295-48d9-8ad5-ba8583871323/bc6ba36c-aa02-4630-a0ea-4150b9b69e36/Synthetic/6771cdd6-714f-411b-b0dd-39b32aab7d92_flux_1789426314.png
s3://datagen-dev/f5ddba02-4295-48d9-8ad5-ba8583871323/bc6ba36c-aa02-4630-a0ea-4150b9b69e36/Synthetic/ed7656a8-8ae7-4755-9131-412298e418ba_flux_1789426203.png,s3://datagen-dev/f5ddba02-4295-48d9-8ad5-ba8583871323/08788e35-b887-4d04-9a7f-40b900d15569/coco.json,COCO,s3://datagen-dev/f5ddba02-4295-48d9-8ad5-ba8583871323/bc6ba36c-aa02-4630-a0ea-4150b9b69e36/Synthetic/ed7656a8-8ae7-4755-9131-412298e418ba_flux_1789426203.png
s3://datagen-dev/f5ddba02-4295-48d9-8ad5-ba8583871323/bc6ba36c-aa02-4630-a0ea-4150b9b69e36/Synthetic/19168af7-889b-49b1-b6fc-bc7131565014_flux_1789425918.png,s3://datagen-dev/f5ddba02-4295-48d9-8ad5-ba8583871323/08788e35-b887-4d04-9a7f-40b900d15569/coco.json,COCO,s3://datagen-dev/f5ddba02-4295-48d9-8ad5-ba8583871323/bc6ba36c-aa02-4630-a0ea-4150b9b69e36/Synthetic/19168af7-889b-49b1-b6fc-bc7131565014_flux_1789425918.png
s3://datagen-dev/f5ddba02-4295-48d9-8ad5-ba8583871323/bc6ba36c-aa02-4630-a0ea-4150b9b69e36/Synthetic/b7aaf315-faee-44e0-8320-f724564dfc8c_flux_1789423955.png,s3://datagen-dev/f5ddba02-4295-48d9-8ad5-ba8583871323/08788e35-b887-4d04-9a7f-40b900d15569/coco.json,COCO,s3://datagen-dev/f5ddba02-4295-48d9-8ad5-ba8583871323/bc6ba36c-aa02-4630-a0ea-4150b9b69e36/Synthetic/b7aaf315-faee-44e0-8320-f724564dfc8c_flux_1789423955.png
s3://datagen-dev/f5ddba02-4295-48d9-8ad5-ba8583871323/bc6ba36c-aa02-4630-a0ea-4150b9b69e36/Synthetic/f084a92b-cf58-45b2-9f6e-c1ab0dfed919_flux_1789423258.png,s3://datagen-dev/f5ddba02-4295-48d9-8ad5-ba8583871323/08788e35-b887-4d04-9a7f-40b900d15569/coco.json,COCO,s3://datagen-dev/f5ddba02-4295-48d9-8ad5-ba8583871323/bc6ba36c-aa02-4630-a0ea-4150b9b69e36/Synthetic/f084a92b-cf58-45b2-9f6e-c1ab0dfed919_flux_1789423258.png
s3://datagen-dev/f5ddba02-4295-48d9-8ad5-ba8583871323/bc6ba36c-aa02-4630-a0ea-4150b9b69e36/Synthetic/9980f6dd-2551-487c-a510-401fc3db0bd3_flux_1789424551.png,s3://datagen-dev/f5ddba02-4295-48d9-8ad5-ba8583871323/08788e35-b887-4d04-9a7f-40b900d15569/coco.json,COCO,s3://datagen-dev/f5ddba02-4295-48d9-8ad5-ba8583871323/bc6ba36c-aa02-4630-a0ea-4150b9b69e36/Synthetic/9980f6dd-2551-487c-a510-401fc3db0bd3_flux_1789424551.png
s3://datagen-dev/f5ddba02-4295-48d9-8ad5-ba8583871323/bc6ba36c-aa02-4630-a0ea-4150b9b69e36/Synthetic/e8c87d84-37d2-4617-add9-3648e311766a_flux_1789426067.png,s3://datagen-dev/f5ddba02-4295-48d9-8ad5-ba8583871323/08788e35-b887-4d04-9a7f-40b900d15569/coco.json,COCO,s3://datagen-dev/f5ddba02-4295-48d9-8ad5-ba8583871323/bc6ba36c-aa02-4630-a0ea-4150b9b69e36/Synthetic/e8c87d84-37d2-4617-add9-3648e311766a_flux_1789426067.png
s3://datagen-dev/f5ddba02-4295-48d9-8ad5-ba8583871323/bc6ba36c-aa02-4630-a0ea-4150b9b69e36/Synthetic/a96f9675-6f9b-4562-bc2a-78f992f6a4f2_flux_1789423403.png,s3://datagen-dev/f5ddba02-4295-48d9-8ad5-ba8583871323/08788e35-b887-4d04-9a7f-40b900d15569/coco.json,COCO,s3://datagen-dev/f5ddba02-4295-48d9-8ad5-ba8583871323/bc6ba36c-aa02-4630-a0ea-4150b9b69e36/Synthetic/a96f9675-6f9b-4562-bc2a-78f992f6a4f2_flux_1789423403.png
s3://datagen-dev/f5ddba02-4295-48d9-8ad5-ba8583871323/bc6ba36c-aa02-4630-a0ea-4150b9b69e36/Synthetic/73d55c17-891f-4ffb-b244-24a6083c89b1_flux_1789425476.png,s3://datagen-dev/f5ddba02-4295-48d9-8ad5-ba8583871323/08788e35-b887-4d04-9a7f-40b900d15569/coco.json,COCO,s3://datagen-dev/f5ddba02-4295-48d9-8ad5-ba8583871323/bc6ba36c-aa02-4630-a0ea-4150b9b69e36/Synthetic/73d55c17-891f-4ffb-b244-24a6083c89b1_flux_1789425476.png
s3://datagen-dev/f5ddba02-4295-48d9-8ad5-ba8583871323/bc6ba36c-aa02-4630-a0ea-4150b9b69e36/Synthetic/e0819e54-154e-480f-9311-deaf0ba4dbb6_flux_1789425333.png,s3://datagen-dev/f5ddba02-4295-48d9-8ad5-ba8583871323/08788e35-b887-4d04-9a7f-40b900d15569/coco.json,COCO,s3://datagen-dev/f5ddba02-4295-48d9-8ad5-ba8583871323/bc6ba36c-aa02-4630-a0ea-4150b9b69e36/Synthetic/e0819e54-154e-480f-9311-deaf0ba4dbb6_flux_1789425333.png
s3://datagen-dev/f5ddba02-4295-48d9-8ad5-ba8583871323/bc6ba36c-aa02-4630-a0ea-4150b9b69e36/Synthetic/6f548cf1-f47d-4cec-81fa-393cc87bc2af_flux_1789424125.png,s3://datagen-dev/f5ddba02-4295-48d9-8ad5-ba8583871323/08788e35-b887-4d04-9a7f-40b900d15569/coco.json,COCO,s3://datagen-dev/f5ddba02-4295-48d9-8ad5-ba8583871323/bc6ba36c-aa02-4630-a0ea-4150b9b69e36/Synthetic/6f548cf1-f47d-4cec-81fa-393cc87bc2af_flux_1789424125.png
s3://datagen-dev/f5ddba02-4295-48d9-8ad5-ba8583871323/bc6ba36c-aa02-4630-a0ea-4150b9b69e36/Synthetic/6b635a4e-5ebc-4314-8e1f-38f8023b8bbb_flux_1789426034.png,s3://datagen-dev/f5ddba02-4295-48d9-8ad5-ba8583871323/08788e35-b887-4d04-9a7f-40b900d15569/coco.json,COCO,s3://datagen-dev/f5ddba02-4295-48d9-8ad5-ba8583871323/bc6ba36c-aa02-4630-a0ea-4150b9b69e36/Synthetic/6b635a4e-5ebc-4314-8e1f-38f8023b8bbb_flux_1789426034.png
s3://datagen-dev/f5ddba02-4295-48d9-8ad5-ba8583871323/bc6ba36c-aa02-4630-a0ea-4150b9b69e36/Synthetic/accbb118-26c3-4266-ba67-71eb52980a1a_flux_1789424784.png,s3://datagen-dev/f5ddba02-4295-48d9-8ad5-ba8583871323/08788e35-b887-4d04-9a7f-40b900d15569/coco.json,COCO,s3://datagen-dev/f5ddba02-4295-48d9-8ad5-ba8583871323/bc6ba36c-aa02-4630-a0ea-4150b9b69e36/Synthetic/accbb118-26c3-4266-ba67-71eb52980a1a_flux_1789424784.png
s3://datagen-dev/f5ddba02-4295-48d9-8ad5-ba8583871323/bc6ba36c-aa02-4630-a0ea-4150b9b69e36/Synthetic/75e1fda8-6ef6-4135-91a1-57e9fa179d46_flux_1789426730.png,s3://datagen-dev/f5ddba02-4295-48d9-8ad5-ba8583871323/08788e35-b887-4d04-9a7f-40b900d15569/coco.json,COCO,s3://datagen-dev/f5ddba02-4295-48d9-8ad5-ba8583871323/bc6ba36c-aa02-4630-a0ea-4150b9b69e36/Synthetic/75e1fda8-6ef6-4135-91a1-57e9fa179d46_flux_1789426730.png
s3://datagen-dev/f5ddba02-4295-48d9-8ad5-ba8583871323/bc6ba36c-aa02-4630-a0ea-4150b9b69e36/Synthetic/65c25abe-6631-40da-92c2-0cf7ffd1a669_flux_1789424443.png,s3://datagen-dev/f5ddba02-4295-48d9-8ad5-ba8583871323/08788e35-b887-4d04-9a7f-40b900d15569/coco.json,COCO,s3://datagen-dev/f5ddba02-4295-48d9-8ad5-ba8583871323/bc6ba36c-aa02-4630-a0ea-4150b9b69e36/Synthetic/65c25abe-6631-40da-92c2-0cf7ffd1a669_flux_1789424443.png
s3://datagen-dev/f5ddba02-4295-48d9-8ad5-ba8583871323/bc6ba36c-aa02-4630-a0ea-4150b9b69e36/Synthetic/62d0079b-37c4-495d-b226-5feea5670a4f_flux_1789424137.png,s3://datagen-dev/f5ddba02-4295-48d9-8ad5-ba8583871323/08788e35-b887-4d04-9a7f-40b900d15569/coco.json,COCO,s3://datagen-dev/f5ddba02-4295-48d9-8ad5-ba8583871323/bc6ba36c-aa02-4630-a0ea-4150b9b69e36/Synthetic/62d0079b-37c4-495d-b226-5feea5670a4f_flux_1789424137.png
s3://datagen-dev/f5ddba02-4295-48d9-8ad5-ba8583871323/bc6ba36c-aa02-4630-a0ea-4150b9b69e36/Synthetic/29c7756d-83f6-423c-b413-0f27638ff56e_flux_1789426746.png,s3://datagen-dev/f5ddba02-4295-48d9-8ad5-ba8583871323/08788e35-b887-4d04-9a7f-40b900d15569/coco.json,COCO,s3://datagen-dev/f5ddba02-4295-48d9-8ad5-ba8583871323/bc6ba36c-aa02-4630-a0ea-4150b9b69e36/Synthetic/29c7756d-83f6-423c-b413-0f27638ff56e_flux_1789426746.png
s3://datagen-dev/f5ddba02-4295-48d9-8ad5-ba8583871323/bc6ba36c-aa02-4630-a0ea-4150b9b69e36/Synthetic/1c00987a-4eb4-45ae-87c8-7c3d33db5bbd_flux_1789424096.png,s3://datagen-dev/f5ddba02-4295-48d9-8ad5-ba8583871323/08788e35-b887-4d04-9a7f-40b900d15569/coco.json,COCO,s3://datagen-dev/f5ddba02-4295-48d9-8ad5-ba8583871323/bc6ba36c-aa02-4630-a0ea-4150b9b69e36/Synthetic/1c00987a-4eb4-45ae-87c8-7c3d33db5bbd_flux_1789424096.png
s3://datagen-dev/f5ddba02-4295-48d9-8ad5-ba8583871323/bc6ba36c-aa02-4630-a0ea-4150b9b69e36/Synthetic/baf46d48-58fd-4fd1-8899-7ba109a26393_flux_1789423221.png,s3://datagen-dev/f5ddba02-4295-48d9-8ad5-ba8583871323/08788e35-b887-4d04-9a7f-40b900d15569/coco.json,COCO,s3://datagen-dev/f5ddba02-4295-48d9-8ad5-ba8583871323/bc6ba36c-aa02-4630-a0ea-4150b9b69e36/Synthetic/baf46d48-58fd-4fd1-8899-7ba109a26393_flux_1789423221.png
s3://datagen-dev/f5ddba02-4295-48d9-8ad5-ba8583871323/bc6ba36c-aa02-4630-a0ea-4150b9b69e36/Synthetic/4c511518-579d-491e-89b6-5b910faa5bd5_flux_1789425000.png,s3://datagen-dev/f5ddba02-4295-48d9-8ad5-ba8583871323/08788e35-b887-4d04-9a7f-40b900d15569/coco.json,COCO,s3://datagen-dev/f5ddba02-4295-48d9-8ad5-ba8583871323/bc6ba36c-aa02-4630-a0ea-4150b9b69e36/Synthetic/4c511518-579d-491e-89b6-5b910faa5bd5_flux_1789425000.png
s3://datagen-dev/f5ddba02-4295-48d9-8ad5-ba8583871323/bc6ba36c-aa02-4630-a0ea-4150b9b69e36/Synthetic/864c91fe-2603-4d1b-808e-7a55b394ce92_flux_1789425247.png,s3://datagen-dev/f5ddba02-4295-48d9-8ad5-ba8583871323/08788e35-b887-4d04-9a7f-40b900d15569/coco.json,COCO,s3://datagen-dev/f5ddba02-4295-48d9-8ad5-ba8583871323/bc6ba36c-aa02-4630-a0ea-4150b9b69e36/Synthetic/864c91fe-2603-4d1b-808e-7a55b394ce92_flux_1789425247.png
s3://datagen-dev/f5ddba02-4295-48d9-8ad5-ba8583871323/bc6ba36c-aa02-4630-a0ea-4150b9b69e36/Synthetic/b3b87790-75b1-4694-a0b8-f44acd161e56_flux_1789423374.png,s3://datagen-dev/f5ddba02-4295-48d9-8ad5-ba8583871323/08788e35-b887-4d04-9a7f-40b900d15569/coco.json,COCO,s3://datagen-dev/f5ddba02-4295-48d9-8ad5-ba8583871323/bc6ba36c-aa02-4630-a0ea-4150b9b69e36/Synthetic/b3b87790-75b1-4694-a0b8-f44acd161e56_flux_1789423374.png
s3://datagen-dev/f5ddba02-4295-48d9-8ad5-ba8583871323/bc6ba36c-aa02-4630-a0ea-4150b9b69e36/Synthetic/e592db87-001e-47c9-a174-753942ac1a48_flux_1789424195.png,s3://datagen-dev/f5ddba02-4295-48d9-8ad5-ba8583871323/08788e35-b887-4d04-9a7f-40b900d15569/coco.json,COCO,s3://datagen-dev/f5ddba02-4295-48d9-8ad5-ba8583871323/bc6ba36c-aa02-4630-a0ea-4150b9b69e36/Synthetic/e592db87-001e-47c9-a174-753942ac1a48_flux_1789424195.png
s3://datagen-dev/f5ddba02-4295-48d9-8ad5-ba8583871323/bc6ba36c-aa02-4630-a0ea-4150b9b69e36/Synthetic/5072f8a0-dc9b-4f33-8ed3-47dab6b42739_flux_1789423427.png,s3://datagen-dev/f5ddba02-4295-48d9-8ad5-ba8583871323/08788e35-b887-4d04-9a7f-40b900d15569/coco.json,COCO,s3://datagen-dev/f5ddba02-4295-48d9-8ad5-ba8583871323/bc6ba36c-aa02-4630-a0ea-4150b9b69e36/Synthetic/5072f8a0-dc9b-4f33-8ed3-47dab6b42739_flux_1789423427.png
s3://datagen-dev/f5ddba02-4295-48d9-8ad5-ba8583871323/bc6ba36c-aa02-4630-a0ea-4150b9b69e36/Synthetic/46f10bde-0065-43e2-9c1f-c7d8824e8f55_flux_1789424649.png,s3://datagen-dev/f5ddba02-4295-48d9-8ad5-ba8583871323/08788e35-b887-4d04-9a7f-40b900d15569/coco.json,COCO,s3://datagen-dev/f5ddba02-4295-48d9-8ad5-ba8583871323/bc6ba36c-aa02-4630-a0ea-4150b9b69e36/Synthetic/46f10bde-0065-43e2-9c1f-c7d8824e8f55_flux_1789424649.png
s3://datagen-dev/f5ddba02-4295-48d9-8ad5-ba8583871323/bc6ba36c-aa02-4630-a0ea-4150b9b69e36/Synthetic/db5aaa9c-8e0e-4ecb-bb4d-4c37ce6e84f4_flux_1789422916.png,s3://datagen-dev/f5ddba02-4295-48d9-8ad5-ba8583871323/08788e35-b887-4d04-9a7f-40b900d15569/coco.json,COCO,s3://datagen-dev/f5ddba02-4295-48d9-8ad5-ba8583871323/bc6ba36c-aa02-4630-a0ea-4150b9b69e36/Synthetic/db5aaa9c-8e0e-4ecb-bb4d-4c37ce6e84f4_flux_1789422916.png
s3://datagen-dev/f5ddba02-4295-48d9-8ad5-ba8583871323/bc6ba36c-aa02-4630-a0ea-4150b9b69e36/Synthetic/b9962057-a004-40cf-b5e3-76d3a2619912_flux_1789423365.png,s3://datagen-dev/f5ddba02-4295-48d9-8ad5-ba8583871323/08788e35-b887-4d04-9a7f-40b900d15569/coco.json,COCO,s3://datagen-dev/f5ddba02-4295-48d9-8ad5-ba8583871323/bc6ba36c-aa02-4630-a0ea-4150b9b69e36/Synthetic/b9962057-a004-40cf-b5e3-76d3a2619912_flux_1789423365.png
s3://datagen-dev/f5ddba02-4295-48d9-8ad5-ba8583871323/bc6ba36c-aa02-4630-a0ea-4150b9b69e36/Synthetic/69d656d5-7d0f-429f-8d14-8658ee4d4278_flux_1789425877.png,s3://datagen-dev/f5ddba02-4295-48d9-8ad5-ba8583871323/08788e35-b887-4d04-9a7f-40b900d15569/coco.json,COCO,s3://datagen-dev/f5ddba02-4295-48d9-8ad5-ba8583871323/bc6ba36c-aa02-4630-a0ea-4150b9b69e36/Synthetic/69d656d5-7d0f-429f-8d14-8658ee4d4278_flux_1789425877.png
s3://datagen-dev/f5ddba02-4295-48d9-8ad5-ba8583871323/bc6ba36c-aa02-4630-a0ea-4150b9b69e36/Synthetic/5ffa5fb8-4b8b-44e5-8472-f455286aff16_flux_1789425951.png,s3://datagen-dev/f5ddba02-4295-48d9-8ad5-ba8583871323/08788e35-b887-4d04-9a7f-40b900d15569/coco.json,COCO,s3://datagen-dev/f5ddba02-4295-48d9-8ad5-ba8583871323/bc6ba36c-aa02-4630-a0ea-4150b9b69e36/Synthetic/5ffa5fb8-4b8b-44e5-8472-f455286aff16_flux_1789425951.png
s3://datagen-dev/f5ddba02-4295-48d9-8ad5-ba8583871323/bc6ba36c-aa02-4630-a0ea-4150b9b69e36/Synthetic/2884eca6-f975-42fb-b156-8f717cd463c1_flux_1789424596.png,s3://datagen-dev/f5ddba02-4295-48d9-8ad5-ba8583871323/08788e35-b887-4d04-9a7f-40b900d15569/coco.json,COCO,s3://datagen-dev/f5ddba02-4295-48d9-8ad5-ba8583871323/bc6ba36c-aa02-4630-a0ea-4150b9b69e36/Synthetic/2884eca6-f975-42fb-b156-8f717cd463c1_flux_1789424596.png
s3://datagen-dev/f5ddba02-4295-48d9-8ad5-ba8583871323/bc6ba36c-aa02-4630-a0ea-4150b9b69e36/Synthetic/86a4a8ff-b63f-467b-81e9-3a2b636ca130_flux_1789422991.png,s3://datagen-dev/f5ddba02-4295-48d9-8ad5-ba8583871323/08788e35-b887-4d04-9a7f-40b900d15569/coco.json,COCO,s3://datagen-dev/f5ddba02-4295-48d9-8ad5-ba8583871323/bc6ba36c-aa02-4630-a0ea-4150b9b69e36/Synthetic/86a4a8ff-b63f-467b-81e9-3a2b636ca130_flux_1789422991.png
s3://datagen-dev/f5ddba02-4295-48d9-8ad5-ba8583871323/bc6ba36c-aa02-4630-a0ea-4150b9b69e36/Synthetic/c934be37-7d94-4819-ad27-5db10cd70ef1_flux_1789422895.png,s3://datagen-dev/f5ddba02-4295-48d9-8ad5-ba8583871323/08788e35-b887-4d04-9a7f-40b900d15569/coco.json,COCO,s3://datagen-dev/f5ddba02-4295-48d9-8ad5-ba8583871323/bc6ba36c-aa02-4630-a0ea-4150b9b69e36/Synthetic/c934be37-7d94-4819-ad27-5db10cd70ef1_flux_1789422895.png
s3://datagen-dev/f5ddba02-4295-48d9-8ad5-ba8583871323/bc6ba36c-aa02-4630-a0ea-4150b9b69e36/Synthetic/5803f501-a275-43e0-869a-48aeb11a3ff8_flux_1789425906.png,s3://datagen-dev/f5ddba02-4295-48d9-8ad5-ba8583871323/08788e35-b887-4d04-9a7f-40b900d15569/coco.json,COCO,s3://datagen-dev/f5ddba02-4295-48d9-8ad5-ba8583871323/bc6ba36c-aa02-4630-a0ea-4150b9b69e36/Synthetic/5803f501-a275-43e0-869a-48aeb11a3ff8_flux_1789425906.png
s3://datagen-dev/f5ddba02-4295-48d9-8ad5-ba8583871323/bc6ba36c-aa02-4630-a0ea-4150b9b69e36/Synthetic/abbb9c4d-16dc-432b-b741-c10d398f2c2e_flux_1789423299.png,s3://datagen-dev/f5ddba02-4295-48d9-8ad5-ba8583871323/08788e35-b887-4d04-9a7f-40b900d15569/coco.json,COCO,s3://datagen-dev/f5ddba02-4295-48d9-8ad5-ba8583871323/bc6ba36c-aa02-4630-a0ea-4150b9b69e36/Synthetic/abbb9c4d-16dc-432b-b741-c10d398f2c2e_flux_1789423299.png
s3://datagen-dev/f5ddba02-4295-48d9-8ad5-ba8583871323/bc6ba36c-aa02-4630-a0ea-4150b9b69e36/Synthetic/4a9699fd-11fe-4f68-beee-8586fe8f3dcb_flux_1789425828.png,s3://datagen-dev/f5ddba02-4295-48d9-8ad5-ba8583871323/08788e35-b887-4d04-9a7f-40b900d15569/coco.json,COCO,s3://datagen-dev/f5ddba02-4295-48d9-8ad5-ba8583871323/bc6ba36c-aa02-4630-a0ea-4150b9b69e36/Synthetic/4a9699fd-11fe-4f68-beee-8586fe8f3dcb_flux_1789425828.png
s3://datagen-dev/f5ddba02-4295-48d9-8ad5-ba8583871323/bc6ba36c-aa02-4630-a0ea-4150b9b69e36/Synthetic/53cdcd0f-c17a-434b-b9d0-3528a46aff46_flux_1789424612.png,s3://datagen-dev/f5ddba02-4295-48d9-8ad5-ba8583871323/08788e35-b887-4d04-9a7f-40b900d15569/coco.json,COCO,s3://datagen-dev/f5ddba02-4295-48d9-8ad5-ba8583871323/bc6ba36c-aa02-4630-a0ea-4150b9b69e36/Synthetic/53cdcd0f-c17a-434b-b9d0-3528a46aff46_flux_1789424612.png
s3://datagen-dev/f5ddba02-4295-48d9-8ad5-ba8583871323/bc6ba36c-aa02-4630-a0ea-4150b9b69e36/Synthetic/e9d212f1-4d74-49f8-b3aa-7943476db93f_flux_1789423894.png,s3://datagen-dev/f5ddba02-4295-48d9-8ad5-ba8583871323/08788e35-b887-4d04-9a7f-40b900d15569/coco.json,COCO,s3://datagen-dev/f5ddba02-4295-48d9-8ad5-ba8583871323/bc6ba36c-aa02-4630-a0ea-4150b9b69e36/Synthetic/e9d212f1-4d74-49f8-b3aa-7943476db93f_flux_1789423894.png
s3://datagen-dev/f5ddba02-4295-48d9-8ad5-ba8583871323/bc6ba36c-aa02-4630-a0ea-4150b9b69e36/Synthetic/4f0b2199-5597-42fe-abda-54e0934ea612_flux_1789425573.png,s3://datagen-dev/f5ddba02-4295-48d9-8ad5-ba8583871323/08788e35-b887-4d04-9a7f-40b900d15569/coco.json,COCO,s3://datagen-dev/f5ddba02-4295-48d9-8ad5-ba8583871323/bc6ba36c-aa02-4630-a0ea-4150b9b69e36/Synthetic/4f0b2199-5597-42fe-abda-54e0934ea612_flux_1789425573.png
s3://datagen-dev/f5ddba02-4295-48d9-8ad5-ba8583871323/bc6ba36c-aa02-4630-a0ea-4150b9b69e36/Synthetic/afdcd719-b5e5-4d81-af0e-00da4dc84727_flux_1789423123.png,s3://datagen-dev/f5ddba02-4295-48d9-8ad5-ba8583871323/08788e35-b887-4d04-9a7f-40b900d15569/coco.json,COCO,s3://datagen-dev/f5ddba02-4295-48d9-8ad5-ba8583871323/bc6ba36c-aa02-4630-a0ea-4150b9b69e36/Synthetic/afdcd719-b5e5-4d81-af0e-00da4dc84727_flux_1789423123.png
s3://datagen-dev/f5ddba02-4295-48d9-8ad5-ba8583871323/bc6ba36c-aa02-4630-a0ea-4150b9b69e36/Synthetic/8a00c722-5566-4215-8d0b-5ed98bd12503_flux_1789426046.png,s3://datagen-dev/f5ddba02-4295-48d9-8ad5-ba8583871323/08788e35-b887-4d04-9a7f-40b900d15569/coco.json,COCO,s3://datagen-dev/f5ddba02-4295-48d9-8ad5-ba8583871323/bc6ba36c-aa02-4630-a0ea-4150b9b69e36/Synthetic/8a00c722-5566-4215-8d0b-5ed98bd12503_flux_1789426046.png
s3://datagen-dev/f5ddba02-4295-48d9-8ad5-ba8583871323/bc6ba36c-aa02-4630-a0ea-4150b9b69e36/Synthetic/c8090c3d-9b31-41ac-9423-d2234453c6af_flux_1789426775.png,s3://datagen-dev/f5ddba02-4295-48d9-8ad5-ba8583871323/08788e35-b887-4d04-9a7f-40b900d15569/coco.json,COCO,s3://datagen-dev/f5ddba02-4295-48d9-8ad5-ba8583871323/bc6ba36c-aa02-4630-a0ea-4150b9b69e36/Synthetic/c8090c3d-9b31-41ac-9423-d2234453c6af_flux_1789426775.png
s3://datagen-dev/f5ddba02-4295-48d9-8ad5-ba8583871323/bc6ba36c-aa02-4630-a0ea-4150b9b69e36/Synthetic/ae6216c0-e689-4dae-9c52-9de408a78008_flux_1789425308.png,s3://datagen-dev/f5ddba02-4295-48d9-8ad5-ba8583871323/08788e35-b887-4d04-9a7f-40b900d15569/coco.json,COCO,s3://datagen-dev/f5ddba02-4295-48d9-8ad5-ba8583871323/bc6ba36c-aa02-4630-a0ea-4150b9b69e36/Synthetic/ae6216c0-e689-4dae-9c52-9de408a78008_flux_1789425308.png
s3://datagen-dev/f5ddba02-4295-48d9-8ad5-ba8583871323/bc6ba36c-aa02-4630-a0ea-4150b9b69e36/Synthetic/e5e77252-7c35-4368-8e3c-8a86cd3af8cd_flux_1789423494.png,s3://datagen-dev/f5ddba02-4295-48d9-8ad5-ba8583871323/08788e35-b887-4d04-9a7f-40b900d15569/coco.json,COCO,s3://datagen-dev/f5ddba02-4295-48d9-8ad5-ba8583871323/bc6ba36c-aa02-4630-a0ea-4150b9b69e36/Synthetic/e5e77252-7c35-4368-8e3c-8a86cd3af8cd_flux_1789423494.png
s3://datagen-dev/f5ddba02-4295-48d9-8ad5-ba8583871323/bc6ba36c-aa02-4630-a0ea-4150b9b69e36/Synthetic/5d6faa52-f0b6-4c2f-ba25-a3c8dc2832e7_flux_1789425569.png,s3://datagen-dev/f5ddba02-4295-48d9-8ad5-ba8583871323/08788e35-b887-4d04-9a7f-40b900d15569/coco.json,COCO,s3://datagen-dev/f5ddba02-4295-48d9-8ad5-ba8583871323/bc6ba36c-aa02-4630-a0ea-4150b9b69e36/Synthetic/5d6faa52-f0b6-4c2f-ba25-a3c8dc2832e7_flux_1789425569.png
s3://datagen-dev/f5ddba02-4295-48d9-8ad5-ba8583871323/bc6ba36c-aa02-4630-a0ea-4150b9b69e36/Synthetic/ffdf572a-1103-4ecf-8f56-977c3bd7b56e_flux_1789423769.png,s3://datagen-dev/f5ddba02-4295-48d9-8ad5-ba8583871323/08788e35-b887-4d04-9a7f-40b900d15569/coco.json,COCO,s3://datagen-dev/f5ddba02-4295-48d9-8ad5-ba8583871323/bc6ba36c-aa02-4630-a0ea-4150b9b69e36/Synthetic/ffdf572a-1103-4ecf-8f56-977c3bd7b56e_flux_1789423769.png
s3://datagen-dev/f5ddba02-4295-48d9-8ad5-ba8583871323/bc6ba36c-aa02-4630-a0ea-4150b9b69e36/Synthetic/bf1eb16e-50d2-4557-8c28-01ca5d989eca_flux_1789423675.png,s3://datagen-dev/f5ddba02-4295-48d9-8ad5-ba8583871323/08788e35-b887-4d04-9a7f-40b900d15569/coco.json,COCO,s3://datagen-dev/f5ddba02-4295-48d9-8ad5-ba8583871323/bc6ba36c-aa02-4630-a0ea-4150b9b69e36/Synthetic/bf1eb16e-50d2-4557-8c28-01ca5d989eca_flux_1789423675.png
s3://datagen-dev/f5ddba02-4295-48d9-8ad5-ba8583871323/bc6ba36c-aa02-4630-a0ea-4150b9b69e36/Synthetic/2cf0cb11-defe-4333-a6ce-dc61eb05b694_flux_1789426417.png,s3://datagen-dev/f5ddba02-4295-48d9-8ad5-ba8583871323/08788e35-b887-4d04-9a7f-40b900d15569/coco.json,COCO,s3://datagen-dev/f5ddba02-4295-48d9-8ad5-ba8583871323/bc6ba36c-aa02-4630-a0ea-4150b9b69e36/Synthetic/2cf0cb11-defe-4333-a6ce-dc61eb05b694_flux_1789426417.png
s3://datagen-dev/f5ddba02-4295-48d9-8ad5-ba8583871323/bc6ba36c-aa02-4630-a0ea-4150b9b69e36/Synthetic/701d4b70-560e-4597-9cf7-2d8ea47d7f17_flux_1789426499.png,s3://datagen-dev/f5ddba02-4295-48d9-8ad5-ba8583871323/08788e35-b887-4d04-9a7f-40b900d15569/coco.json,COCO,s3://datagen-dev/f5ddba02-4295-48d9-8ad5-ba8583871323/bc6ba36c-aa02-4630-a0ea-4150b9b69e36/Synthetic/701d4b70-560e-4597-9cf7-2d8ea47d7f17_flux_1789426499.png
s3://datagen-dev/f5ddba02-4295-48d9-8ad5-ba8583871323/bc6ba36c-aa02-4630-a0ea-4150b9b69e36/Synthetic/ca706495-2361-4b23-88ed-7dbc6a65a1a1_flux_1789425721.png,s3://datagen-dev/f5ddba02-4295-48d9-8ad5-ba8583871323/08788e35-b887-4d04-9a7f-40b900d15569/coco.json,COCO,s3://datagen-dev/f5ddba02-4295-48d9-8ad5-ba8583871323/bc6ba36c-aa02-4630-a0ea-4150b9b69e36/Synthetic/ca706495-2361-4b23-88ed-7dbc6a65a1a1_flux_1789425721.png
s3://datagen-dev/f5ddba02-4295-48d9-8ad5-ba8583871323/bc6ba36c-aa02-4630-a0ea-4150b9b69e36/Synthetic/e8658cc8-6fda-4187-8687-011130ff564d_flux_1789424042.png,s3://datagen-dev/f5ddba02-4295-48d9-8ad5-ba8583871323/08788e35-b887-4d04-9a7f-40b900d15569/coco.json,COCO,s3://datagen-dev/f5ddba02-4295-48d9-8ad5-ba8583871323/bc6ba36c-aa02-4630-a0ea-4150b9b69e36/Synthetic/e8658cc8-6fda-4187-8687-011130ff564d_flux_1789424042.png
s3://datagen-dev/f5ddba02-4295-48d9-8ad5-ba8583871323/bc6ba36c-aa02-4630-a0ea-4150b9b69e36/Synthetic/5b9242d1-6bcf-48c4-aff9-5cb6102f84f0_flux_1789426120.png,s3://datagen-dev/f5ddba02-4295-48d9-8ad5-ba8583871323/08788e35-b887-4d04-9a7f-40b900d15569/coco.json,COCO,s3://datagen-dev/f5ddba02-4295-48d9-8ad5-ba8583871323/bc6ba36c-aa02-4630-a0ea-4150b9b69e36/Synthetic/5b9242d1-6bcf-48c4-aff9-5cb6102f84f0_flux_1789426120.png
s3://datagen-dev/f5ddba02-4295-48d9-8ad5-ba8583871323/bc6ba36c-aa02-4630-a0ea-4150b9b69e36/Synthetic/cd3fb518-eab6-4f9b-9c36-f187e1d0ec1b_flux_1789422925.png,s3://datagen-dev/f5ddba02-4295-48d9-8ad5-ba8583871323/08788e35-b887-4d04-9a7f-40b900d15569/coco.json,COCO,s3://datagen-dev/f5ddba02-4295-48d9-8ad5-ba8583871323/bc6ba36c-aa02-4630-a0ea-4150b9b69e36/Synthetic/cd3fb518-eab6-4f9b-9c36-f187e1d0ec1b_flux_1789422925.png
s3://datagen-dev/f5ddba02-4295-48d9-8ad5-ba8583871323/bc6ba36c-aa02-4630-a0ea-4150b9b69e36/Synthetic/0dc798ed-fd37-4a71-a45b-a22e90eb1a15_flux_1789423217.png,s3://datagen-dev/f5ddba02-4295-48d9-8ad5-ba8583871323/08788e35-b887-4d04-9a7f-40b900d15569/coco.json,COCO,s3://datagen-dev/f5ddba02-4295-48d9-8ad5-ba8583871323/bc6ba36c-aa02-4630-a0ea-4150b9b69e36/Synthetic/0dc798ed-fd37-4a71-a45b-a22e90eb1a15_flux_1789423217.png
s3://datagen-dev/f5ddba02-4295-48d9-8ad5-ba8583871323/bc6ba36c-aa02-4630-a0ea-4150b9b69e36/Synthetic/4ecc6cbf-5dbe-4788-b7c6-cc96fbc88a63_flux_1789425021.png,s3://datagen-dev/f5ddba02-4295-48d9-8ad5-ba8583871323/08788e35-b887-4d04-9a7f-40b900d15569/coco.json,COCO,s3://datagen-dev/f5ddba02-4295-48d9-8ad5-ba8583871323/bc6ba36c-aa02-4630-a0ea-4150b9b69e36/Synthetic/4ecc6cbf-5dbe-4788-b7c6-cc96fbc88a63_flux_1789425021.png
s3://datagen-dev/f5ddba02-4295-48d9-8ad5-ba8583871323/bc6ba36c-aa02-4630-a0ea-4150b9b69e36/Synthetic/c5eccb43-ead3-475d-a77f-d29760324e3e_flux_1789425403.png,s3://datagen-dev/f5ddba02-4295-48d9-8ad5-ba8583871323/08788e35-b887-4d04-9a7f-40b900d15569/coco.json,COCO,s3://datagen-dev/f5ddba02-4295-48d9-8ad5-ba8583871323/bc6ba36c-aa02-4630-a0ea-4150b9b69e36/Synthetic/c5eccb43-ead3-475d-a77f-d29760324e3e_flux_1789425403.png
s3://datagen-dev/f5ddba02-4295-48d9-8ad5-ba8583871323/bc6ba36c-aa02-4630-a0ea-4150b9b69e36/Synthetic/0d7451ee-1bac-445e-97eb-ef7215ac4af4_flux_1789424158.png,s3://datagen-dev/f5ddba02-4295-48d9-8ad5-ba8583871323/08788e35-b887-4d04-9a7f-40b900d15569/coco.json,COCO,s3://datagen-dev/f5ddba02-4295-48d9-8ad5-ba8583871323/bc6ba36c-aa02-4630-a0ea-4150b9b69e36/Synthetic/0d7451ee-1bac-445e-97eb-ef7215ac4af4_flux_1789424158.png
s3://datagen-dev/f5ddba02-4295-48d9-8ad5-ba8583871323/bc6ba36c-aa02-4630-a0ea-4150b9b69e36/Synthetic/790c65bd-3bb6-413b-bd08-7ed3913731d4_flux_1789424555.png,s3://datagen-dev/f5ddba02-4295-48d9-8ad5-ba8583871323/08788e35-b887-4d04-9a7f-40b900d15569/coco.json,COCO,s3://datagen-dev/f5ddba02-4295-48d9-8ad5-ba8583871323/bc6ba36c-aa02-4630-a0ea-4150b9b69e36/Synthetic/790c65bd-3bb6-413b-bd08-7ed3913731d4_flux_1789424555.png
s3://datagen-dev/f5ddba02-4295-48d9-8ad5-ba8583871323/bc6ba36c-aa02-4630-a0ea-4150b9b69e36/Synthetic/7b7d1251-502d-4a1f-850e-a403695f534c_flux_1789423518.png,s3://datagen-dev/f5ddba02-4295-48d9-8ad5-ba8583871323/08788e35-b887-4d04-9a7f-40b900d15569/coco.json,COCO,s3://datagen-dev/f5ddba02-4295-48d9-8ad5-ba8583871323/bc6ba36c-aa02-4630-a0ea-4150b9b69e36/Synthetic/7b7d1251-502d-4a1f-850e-a403695f534c_flux_1789423518.png
s3://datagen-dev/f5ddba02-4295-48d9-8ad5-ba8583871323/bc6ba36c-aa02-4630-a0ea-4150b9b69e36/Synthetic/9fa6a89e-aecb-4a9c-9d18-c64288a08bc9_flux_1789424021.png,s3://datagen-dev/f5ddba02-4295-48d9-8ad5-ba8583871323/08788e35-b887-4d04-9a7f-40b900d15569/coco.json,COCO,s3://datagen-dev/f5ddba02-4295-48d9-8ad5-ba8583871323/bc6ba36c-aa02-4630-a0ea-4150b9b69e36/Synthetic/9fa6a89e-aecb-4a9c-9d18-c64288a08bc9_flux_1789424021.png
s3://datagen-dev/f5ddba02-4295-48d9-8ad5-ba8583871323/bc6ba36c-aa02-4630-a0ea-4150b9b69e36/Synthetic/6951b3b2-ef03-413d-9fbf-2d8492880515_flux_1789423069.png,s3://datagen-dev/f5ddba02-4295-48d9-8ad5-ba8583871323/08788e35-b887-4d04-9a7f-40b900d15569/coco.json,COCO,s3://datagen-dev/f5ddba02-4295-48d9-8ad5-ba8583871323/bc6ba36c-aa02-4630-a0ea-4150b9b69e36/Synthetic/6951b3b2-ef03-413d-9fbf-2d8492880515_flux_1789423069.png
s3://datagen-dev/f5ddba02-4295-48d9-8ad5-ba8583871323/bc6ba36c-aa02-4630-a0ea-4150b9b69e36/Synthetic/45e702f6-8f2f-46d5-bd12-d2e583bc444b_flux_1789423147.png,s3://datagen-dev/f5ddba02-4295-48d9-8ad5-ba8583871323/08788e35-b887-4d04-9a7f-40b900d15569/coco.json,COCO,s3://datagen-dev/f5ddba02-4295-48d9-8ad5-ba8583871323/bc6ba36c-aa02-4630-a0ea-4150b9b69e36/Synthetic/45e702f6-8f2f-46d5-bd12-d2e583bc444b_flux_1789423147.png
s3://datagen-dev/f5ddba02-4295-48d9-8ad5-ba8583871323/bc6ba36c-aa02-4630-a0ea-4150b9b69e36/Synthetic/6fbdbe00-f949-4094-9b19-9b681f7e0c81_flux_1789426565.png,s3://datagen-dev/f5ddba02-4295-48d9-8ad5-ba8583871323/08788e35-b887-4d04-9a7f-40b900d15569/coco.json,COCO,s3://datagen-dev/f5ddba02-4295-48d9-8ad5-ba8583871323/bc6ba36c-aa02-4630-a0ea-4150b9b69e36/Synthetic/6fbdbe00-f949-4094-9b19-9b681f7e0c81_flux_1789426565.png
s3://datagen-dev/f5ddba02-4295-48d9-8ad5-ba8583871323/bc6ba36c-aa02-4630-a0ea-4150b9b69e36/Synthetic/f7c6b80d-1ecb-490d-86bd-88bc20823744_flux_1789423340.png,s3://datagen-dev/f5ddba02-4295-48d9-8ad5-ba8583871323/08788e35-b887-4d04-9a7f-40b900d15569/coco.json,COCO,s3://datagen-dev/f5ddba02-4295-48d9-8ad5-ba8583871323/bc6ba36c-aa02-4630-a0ea-4150b9b69e36/Synthetic/f7c6b80d-1ecb-490d-86bd-88bc20823744_flux_1789423340.png
s3://datagen-dev/f5ddba02-4295-48d9-8ad5-ba8583871323/bc6ba36c-aa02-4630-a0ea-4150b9b69e36/Synthetic/cf92052f-cae0-4297-9c46-8a6eee18d5eb_flux_1789426552.png,s3://datagen-dev/f5ddba02-4295-48d9-8ad5-ba8583871323/08788e35-b887-4d04-9a7f-40b900d15569/coco.json,COCO,s3://datagen-dev/f5ddba02-4295-48d9-8ad5-ba8583871323/bc6ba36c-aa02-4630-a0ea-4150b9b69e36/Synthetic/cf92052f-cae0-4297-9c46-8a6eee18d5eb_flux_1789426552.png
s3://datagen-dev/f5ddba02-4295-48d9-8ad5-ba8583871323/bc6ba36c-aa02-4630-a0ea-4150b9b69e36/Synthetic/15f3d5cc-9e5c-4d98-a488-e8dc3d062cbf_flux_1789426182.png,s3://datagen-dev/f5ddba02-4295-48d9-8ad5-ba8583871323/08788e35-b887-4d04-9a7f-40b900d15569/coco.json,COCO,s3://datagen-dev/f5ddba02-4295-48d9-8ad5-ba8583871323/bc6ba36c-aa02-4630-a0ea-4150b9b69e36/Synthetic/15f3d5cc-9e5c-4d98-a488-e8dc3d062cbf_flux_1789426182.png
s3://datagen-dev/f5ddba02-4295-48d9-8ad5-ba8583871323/bc6ba36c-aa02-4630-a0ea-4150b9b69e36/Synthetic/b1326ae8-bd20-473f-af68-fc5553a45c82_flux_1789426326.png,s3://datagen-dev/f5ddba02-4295-48d9-8ad5-ba8583871323/08788e35-b887-4d04-9a7f-40b900d15569/coco.json,COCO,s3://datagen-dev/f5ddba02-4295-48d9-8ad5-ba8583871323/bc6ba36c-aa02-4630-a0ea-4150b9b69e36/Synthetic/b1326ae8-bd20-473f-af68-fc5553a45c82_flux_1789426326.png
s3://datagen-dev/f5ddba02-4295-48d9-8ad5-ba8583871323/bc6ba36c-aa02-4630-a0ea-4150b9b69e36/Synthetic/b22ba90e-2f9f-43ff-bb88-3d1f75b7033a_flux_1789426758.png,s3://datagen-dev/f5ddba02-4295-48d9-8ad5-ba8583871323/08788e35-b887-4d04-9a7f-40b900d15569/coco.json,COCO,s3://datagen-dev/f5ddba02-4295-48d9-8ad5-ba8583871323/bc6ba36c-aa02-4630-a0ea-4150b9b69e36/Synthetic/b22ba90e-2f9f-43ff-bb88-3d1f75b7033a_flux_1789426758.png
s3://datagen-dev/f5ddba02-4295-48d9-8ad5-ba8583871323/bc6ba36c-aa02-4630-a0ea-4150b9b69e36/Synthetic/5986f7a6-efa3-42a7-8e19-8ffd5632f197_flux_1789426462.png,s3://datagen-dev/f5ddba02-4295-48d9-8ad5-ba8583871323/08788e35-b887-4d04-9a7f-40b900d15569/coco.json,COCO,s3://datagen-dev/f5ddba02-4295-48d9-8ad5-ba8583871323/bc6ba36c-aa02-4630-a0ea-4150b9b69e36/Synthetic/5986f7a6-efa3-42a7-8e19-8ffd5632f197_flux_1789426462.png
s3://datagen-dev/f5ddba02-4295-48d9-8ad5-ba8583871323/bc6ba36c-aa02-4630-a0ea-4150b9b69e36/Synthetic/0647fe77-c8eb-48c7-b911-3a1d9293772a_flux_1789424645.png,s3://datagen-dev/f5ddba02-4295-48d9-8ad5-ba8583871323/08788e35-b887-4d04-9a7f-40b900d15569/coco.json,COCO,s3://datagen-dev/f5ddba02-4295-48d9-8ad5-ba8583871323/bc6ba36c-aa02-4630-a0ea-4150b9b69e36/Synthetic/0647fe77-c8eb-48c7-b911-3a1d9293772a_flux_1789424645.png
s3://datagen-dev/f5ddba02-4295-48d9-8ad5-ba8583871323/bc6ba36c-aa02-4630-a0ea-4150b9b69e36/Synthetic/74f7b90f-6ddb-43b0-b63a-5067e97e31ea_flux_1789426318.png,s3://datagen-dev/f5ddba02-4295-48d9-8ad5-ba8583871323/08788e35-b887-4d04-9a7f-40b900d15569/coco.json,COCO,s3://datagen-dev/f5ddba02-4295-48d9-8ad5-ba8583871323/bc6ba36c-aa02-4630-a0ea-4150b9b69e36/Synthetic/74f7b90f-6ddb-43b0-b63a-5067e97e31ea_flux_1789426318.png
s3://datagen-dev/f5ddba02-4295-48d9-8ad5-ba8583871323/bc6ba36c-aa02-4630-a0ea-4150b9b69e36/Synthetic/dfc7cb2c-caee-4969-9a99-0f582ec2553d_flux_1789425255.png,s3://datagen-dev/f5ddba02-4295-48d9-8ad5-ba8583871323/08788e35-b887-4d04-9a7f-40b900d15569/coco.json,COCO,s3://datagen-dev/f5ddba02-4295-48d9-8ad5-ba8583871323/bc6ba36c-aa02-4630-a0ea-4150b9b69e36/Synthetic/dfc7cb2c-caee-4969-9a99-0f582ec2553d_flux_1789425255.png
s3://datagen-dev/f5ddba02-4295-48d9-8ad5-ba8583871323/bc6ba36c-aa02-4630-a0ea-4150b9b69e36/Synthetic/58ebf6b9-d5df-4d84-8995-5e43d11eb099_flux_1789425049.png,s3://datagen-dev/f5ddba02-4295-48d9-8ad5-ba8583871323/08788e35-b887-4d04-9a7f-40b900d15569/coco.json,COCO,s3://datagen-dev/f5ddba02-4295-48d9-8ad5-ba8583871323/bc6ba36c-aa02-4630-a0ea-4150b9b69e36/Synthetic/58ebf6b9-d5df-4d84-8995-5e43d11eb099_flux_1789425049.png
s3://datagen-dev/f5ddba02-4295-48d9-8ad5-ba8583871323/bc6ba36c-aa02-4630-a0ea-4150b9b69e36/Synthetic/2b2cc864-a108-4b9b-a98f-541bf677d8d8_flux_1789422747.png,s3://datagen-dev/f5ddba02-4295-48d9-8ad5-ba8583871323/08788e35-b887-4d04-9a7f-40b900d15569/coco.json,COCO,s3://datagen-dev/f5ddba02-4295-48d9-8ad5-ba8583871323/bc6ba36c-aa02-4630-a0ea-4150b9b69e36/Synthetic/2b2cc864-a108-4b9b-a98f-541bf677d8d8_flux_1789422747.png
s3://datagen-dev/f5ddba02-4295-48d9-8ad5-ba8583871323/bc6ba36c-aa02-4630-a0ea-4150b9b69e36/Synthetic/a055772d-5848-4fe6-8a30-9f1fcba87ef0_flux_1789426001.png,s3://datagen-dev/f5ddba02-4295-48d9-8ad5-ba8583871323/08788e35-b887-4d04-9a7f-40b900d15569/coco.json,COCO,s3://datagen-dev/f5ddba02-4295-48d9-8ad5-ba8583871323/bc6ba36c-aa02-4630-a0ea-4150b9b69e36/Synthetic/a055772d-5848-4fe6-8a30-9f1fcba87ef0_flux_1789426001.png
s3://datagen-dev/f5ddba02-4295-48d9-8ad5-ba8583871323/bc6ba36c-aa02-4630-a0ea-4150b9b69e36/Synthetic/d5f3f9f0-0cd2-45c6-a0db-71c586bbc37b_flux_1789425988.png,s3://datagen-dev/f5ddba02-4295-48d9-8ad5-ba8583871323/08788e35-b887-4d04-9a7f-40b900d15569/coco.json,COCO,s3://datagen-dev/f5ddba02-4295-48d9-8ad5-ba8583871323/bc6ba36c-aa02-4630-a0ea-4150b9b69e36/Synthetic/d5f3f9f0-0cd2-45c6-a0db-71c586bbc37b_flux_1789425988.png
s3://datagen-dev/f5ddba02-4295-48d9-8ad5-ba8583871323/bc6ba36c-aa02-4630-a0ea-4150b9b69e36/Synthetic/0731c846-ab7f-4abd-9c3d-1e0cc911e30a_flux_1789424331.png,s3://datagen-dev/f5ddba02-4295-48d9-8ad5-ba8583871323/08788e35-b887-4d04-9a7f-40b900d15569/coco.json,COCO,s3://datagen-dev/f5ddba02-4295-48d9-8ad5-ba8583871323/bc6ba36c-aa02-4630-a0ea-4150b9b69e36/Synthetic/0731c846-ab7f-4abd-9c3d-1e0cc911e30a_flux_1789424331.png
s3://datagen-dev/f5ddba02-4295-48d9-8ad5-ba8583871323/bc6ba36c-aa02-4630-a0ea-4150b9b69e36/Synthetic/93bc5978-8fa0-472d-8f8a-f0d7739da0fa_flux_1789424199.png,s3://datagen-dev/f5ddba02-4295-48d9-8ad5-ba8583871323/08788e35-b887-4d04-9a7f-40b900d15569/coco.json,COCO,s3://datagen-dev/f5ddba02-4295-48d9-8ad5-ba8583871323/bc6ba36c-aa02-4630-a0ea-4150b9b69e36/Synthetic/93bc5978-8fa0-472d-8f8a-f0d7739da0fa_flux_1789424199.png
s3://datagen-dev/f5ddba02-4295-48d9-8ad5-ba8583871323/bc6ba36c-aa02-4630-a0ea-4150b9b69e36/Synthetic/e69c0475-34cd-44ab-9c90-782a30ceb7ee_flux_1789425156.png,s3://datagen-dev/f5ddba02-4295-48d9-8ad5-ba8583871323/08788e35-b887-4d04-9a7f-40b900d15569/coco.json,COCO,s3://datagen-dev/f5ddba02-4295-48d9-8ad5-ba8583871323/bc6ba36c-aa02-4630-a0ea-4150b9b69e36/Synthetic/e69c0475-34cd-44ab-9c90-782a30ceb7ee_flux_1789425156.png
s3://datagen-dev/f5ddba02-4295-48d9-8ad5-ba8583871323/bc6ba36c-aa02-4630-a0ea-4150b9b69e36/Synthetic/4e768dc7-3add-42a2-893f-a7f5c7cb3394_flux_1789423287.png,s3://datagen-dev/f5ddba02-4295-48d9-8ad5-ba8583871323/08788e35-b887-4d04-9a7f-40b900d15569/coco.json,COCO,s3://datagen-dev/f5ddba02-4295-48d9-8ad5-ba8583871323/bc6ba36c-aa02-4630-a0ea-4150b9b69e36/Synthetic/4e768dc7-3add-42a2-893f-a7f5c7cb3394_flux_1789423287.png
s3://datagen-dev/f5ddba02-4295-48d9-8ad5-ba8583871323/bc6ba36c-aa02-4630-a0ea-4150b9b69e36/Synthetic/2dc88428-89be-4a92-b3ef-79ce8730aefb_flux_1789423382.png,s3://datagen-dev/f5ddba02-4295-48d9-8ad5-ba8583871323/08788e35-b887-4d04-9a7f-40b900d15569/coco.json,COCO,s3://datagen-dev/f5ddba02-4295-48d9-8ad5-ba8583871323/bc6ba36c-aa02-4630-a0ea-4150b9b69e36/Synthetic/2dc88428-89be-4a92-b3ef-79ce8730aefb_flux_1789423382.png
s3://datagen-dev/f5ddba02-4295-48d9-8ad5-ba8583871323/bc6ba36c-aa02-4630-a0ea-4150b9b69e36/Synthetic/1d9b6f0c-0ec8-4684-bf00-edef3f6d3c04_flux_1789425804.png,s3://datagen-dev/f5ddba02-4295-48d9-8ad5-ba8583871323/08788e35-b887-4d04-9a7f-40b900d15569/coco.json,COCO,s3://datagen-dev/f5ddba02-4295-48d9-8ad5-ba8583871323/bc6ba36c-aa02-4630-a0ea-4150b9b69e36/Synthetic/1d9b6f0c-0ec8-4684-bf00-edef3f6d3c04_flux_1789425804.png
s3://datagen-dev/f5ddba02-4295-48d9-8ad5-ba8583871323/bc6ba36c-aa02-4630-a0ea-4150b9b69e36/Synthetic/304c732f-7377-4896-a931-b557b4adc1e3_flux_1789425008.png,s3://datagen-dev/f5ddba02-4295-48d9-8ad5-ba8583871323/08788e35-b887-4d04-9a7f-40b900d15569/coco.json,COCO,s3://datagen-dev/f5ddba02-4295-48d9-8ad5-ba8583871323/bc6ba36c-aa02-4630-a0ea-4150b9b69e36/Synthetic/304c732f-7377-4896-a931-b557b4adc1e3_flux_1789425008.png
s3://datagen-dev/f5ddba02-4295-48d9-8ad5-ba8583871323/bc6ba36c-aa02-4630-a0ea-4150b9b69e36/Synthetic/2068dc43-ac3e-440e-a67e-120e8e4b9ea2_flux_1789424075.png,s3://datagen-dev/f5ddba02-4295-48d9-8ad5-ba8583871323/08788e35-b887-4d04-9a7f-40b900d15569/coco.json,COCO,s3://datagen-dev/f5ddba02-4295-48d9-8ad5-ba8583871323/bc6ba36c-aa02-4630-a0ea-4150b9b69e36/Synthetic/2068dc43-ac3e-440e-a67e-120e8e4b9ea2_flux_1789424075.png
s3://datagen-dev/f5ddba02-4295-48d9-8ad5-ba8583871323/bc6ba36c-aa02-4630-a0ea-4150b9b69e36/Synthetic/066e7e81-8cbc-4b82-b3a6-a10cc48284f4_flux_1789422871.png,s3://datagen-dev/f5ddba02-4295-48d9-8ad5-ba8583871323/08788e35-b887-4d04-9a7f-40b900d15569/coco.json,COCO,s3://datagen-dev/f5ddba02-4295-48d9-8ad5-ba8583871323/bc6ba36c-aa02-4630-a0ea-4150b9b69e36/Synthetic/066e7e81-8cbc-4b82-b3a6-a10cc48284f4_flux_1789422871.png
s3://datagen-dev/f5ddba02-4295-48d9-8ad5-ba8583871323/bc6ba36c-aa02-4630-a0ea-4150b9b69e36/Synthetic/9a785f6c-18cf-4a5b-bb48-f14f70485bb6_flux_1789423543.png,s3://datagen-dev/f5ddba02-4295-48d9-8ad5-ba8583871323/08788e35-b887-4d04-9a7f-40b900d15569/coco.json,COCO,s3://datagen-dev/f5ddba02-4295-48d9-8ad5-ba8583871323/bc6ba36c-aa02-4630-a0ea-4150b9b69e36/Synthetic/9a785f6c-18cf-4a5b-bb48-f14f70485bb6_flux_1789423543.png
s3://datagen-dev/f5ddba02-4295-48d9-8ad5-ba8583871323/bc6ba36c-aa02-4630-a0ea-4150b9b69e36/Synthetic/ee5d854a-4e10-48c0-8b6f-52a017b741fd_flux_1789423898.png,s3://datagen-dev/f5ddba02-4295-48d9-8ad5-ba8583871323/08788e35-b887-4d04-9a7f-40b900d15569/coco.json,COCO,s3://datagen-dev/f5ddba02-4295-48d9-8ad5-ba8583871323/bc6ba36c-aa02-4630-a0ea-4150b9b69e36/Synthetic/ee5d854a-4e10-48c0-8b6f-52a017b741fd_flux_1789423898.png
s3://datagen-dev/f5ddba02-4295-48d9-8ad5-ba8583871323/bc6ba36c-aa02-4630-a0ea-4150b9b69e36/Synthetic/d3fac920-bef7-4485-a3f6-b2990f7d8070_flux_1789423865.png,s3://datagen-dev/f5ddba02-4295-48d9-8ad5-ba8583871323/08788e35-b887-4d04-9a7f-40b900d15569/coco.json,COCO,s3://datagen-dev/f5ddba02-4295-48d9-8ad5-ba8583871323/bc6ba36c-aa02-4630-a0ea-4150b9b69e36/Synthetic/d3fac920-bef7-4485-a3f6-b2990f7d8070_flux_1789423865.png
s3://datagen-dev/f5ddba02-4295-48d9-8ad5-ba8583871323/bc6ba36c-aa02-4630-a0ea-4150b9b69e36/Synthetic/46c4ae3b-b14f-4fea-b308-9a7f2de65fe8_flux_1789424389.png,s3://datagen-dev/f5ddba02-4295-48d9-8ad5-ba8583871323/08788e35-b887-4d04-9a7f-40b900d15569/coco.json,COCO,s3://datagen-dev/f5ddba02-4295-48d9-8ad5-ba8583871323/bc6ba36c-aa02-4630-a0ea-4150b9b69e36/Synthetic/46c4ae3b-b14f-4fea-b308-9a7f2de65fe8_flux_1789424389.png
s3://datagen-dev/f5ddba02-4295-48d9-8ad5-ba8583871323/bc6ba36c-aa02-4630-a0ea-4150b9b69e36/Synthetic/22a2f1d0-a524-4b4d-9620-c435354862c6_flux_1789425492.png,s3://datagen-dev/f5ddba02-4295-48d9-8ad5-ba8583871323/08788e35-b887-4d04-9a7f-40b900d15569/coco.json,COCO,s3://datagen-dev/f5ddba02-4295-48d9-8ad5-ba8583871323/bc6ba36c-aa02-4630-a0ea-4150b9b69e36/Synthetic/22a2f1d0-a524-4b4d-9620-c435354862c6_flux_1789425492.png
s3://datagen-dev/f5ddba02-4295-48d9-8ad5-ba8583871323/bc6ba36c-aa02-4630-a0ea-4150b9b69e36/Synthetic/6e1ec80c-49da-4333-a7bc-9711b11c408b_flux_1789423757.png,s3://datagen-dev/f5ddba02-4295-48d9-8ad5-ba8583871323/08788e35-b887-4d04-9a7f-40b900d15569/coco.json,COCO,s3://datagen-dev/f5ddba02-4295-48d9-8ad5-ba8583871323/bc6ba36c-aa02-4630-a0ea-4150b9b69e36/Synthetic/6e1ec80c-49da-4333-a7bc-9711b11c408b_flux_1789423757.png
s3://datagen-dev/f5ddba02-4295-48d9-8ad5-ba8583871323/bc6ba36c-aa02-4630-a0ea-4150b9b69e36/Synthetic/7cee8809-9f79-48d1-85bf-c5bc9fdcc9a7_flux_1789422858.png,s3://datagen-dev/f5ddba02-4295-48d9-8ad5-ba8583871323/08788e35-b887-4d04-9a7f-40b900d15569/coco.json,COCO,s3://datagen-dev/f5ddba02-4295-48d9-8ad5-ba8583871323/bc6ba36c-aa02-4630-a0ea-4150b9b69e36/Synthetic/7cee8809-9f79-48d1-85bf-c5bc9fdcc9a7_flux_1789422858.png
s3://datagen-dev/f5ddba02-4295-48d9-8ad5-ba8583871323/bc6ba36c-aa02-4630-a0ea-4150b9b69e36/Synthetic/8203f286-607b-4342-aa25-a0a6a55781ea_flux_1789424100.png,s3://datagen-dev/f5ddba02-4295-48d9-8ad5-ba8583871323/08788e35-b887-4d04-9a7f-40b900d15569/coco.json,COCO,s3://datagen-dev/f5ddba02-4295-48d9-8ad5-ba8583871323/bc6ba36c-aa02-4630-a0ea-4150b9b69e36/Synthetic/8203f286-607b-4342-aa25-a0a6a55781ea_flux_1789424100.png
s3://datagen-dev/f5ddba02-4295-48d9-8ad5-ba8583871323/bc6ba36c-aa02-4630-a0ea-4150b9b69e36/Synthetic/ed6cc11d-c38c-4eef-b76b-f66bb88c68a7_flux_1789424715.png,s3://datagen-dev/f5ddba02-4295-48d9-8ad5-ba8583871323/08788e35-b887-4d04-9a7f-40b900d15569/coco.json,COCO,s3://datagen-dev/f5ddba02-4295-48d9-8ad5-ba8583871323/bc6ba36c-aa02-4630-a0ea-4150b9b69e36/Synthetic/ed6cc11d-c38c-4eef-b76b-f66bb88c68a7_flux_1789424715.png
s3://datagen-dev/f5ddba02-4295-48d9-8ad5-ba8583871323/bc6ba36c-aa02-4630-a0ea-4150b9b69e36/Synthetic/b4da70ad-b272-496c-b66c-72870c103ea3_flux_1789426355.png,s3://datagen-dev/f5ddba02-4295-48d9-8ad5-ba8583871323/08788e35-b887-4d04-9a7f-40b900d15569/coco.json,COCO,s3://datagen-dev/f5ddba02-4295-48d9-8ad5-ba8583871323/bc6ba36c-aa02-4630-a0ea-4150b9b69e36/Synthetic/b4da70ad-b272-496c-b66c-72870c103ea3_flux_1789426355.png
s3://datagen-dev/f5ddba02-4295-48d9-8ad5-ba8583871323/bc6ba36c-aa02-4630-a0ea-4150b9b69e36/Synthetic/fb0dd058-3ee7-4c60-916c-7d6c5b1a1b9b_flux_1789424620.png,s3://datagen-dev/f5ddba02-4295-48d9-8ad5-ba8583871323/08788e35-b887-4d04-9a7f-40b900d15569/coco.json,COCO,s3://datagen-dev/f5ddba02-4295-48d9-8ad5-ba8583871323/bc6ba36c-aa02-4630-a0ea-4150b9b69e36/Synthetic/fb0dd058-3ee7-4c60-916c-7d6c5b1a1b9b_flux_1789424620.png
s3://datagen-dev/f5ddba02-4295-48d9-8ad5-ba8583871323/bc6ba36c-aa02-4630-a0ea-4150b9b69e36/Synthetic/ced9306e-c313-458f-863d-ed1296a79fd8_flux_1789425963.png,s3://datagen-dev/f5ddba02-4295-48d9-8ad5-ba8583871323/08788e35-b887-4d04-9a7f-40b900d15569/coco.json,COCO,s3://datagen-dev/f5ddba02-4295-48d9-8ad5-ba8583871323/bc6ba36c-aa02-4630-a0ea-4150b9b69e36/Synthetic/ced9306e-c313-458f-863d-ed1296a79fd8_flux_1789425963.png
s3://datagen-dev/f5ddba02-4295-48d9-8ad5-ba8583871323/bc6ba36c-aa02-4630-a0ea-4150b9b69e36/Synthetic/743eef16-c4f0-4c94-b36f-b9fb6e06f2d8_flux_1789425663.png,s3://datagen-dev/f5ddba02-4295-48d9-8ad5-ba8583871323/08788e35-b887-4d04-9a7f-40b900d15569/coco.json,COCO,s3://datagen-dev/f5ddba02-4295-48d9-8ad5-ba8583871323/bc6ba36c-aa02-4630-a0ea-4150b9b69e36/Synthetic/743eef16-c4f0-4c94-b36f-b9fb6e06f2d8_flux_1789425663.png
s3://datagen-dev/f5ddba02-4295-48d9-8ad5-ba8583871323/bc6ba36c-aa02-4630-a0ea-4150b9b69e36/Synthetic/84978362-12fb-474b-8e00-aeeef3a4a8dd_flux_1789424833.png,s3://datagen-dev/f5ddba02-4295-48d9-8ad5-ba8583871323/08788e35-b887-4d04-9a7f-40b900d15569/coco.json,COCO,s3://datagen-dev/f5ddba02-4295-48d9-8ad5-ba8583871323/bc6ba36c-aa02-4630-a0ea-4150b9b69e36/Synthetic/84978362-12fb-474b-8e00-aeeef3a4a8dd_flux_1789424833.png
s3://datagen-dev/f5ddba02-4295-48d9-8ad5-ba8583871323/bc6ba36c-aa02-4630-a0ea-4150b9b69e36/Synthetic/bcad7335-3909-49f5-a8b8-8c2c17e2ceef_flux_1789424883.png,s3://datagen-dev/f5ddba02-4295-48d9-8ad5-ba8583871323/08788e35-b887-4d04-9a7f-40b900d15569/coco.json,COCO,s3://datagen-dev/f5ddba02-4295-48d9-8ad5-ba8583871323/bc6ba36c-aa02-4630-a0ea-4150b9b69e36/Synthetic/bcad7335-3909-49f5-a8b8-8c2c17e2ceef_flux_1789424883.png
s3://datagen-dev/f5ddba02-4295-48d9-8ad5-ba8583871323/bc6ba36c-aa02-4630-a0ea-4150b9b69e36/Synthetic/1082c109-6468-4f69-a131-3ae38cdd8ec8_flux_1789424315.png,s3://datagen-dev/f5ddba02-4295-48d9-8ad5-ba8583871323/08788e35-b887-4d04-9a7f-40b900d15569/coco.json,COCO,s3://datagen-dev/f5ddba02-4295-48d9-8ad5-ba8583871323/bc6ba36c-aa02-4630-a0ea-4150b9b69e36/Synthetic/1082c109-6468-4f69-a131-3ae38cdd8ec8_flux_1789424315.png
s3://datagen-dev/f5ddba02-4295-48d9-8ad5-ba8583871323/bc6ba36c-aa02-4630-a0ea-4150b9b69e36/Synthetic/2b39159e-972c-4b31-b4fb-deec302c3cdf_flux_1789425226.png,s3://datagen-dev/f5ddba02-4295-48d9-8ad5-ba8583871323/08788e35-b887-4d04-9a7f-40b900d15569/coco.json,COCO,s3://datagen-dev/f5ddba02-4295-48d9-8ad5-ba8583871323/bc6ba36c-aa02-4630-a0ea-4150b9b69e36/Synthetic/2b39159e-972c-4b31-b4fb-deec302c3cdf_flux_1789425226.png
s3://datagen-dev/f5ddba02-4295-48d9-8ad5-ba8583871323/bc6ba36c-aa02-4630-a0ea-4150b9b69e36/Synthetic/446203f6-cb0a-4104-9547-8d8d4d6666c6_flux_1789422986.png,s3://datagen-dev/f5ddba02-4295-48d9-8ad5-ba8583871323/08788e35-b887-4d04-9a7f-40b900d15569/coco.json,COCO,s3://datagen-dev/f5ddba02-4295-48d9-8ad5-ba8583871323/bc6ba36c-aa02-4630-a0ea-4150b9b69e36/Synthetic/446203f6-cb0a-4104-9547-8d8d4d6666c6_flux_1789422986.png
s3://datagen-dev/f5ddba02-4295-48d9-8ad5-ba8583871323/bc6ba36c-aa02-4630-a0ea-4150b9b69e36/Synthetic/d13c39e5-4328-42cd-85c5-f61dc4da338a_flux_1789424080.png,s3://datagen-dev/f5ddba02-4295-48d9-8ad5-ba8583871323/08788e35-b887-4d04-9a7f-40b900d15569/coco.json,COCO,s3://datagen-dev/f5ddba02-4295-48d9-8ad5-ba8583871323/bc6ba36c-aa02-4630-a0ea-4150b9b69e36/Synthetic/d13c39e5-4328-42cd-85c5-f61dc4da338a_flux_1789424080.png
s3://datagen-dev/f5ddba02-4295-48d9-8ad5-ba8583871323/bc6ba36c-aa02-4630-a0ea-4150b9b69e36/Synthetic/24600b0b-bb50-4069-b11b-9d672896089f_flux_1789426557.png,s3://datagen-dev/f5ddba02-4295-48d9-8ad5-ba8583871323/08788e35-b887-4d04-9a7f-40b900d15569/coco.json,COCO,s3://datagen-dev/f5ddba02-4295-48d9-8ad5-ba8583871323/bc6ba36c-aa02-4630-a0ea-4150b9b69e36/Synthetic/24600b0b-bb50-4069-b11b-9d672896089f_flux_1789426557.png
s3://datagen-dev/f5ddba02-4295-48d9-8ad5-ba8583871323/bc6ba36c-aa02-4630-a0ea-4150b9b69e36/Synthetic/9982b05d-c528-4614-95f6-7d912bfde7d5_flux_1789426446.png,s3://datagen-dev/f5ddba02-4295-48d9-8ad5-ba8583871323/08788e35-b887-4d04-9a7f-40b900d15569/coco.json,COCO,s3://datagen-dev/f5ddba02-4295-48d9-8ad5-ba8583871323/bc6ba36c-aa02-4630-a0ea-4150b9b69e36/Synthetic/9982b05d-c528-4614-95f6-7d912bfde7d5_flux_1789426446.png
s3://datagen-dev/f5ddba02-4295-48d9-8ad5-ba8583871323/bc6ba36c-aa02-4630-a0ea-4150b9b69e36/Synthetic/e41a20f6-82c4-45cb-9873-1bb40fcaf0b5_flux_1789424932.png,s3://datagen-dev/f5ddba02-4295-48d9-8ad5-ba8583871323/08788e35-b887-4d04-9a7f-40b900d15569/coco.json,COCO,s3://datagen-dev/f5ddba02-4295-48d9-8ad5-ba8583871323/bc6ba36c-aa02-4630-a0ea-4150b9b69e36/Synthetic/e41a20f6-82c4-45cb-9873-1bb40fcaf0b5_flux_1789424932.png
s3://datagen-dev/f5ddba02-4295-48d9-8ad5-ba8583871323/bc6ba36c-aa02-4630-a0ea-4150b9b69e36/Synthetic/b5bac854-c4fd-40d5-ab78-578410d18896_flux_1789426528.png,s3://datagen-dev/f5ddba02-4295-48d9-8ad5-ba8583871323/08788e35-b887-4d04-9a7f-40b900d15569/coco.json,COCO,s3://datagen-dev/f5ddba02-4295-48d9-8ad5-ba8583871323/bc6ba36c-aa02-4630-a0ea-4150b9b69e36/Synthetic/b5bac854-c4fd-40d5-ab78-578410d18896_flux_1789426528.png
s3://datagen-dev/f5ddba02-4295-48d9-8ad5-ba8583871323/bc6ba36c-aa02-4630-a0ea-4150b9b69e36/Synthetic/da311abb-3f35-48f9-bee0-4dc76a08ef81_flux_1789426252.png,s3://datagen-dev/f5ddba02-4295-48d9-8ad5-ba8583871323/08788e35-b887-4d04-9a7f-40b900d15569/coco.json,COCO,s3://datagen-dev/f5ddba02-4295-48d9-8ad5-ba8583871323/bc6ba36c-aa02-4630-a0ea-4150b9b69e36/Synthetic/da311abb-3f35-48f9-bee0-4dc76a08ef81_flux_1789426252.png
s3://datagen-dev/f5ddba02-4295-48d9-8ad5-ba8583871323/bc6ba36c-aa02-4630-a0ea-4150b9b69e36/Synthetic/e5dd0011-1a0e-4f2c-b1f1-390ddc82de99_flux_1789425967.png,s3://datagen-dev/f5ddba02-4295-48d9-8ad5-ba8583871323/08788e35-b887-4d04-9a7f-40b900d15569/coco.json,COCO,s3://datagen-dev/f5ddba02-4295-48d9-8ad5-ba8583871323/bc6ba36c-aa02-4630-a0ea-4150b9b69e36/Synthetic/e5dd0011-1a0e-4f2c-b1f1-390ddc82de99_flux_1789425967.png
s3://datagen-dev/f5ddba02-4295-48d9-8ad5-ba8583871323/bc6ba36c-aa02-4630-a0ea-4150b9b69e36/Synthetic/fa5ecdfa-ba67-4345-bd11-4124bae8061d_flux_1789426577.png,s3://datagen-dev/f5ddba02-4295-48d9-8ad5-ba8583871323/08788e35-b887-4d04-9a7f-40b900d15569/coco.json,COCO,s3://datagen-dev/f5ddba02-4295-48d9-8ad5-ba8583871323/bc6ba36c-aa02-4630-a0ea-4150b9b69e36/Synthetic/fa5ecdfa-ba67-4345-bd11-4124bae8061d_flux_1789426577.png
s3://datagen-dev/f5ddba02-4295-48d9-8ad5-ba8583871323/bc6ba36c-aa02-4630-a0ea-4150b9b69e36/Synthetic/bda55074-f987-4781-913f-30b7e8309332_flux_1789423229.png,s3://datagen-dev/f5ddba02-4295-48d9-8ad5-ba8583871323/08788e35-b887-4d04-9a7f-40b900d15569/coco.json,COCO,s3://datagen-dev/f5ddba02-4295-48d9-8ad5-ba8583871323/bc6ba36c-aa02-4630-a0ea-4150b9b69e36/Synthetic/bda55074-f987-4781-913f-30b7e8309332_flux_1789423229.png
s3://datagen-dev/f5ddba02-4295-48d9-8ad5-ba8583871323/bc6ba36c-aa02-4630-a0ea-4150b9b69e36/Synthetic/3ade3558-79c7-4210-b2c7-5bb4ec0068c3_flux_1789425651.png,s3://datagen-dev/f5ddba02-4295-48d9-8ad5-ba8583871323/08788e35-b887-4d04-9a7f-40b900d15569/coco.json,COCO,s3://datagen-dev/f5ddba02-4295-48d9-8ad5-ba8583871323/bc6ba36c-aa02-4630-a0ea-4150b9b69e36/Synthetic/3ade3558-79c7-4210-b2c7-5bb4ec0068c3_flux_1789425651.png
s3://datagen-dev/f5ddba02-4295-48d9-8ad5-ba8583871323/bc6ba36c-aa02-4630-a0ea-4150b9b69e36/Synthetic/02c5b60e-a0f6-4443-9f57-9cf8cb058597_flux_1789422875.png,s3://datagen-dev/f5ddba02-4295-48d9-8ad5-ba8583871323/08788e35-b887-4d04-9a7f-40b900d15569/coco.json,COCO,s3://datagen-dev/f5ddba02-4295-48d9-8ad5-ba8583871323/bc6ba36c-aa02-4630-a0ea-4150b9b69e36/Synthetic/02c5b60e-a0f6-4443-9f57-9cf8cb058597_flux_1789422875.png
s3://datagen-dev/f5ddba02-4295-48d9-8ad5-ba8583871323/bc6ba36c-aa02-4630-a0ea-4150b9b69e36/Synthetic/793a2aa1-f64f-4491-bd8e-4fbbd4b8f1c1_flux_1789426697.png,s3://datagen-dev/f5ddba02-4295-48d9-8ad5-ba8583871323/08788e35-b887-4d04-9a7f-40b900d15569/coco.json,COCO,s3://datagen-dev/f5ddba02-4295-48d9-8ad5-ba8583871323/bc6ba36c-aa02-4630-a0ea-4150b9b69e36/Synthetic/793a2aa1-f64f-4491-bd8e-4fbbd4b8f1c1_flux_1789426697.png
s3://datagen-dev/f5ddba02-4295-48d9-8ad5-ba8583871323/bc6ba36c-aa02-4630-a0ea-4150b9b69e36/Synthetic/2c5568ea-cdc3-42e2-a0d5-fce3db168cf8_flux_1789424571.png,s3://datagen-dev/f5ddba02-4295-48d9-8ad5-ba8583871323/08788e35-b887-4d04-9a7f-40b900d15569/coco.json,COCO,s3://datagen-dev/f5ddba02-4295-48d9-8ad5-ba8583871323/bc6ba36c-aa02-4630-a0ea-4150b9b69e36/Synthetic/2c5568ea-cdc3-42e2-a0d5-fce3db168cf8_flux_1789424571.png
s3://datagen-dev/f5ddba02-4295-48d9-8ad5-ba8583871323/bc6ba36c-aa02-4630-a0ea-4150b9b69e36/Synthetic/311df694-038b-4ef3-8605-997d1afb6c35_flux_1789424245.png,s3://datagen-dev/f5ddba02-4295-48d9-8ad5-ba8583871323/08788e35-b887-4d04-9a7f-40b900d15569/coco.json,COCO,s3://datagen-dev/f5ddba02-4295-48d9-8ad5-ba8583871323/bc6ba36c-aa02-4630-a0ea-4150b9b69e36/Synthetic/311df694-038b-4ef3-8605-997d1afb6c35_flux_1789424245.png
s3://datagen-dev/f5ddba02-4295-48d9-8ad5-ba8583871323/bc6ba36c-aa02-4630-a0ea-4150b9b69e36/Synthetic/52f1f4db-8d58-4ebf-a3d4-aaf630250aa6_flux_1789424678.png,s3://datagen-dev/f5ddba02-4295-48d9-8ad5-ba8583871323/08788e35-b887-4d04-9a7f-40b900d15569/coco.json,COCO,s3://datagen-dev/f5ddba02-4295-48d9-8ad5-ba8583871323/bc6ba36c-aa02-4630-a0ea-4150b9b69e36/Synthetic/52f1f4db-8d58-4ebf-a3d4-aaf630250aa6_flux_1789424678.png
s3://datagen-dev/f5ddba02-4295-48d9-8ad5-ba8583871323/bc6ba36c-aa02-4630-a0ea-4150b9b69e36/Synthetic/868dcdb0-e53b-4f04-9fd8-b2f3449e55ad_flux_1789422669.png,s3://datagen-dev/f5ddba02-4295-48d9-8ad5-ba8583871323/08788e35-b887-4d04-9a7f-40b900d15569/coco.json,COCO,s3://datagen-dev/f5ddba02-4295-48d9-8ad5-ba8583871323/bc6ba36c-aa02-4630-a0ea-4150b9b69e36/Synthetic/868dcdb0-e53b-4f04-9fd8-b2f3449e55ad_flux_1789422669.png
s3://datagen-dev/f5ddba02-4295-48d9-8ad5-ba8583871323/bc6ba36c-aa02-4630-a0ea-4150b9b69e36/Synthetic/0f3a2776-80f6-437b-9aad-4a49366c5bc8_flux_1789423151.png,s3://datagen-dev/f5ddba02-4295-48d9-8ad5-ba8583871323/08788e35-b887-4d04-9a7f-40b900d15569/coco.json,COCO,s3://datagen-dev/f5ddba02-4295-48d9-8ad5-ba8583871323/bc6ba36c-aa02-4630-a0ea-4150b9b69e36/Synthetic/0f3a2776-80f6-437b-9aad-4a49366c5bc8_flux_1789423151.png
s3://datagen-dev/f5ddba02-4295-48d9-8ad5-ba8583871323/bc6ba36c-aa02-4630-a0ea-4150b9b69e36/Synthetic/6fdf1318-d238-4c97-90bb-c7afae026504_flux_1789425533.png,s3://datagen-dev/f5ddba02-4295-48d9-8ad5-ba8583871323/08788e35-b887-4d04-9a7f-40b900d15569/coco.json,COCO,s3://datagen-dev/f5ddba02-4295-48d9-8ad5-ba8583871323/bc6ba36c-aa02-4630-a0ea-4150b9b69e36/Synthetic/6fdf1318-d238-4c97-90bb-c7afae026504_flux_1789425533.png
s3://datagen-dev/f5ddba02-4295-48d9-8ad5-ba8583871323/bc6ba36c-aa02-4630-a0ea-4150b9b69e36/Synthetic/c73e4643-eb8f-4281-bc4a-2100ae95e861_flux_1789425849.png,s3://datagen-dev/f5ddba02-4295-48d9-8ad5-ba8583871323/08788e35-b887-4d04-9a7f-40b900d15569/coco.json,COCO,s3://datagen-dev/f5ddba02-4295-48d9-8ad5-ba8583871323/bc6ba36c-aa02-4630-a0ea-4150b9b69e36/Synthetic/c73e4643-eb8f-4281-bc4a-2100ae95e861_flux_1789425849.png
s3://datagen-dev/f5ddba02-4295-48d9-8ad5-ba8583871323/bc6ba36c-aa02-4630-a0ea-4150b9b69e36/Synthetic/15a987b9-e73a-4264-b80c-902662b1d8c2_flux_1789425164.png,s3://datagen-dev/f5ddba02-4295-48d9-8ad5-ba8583871323/08788e35-b887-4d04-9a7f-40b900d15569/coco.json,COCO,s3://datagen-dev/f5ddba02-4295-48d9-8ad5-ba8583871323/bc6ba36c-aa02-4630-a0ea-4150b9b69e36/Synthetic/15a987b9-e73a-4264-b80c-902662b1d8c2_flux_1789425164.png
s3://datagen-dev/f5ddba02-4295-48d9-8ad5-ba8583871323/bc6ba36c-aa02-4630-a0ea-4150b9b69e36/Synthetic/67beb6e3-14ee-4d15-a18a-ad3b8471efbb_flux_1789423790.png,s3://datagen-dev/f5ddba02-4295-48d9-8ad5-ba8583871323/08788e35-b887-4d04-9a7f-40b900d15569/coco.json,COCO,s3://datagen-dev/f5ddba02-4295-48d9-8ad5-ba8583871323/bc6ba36c-aa02-4630-a0ea-4150b9b69e36/Synthetic/67beb6e3-14ee-4d15-a18a-ad3b8471efbb_flux_1789423790.png
s3://datagen-dev/f5ddba02-4295-48d9-8ad5-ba8583871323/bc6ba36c-aa02-4630-a0ea-4150b9b69e36/Synthetic/25ca2499-297d-487b-977e-37fc0ceab9e7_flux_1789425955.png,s3://datagen-dev/f5ddba02-4295-48d9-8ad5-ba8583871323/08788e35-b887-4d04-9a7f-40b900d15569/coco.json,COCO,s3://datagen-dev/f5ddba02-4295-48d9-8ad5-ba8583871323/bc6ba36c-aa02-4630-a0ea-4150b9b69e36/Synthetic/25ca2499-297d-487b-977e-37fc0ceab9e7_flux_1789425955.png
s3://datagen-dev/f5ddba02-4295-48d9-8ad5-ba8583871323/bc6ba36c-aa02-4630-a0ea-4150b9b69e36/Synthetic/9081b331-8ed7-4042-b59e-c25152ca7eba_flux_1789425086.png,s3://datagen-dev/f5ddba02-4295-48d9-8ad5-ba8583871323/08788e35-b887-4d04-9a7f-40b900d15569/coco.json,COCO,s3://datagen-dev/f5ddba02-4295-48d9-8ad5-ba8583871323/bc6ba36c-aa02-4630-a0ea-4150b9b69e36/Synthetic/9081b331-8ed7-4042-b59e-c25152ca7eba_flux_1789425086.png
s3://datagen-dev/f5ddba02-4295-48d9-8ad5-ba8583871323/bc6ba36c-aa02-4630-a0ea-4150b9b69e36/Synthetic/4b26f23d-879e-4d9e-af04-03f09f55c0e9_flux_1789426112.png,s3://datagen-dev/f5ddba02-4295-48d9-8ad5-ba8583871323/08788e35-b887-4d04-9a7f-40b900d15569/coco.json,COCO,s3://datagen-dev/f5ddba02-4295-48d9-8ad5-ba8583871323/bc6ba36c-aa02-4630-a0ea-4150b9b69e36/Synthetic/4b26f23d-879e-4d9e-af04-03f09f55c0e9_flux_1789426112.png
s3://datagen-dev/f5ddba02-4295-48d9-8ad5-ba8583871323/bc6ba36c-aa02-4630-a0ea-4150b9b69e36/Synthetic/0c2d0e32-cd06-4933-a3fb-e88cc6ef449a_flux_1789423671.png,s3://datagen-dev/f5ddba02-4295-48d9-8ad5-ba8583871323/08788e35-b887-4d04-9a7f-40b900d15569/coco.json,COCO,s3://datagen-dev/f5ddba02-4295-48d9-8ad5-ba8583871323/bc6ba36c-aa02-4630-a0ea-4150b9b69e36/Synthetic/0c2d0e32-cd06-4933-a3fb-e88cc6ef449a_flux_1789423671.png
s3://datagen-dev/f5ddba02-4295-48d9-8ad5-ba8583871323/bc6ba36c-aa02-4630-a0ea-4150b9b69e36/Synthetic/41a7e3a3-9c9f-44e8-a539-cfa8dcb84bd1_flux_1789424273.png,s3://datagen-dev/f5ddba02-4295-48d9-8ad5-ba8583871323/08788e35-b887-4d04-9a7f-40b900d15569/coco.json,COCO,s3://datagen-dev/f5ddba02-4295-48d9-8ad5-ba8583871323/bc6ba36c-aa02-4630-a0ea-4150b9b69e36/Synthetic/41a7e3a3-9c9f-44e8-a539-cfa8dcb84bd1_flux_1789424273.png
s3://datagen-dev/f5ddba02-4295-48d9-8ad5-ba8583871323/bc6ba36c-aa02-4630-a0ea-4150b9b69e36/Synthetic/b2f463ee-03c7-43cf-9ffb-28e90117b816_flux_1789424029.png,s3://datagen-dev/f5ddba02-4295-48d9-8ad5-ba8583871323/08788e35-b887-4d04-9a7f-40b900d15569/coco.json,COCO,s3://datagen-dev/f5ddba02-4295-48d9-8ad5-ba8583871323/bc6ba36c-aa02-4630-a0ea-4150b9b69e36/Synthetic/b2f463ee-03c7-43cf-9ffb-28e90117b816_flux_1789424029.png
s3://datagen-dev/f5ddba02-4295-48d9-8ad5-ba8583871323/bc6ba36c-aa02-4630-a0ea-4150b9b69e36/Synthetic/eb37b63a-e1b1-4645-a9af-3520f09df27d_flux_1789423794.png,s3://datagen-dev/f5ddba02-4295-48d9-8ad5-ba8583871323/08788e35-b887-4d04-9a7f-40b900d15569/coco.json,COCO,s3://datagen-dev/f5ddba02-4295-48d9-8ad5-ba8583871323/bc6ba36c-aa02-4630-a0ea-4150b9b69e36/Synthetic/eb37b63a-e1b1-4645-a9af-3520f09df27d_flux_1789423794.png
s3://datagen-dev/f5ddba02-4295-48d9-8ad5-ba8583871323/bc6ba36c-aa02-4630-a0ea-4150b9b69e36/Synthetic/1b58480c-9dc8-4fe7-a4a8-b5d7b73e50e5_flux_1789426647.png,s3://datagen-dev/f5ddba02-4295-48d9-8ad5-ba8583871323/08788e35-b887-4d04-9a7f-40b900d15569/coco.json,COCO,s3://datagen-dev/f5ddba02-4295-48d9-8ad5-ba8583871323/bc6ba36c-aa02-4630-a0ea-4150b9b69e36/Synthetic/1b58480c-9dc8-4fe7-a4a8-b5d7b73e50e5_flux_1789426647.png
s3://datagen-dev/f5ddba02-4295-48d9-8ad5-ba8583871323/bc6ba36c-aa02-4630-a0ea-4150b9b69e36/Synthetic/1f381606-3063-43ce-9cc5-3736df859d55_flux_1789423951.png,s3://datagen-dev/f5ddba02-4295-48d9-8ad5-ba8583871323/08788e35-b887-4d04-9a7f-40b900d15569/coco.json,COCO,s3://datagen-dev/f5ddba02-4295-48d9-8ad5-ba8583871323/bc6ba36c-aa02-4630-a0ea-4150b9b69e36/Synthetic/1f381606-3063-43ce-9cc5-3736df859d55_flux_1789423951.png
s3://datagen-dev/f5ddba02-4295-48d9-8ad5-ba8583871323/bc6ba36c-aa02-4630-a0ea-4150b9b69e36/Synthetic/c3db70be-b58e-4c69-a59d-bb386efd5609_flux_1789423815.png,s3://datagen-dev/f5ddba02-4295-48d9-8ad5-ba8583871323/08788e35-b887-4d04-9a7f-40b900d15569/coco.json,COCO,s3://datagen-dev/f5ddba02-4295-48d9-8ad5-ba8583871323/bc6ba36c-aa02-4630-a0ea-4150b9b69e36/Synthetic/c3db70be-b58e-4c69-a59d-bb386efd5609_flux_1789423815.png
s3://datagen-dev/f5ddba02-4295-48d9-8ad5-ba8583871323/bc6ba36c-aa02-4630-a0ea-4150b9b69e36/Synthetic/1107d3a0-0353-48d8-8e69-807a82e245aa_flux_1789424682.png,s3://datagen-dev/f5ddba02-4295-48d9-8ad5-ba8583871323/08788e35-b887-4d04-9a7f-40b900d15569/coco.json,COCO,s3://datagen-dev/f5ddba02-4295-48d9-8ad5-ba8583871323/bc6ba36c-aa02-4630-a0ea-4150b9b69e36/Synthetic/1107d3a0-0353-48d8-8e69-807a82e245aa_flux_1789424682.png
s3://datagen-dev/f5ddba02-4295-48d9-8ad5-ba8583871323/bc6ba36c-aa02-4630-a0ea-4150b9b69e36/Synthetic/28ebeca7-1bbd-46d6-b410-1bd2d62a5ef2_flux_1789426371.png,s3://datagen-dev/f5ddba02-4295-48d9-8ad5-ba8583871323/08788e35-b887-4d04-9a7f-40b900d15569/coco.json,COCO,s3://datagen-dev/f5ddba02-4295-48d9-8ad5-ba8583871323/bc6ba36c-aa02-4630-a0ea-4150b9b69e36/Synthetic/28ebeca7-1bbd-46d6-b410-1bd2d62a5ef2_flux_1789426371.png
s3://datagen-dev/f5ddba02-4295-48d9-8ad5-ba8583871323/bc6ba36c-aa02-4630-a0ea-4150b9b69e36/Synthetic/faa64f3c-010f-4752-8b4c-b3cc2df69a2f_flux_1789423531.png,s3://datagen-dev/f5ddba02-4295-48d9-8ad5-ba8583871323/08788e35-b887-4d04-9a7f-40b900d15569/coco.json,COCO,s3://datagen-dev/f5ddba02-4295-48d9-8ad5-ba8583871323/bc6ba36c-aa02-4630-a0ea-4150b9b69e36/Synthetic/faa64f3c-010f-4752-8b4c-b3cc2df69a2f_flux_1789423531.png
s3://datagen-dev/f5ddba02-4295-48d9-8ad5-ba8583871323/bc6ba36c-aa02-4630-a0ea-4150b9b69e36/Synthetic/e13fdb49-131c-4fb0-9a57-f78f1f42bd72_flux_1789423180.png,s3://datagen-dev/f5ddba02-4295-48d9-8ad5-ba8583871323/08788e35-b887-4d04-9a7f-40b900d15569/coco.json,COCO,s3://datagen-dev/f5ddba02-4295-48d9-8ad5-ba8583871323/bc6ba36c-aa02-4630-a0ea-4150b9b69e36/Synthetic/e13fdb49-131c-4fb0-9a57-f78f1f42bd72_flux_1789423180.png
s3://datagen-dev/f5ddba02-4295-48d9-8ad5-ba8583871323/bc6ba36c-aa02-4630-a0ea-4150b9b69e36/Synthetic/8de9d258-43d3-4b50-bea2-c41033769ff0_flux_1789425300.png,s3://datagen-dev/f5ddba02-4295-48d9-8ad5-ba8583871323/08788e35-b887-4d04-9a7f-40b900d15569/coco.json,COCO,s3://datagen-dev/f5ddba02-4295-48d9-8ad5-ba8583871323/bc6ba36c-aa02-4630-a0ea-4150b9b69e36/Synthetic/8de9d258-43d3-4b50-bea2-c41033769ff0_flux_1789425300.png
s3://datagen-dev/f5ddba02-4295-48d9-8ad5-ba8583871323/bc6ba36c-aa02-4630-a0ea-4150b9b69e36/Synthetic/f38a6ff6-29e6-46d0-bca9-7a3ad41eeb35_flux_1789426655.png,s3://datagen-dev/f5ddba02-4295-48d9-8ad5-ba8583871323/08788e35-b887-4d04-9a7f-40b900d15569/coco.json,COCO,s3://datagen-dev/f5ddba02-4295-48d9-8ad5-ba8583871323/bc6ba36c-aa02-4630-a0ea-4150b9b69e36/Synthetic/f38a6ff6-29e6-46d0-bca9-7a3ad41eeb35_flux_1789426655.png
s3://datagen-dev/f5ddba02-4295-48d9-8ad5-ba8583871323/bc6ba36c-aa02-4630-a0ea-4150b9b69e36/Synthetic/5ab3fb29-ef43-48cc-8ac5-a9cab1495ceb_flux_1789423159.png,s3://datagen-dev/f5ddba02-4295-48d9-8ad5-ba8583871323/08788e35-b887-4d04-9a7f-40b900d15569/coco.json,COCO,s3://datagen-dev/f5ddba02-4295-48d9-8ad5-ba8583871323/bc6ba36c-aa02-4630-a0ea-4150b9b69e36/Synthetic/5ab3fb29-ef43-48cc-8ac5-a9cab1495ceb_flux_1789423159.png
s3://datagen-dev/f5ddba02-4295-48d9-8ad5-ba8583871323/bc6ba36c-aa02-4630-a0ea-4150b9b69e36/Synthetic/13fe1619-b3ee-4eb5-8bfa-07fc16bdcc4f_flux_1789426133.png,s3://datagen-dev/f5ddba02-4295-48d9-8ad5-ba8583871323/08788e35-b887-4d04-9a7f-40b900d15569/coco.json,COCO,s3://datagen-dev/f5ddba02-4295-48d9-8ad5-ba8583871323/bc6ba36c-aa02-4630-a0ea-4150b9b69e36/Synthetic/13fe1619-b3ee-4eb5-8bfa-07fc16bdcc4f_flux_1789426133.png
s3://datagen-dev/f5ddba02-4295-48d9-8ad5-ba8583871323/bc6ba36c-aa02-4630-a0ea-4150b9b69e36/Synthetic/6ea2929f-93c4-4621-9dcc-39c07e7d5da0_flux_1789425593.png,s3://datagen-dev/f5ddba02-4295-48d9-8ad5-ba8583871323/08788e35-b887-4d04-9a7f-40b900d15569/coco.json,COCO,s3://datagen-dev/f5ddba02-4295-48d9-8ad5-ba8583871323/bc6ba36c-aa02-4630-a0ea-4150b9b69e36/Synthetic/6ea2929f-93c4-4621-9dcc-39c07e7d5da0_flux_1789425593.png
s3://datagen-dev/f5ddba02-4295-48d9-8ad5-ba8583871323/bc6ba36c-aa02-4630-a0ea-4150b9b69e36/Synthetic/6ca96594-1105-4a14-8058-c31baa731a18_flux_1789423588.png,s3://datagen-dev/f5ddba02-4295-48d9-8ad5-ba8583871323/08788e35-b887-4d04-9a7f-40b900d15569/coco.json,COCO,s3://datagen-dev/f5ddba02-4295-48d9-8ad5-ba8583871323/bc6ba36c-aa02-4630-a0ea-4150b9b69e36/Synthetic/6ca96594-1105-4a14-8058-c31baa731a18_flux_1789423588.png
s3://datagen-dev/f5ddba02-4295-48d9-8ad5-ba8583871323/bc6ba36c-aa02-4630-a0ea-4150b9b69e36/Synthetic/f192efab-329f-47a4-be4b-6ae0785bb373_flux_1789425729.png,s3://datagen-dev/f5ddba02-4295-48d9-8ad5-ba8583871323/08788e35-b887-4d04-9a7f-40b900d15569/coco.json,COCO,s3://datagen-dev/f5ddba02-4295-48d9-8ad5-ba8583871323/bc6ba36c-aa02-4630-a0ea-4150b9b69e36/Synthetic/f192efab-329f-47a4-be4b-6ae0785bb373_flux_1789425729.png
s3://datagen-dev/f5ddba02-4295-48d9-8ad5-ba8583871323/bc6ba36c-aa02-4630-a0ea-4150b9b69e36/Synthetic/71439d38-a6ca-4085-9639-ff07dc088bfa_flux_1789424513.png,s3://datagen-dev/f5ddba02-4295-48d9-8ad5-ba8583871323/08788e35-b887-4d04-9a7f-40b900d15569/coco.json,COCO,s3://datagen-dev/f5ddba02-4295-48d9-8ad5-ba8583871323/bc6ba36c-aa02-4630-a0ea-4150b9b69e36/Synthetic/71439d38-a6ca-4085-9639-ff07dc088bfa_flux_1789424513.png
s3://datagen-dev/f5ddba02-4295-48d9-8ad5-ba8583871323/bc6ba36c-aa02-4630-a0ea-4150b9b69e36/Synthetic/6482b01d-5df1-412f-9fb6-d3998e022bc2_flux_1789424154.png,s3://datagen-dev/f5ddba02-4295-48d9-8ad5-ba8583871323/08788e35-b887-4d04-9a7f-40b900d15569/coco.json,COCO,s3://datagen-dev/f5ddba02-4295-48d9-8ad5-ba8583871323/bc6ba36c-aa02-4630-a0ea-4150b9b69e36/Synthetic/6482b01d-5df1-412f-9fb6-d3998e022bc2_flux_1789424154.png
s3://datagen-dev/f5ddba02-4295-48d9-8ad5-ba8583871323/bc6ba36c-aa02-4630-a0ea-4150b9b69e36/Synthetic/2c981632-def6-44cb-aa41-436ad4cf7d7a_flux_1789423036.png,s3://datagen-dev/f5ddba02-4295-48d9-8ad5-ba8583871323/08788e35-b887-4d04-9a7f-40b900d15569/coco.json,COCO,s3://datagen-dev/f5ddba02-4295-48d9-8ad5-ba8583871323/bc6ba36c-aa02-4630-a0ea-4150b9b69e36/Synthetic/2c981632-def6-44cb-aa41-436ad4cf7d7a_flux_1789423036.png
s3://datagen-dev/f5ddba02-4295-48d9-8ad5-ba8583871323/bc6ba36c-aa02-4630-a0ea-4150b9b69e36/Synthetic/bd18597d-3d6f-40bf-92a3-72be8cc86be1_flux_1789424464.png,s3://datagen-dev/f5ddba02-4295-48d9-8ad5-ba8583871323/08788e35-b887-4d04-9a7f-40b900d15569/coco.json,COCO,s3://datagen-dev/f5ddba02-4295-48d9-8ad5-ba8583871323/bc6ba36c-aa02-4630-a0ea-4150b9b69e36/Synthetic/bd18597d-3d6f-40bf-92a3-72be8cc86be1_flux_1789424464.png
s3://datagen-dev/f5ddba02-4295-48d9-8ad5-ba8583871323/bc6ba36c-aa02-4630-a0ea-4150b9b69e36/Synthetic/2f2f30ff-f120-4a62-b889-72492d630ef0_flux_1789423394.png,s3://datagen-dev/f5ddba02-4295-48d9-8ad5-ba8583871323/08788e35-b887-4d04-9a7f-40b900d15569/coco.json,COCO,s3://datagen-dev/f5ddba02-4295-48d9-8ad5-ba8583871323/bc6ba36c-aa02-4630-a0ea-4150b9b69e36/Synthetic/2f2f30ff-f120-4a62-b889-72492d630ef0_flux_1789423394.png
s3://datagen-dev/f5ddba02-4295-48d9-8ad5-ba8583871323/bc6ba36c-aa02-4630-a0ea-4150b9b69e36/Synthetic/027c324e-4a2f-4bd0-96f3-9b0965a58208_flux_1789426569.png,s3://datagen-dev/f5ddba02-4295-48d9-8ad5-ba8583871323/08788e35-b887-4d04-9a7f-40b900d15569/coco.json,COCO,s3://datagen-dev/f5ddba02-4295-48d9-8ad5-ba8583871323/bc6ba36c-aa02-4630-a0ea-4150b9b69e36/Synthetic/027c324e-4a2f-4bd0-96f3-9b0965a58208_flux_1789426569.png
s3://datagen-dev/f5ddba02-4295-48d9-8ad5-ba8583871323/bc6ba36c-aa02-4630-a0ea-4150b9b69e36/Synthetic/895a7885-d04f-470f-935c-9f031cd31dcf_flux_1789425197.png,s3://datagen-dev/f5ddba02-4295-48d9-8ad5-ba8583871323/08788e35-b887-4d04-9a7f-40b900d15569/coco.json,COCO,s3://datagen-dev/f5ddba02-4295-48d9-8ad5-ba8583871323/bc6ba36c-aa02-4630-a0ea-4150b9b69e36/Synthetic/895a7885-d04f-470f-935c-9f031cd31dcf_flux_1789425197.png
s3://datagen-dev/f5ddba02-4295-48d9-8ad5-ba8583871323/bc6ba36c-aa02-4630-a0ea-4150b9b69e36/Synthetic/dd6e2a6c-fd99-43d8-8245-01179e52d54e_flux_1789424472.png,s3://datagen-dev/f5ddba02-4295-48d9-8ad5-ba8583871323/08788e35-b887-4d04-9a7f-40b900d15569/coco.json,COCO,s3://datagen-dev/f5ddba02-4295-48d9-8ad5-ba8583871323/bc6ba36c-aa02-4630-a0ea-4150b9b69e36/Synthetic/dd6e2a6c-fd99-43d8-8245-01179e52d54e_flux_1789424472.png
s3://datagen-dev/f5ddba02-4295-48d9-8ad5-ba8583871323/bc6ba36c-aa02-4630-a0ea-4150b9b69e36/Synthetic/4a186381-81ea-4907-a946-32bb5410559d_flux_1789426269.png,s3://datagen-dev/f5ddba02-4295-48d9-8ad5-ba8583871323/08788e35-b887-4d04-9a7f-40b900d15569/coco.json,COCO,s3://datagen-dev/f5ddba02-4295-48d9-8ad5-ba8583871323/bc6ba36c-aa02-4630-a0ea-4150b9b69e36/Synthetic/4a186381-81ea-4907-a946-32bb5410559d_flux_1789426269.png
s3://datagen-dev/f5ddba02-4295-48d9-8ad5-ba8583871323/bc6ba36c-aa02-4630-a0ea-4150b9b69e36/Synthetic/1f7284f9-e529-4b28-9447-00137704261b_flux_1789425353.png,s3://datagen-dev/f5ddba02-4295-48d9-8ad5-ba8583871323/08788e35-b887-4d04-9a7f-40b900d15569/coco.json,COCO,s3://datagen-dev/f5ddba02-4295-48d9-8ad5-ba8583871323/bc6ba36c-aa02-4630-a0ea-4150b9b69e36/Synthetic/1f7284f9-e529-4b28-9447-00137704261b_flux_1789425353.png
s3://datagen-dev/f5ddba02-4295-48d9-8ad5-ba8583871323/bc6ba36c-aa02-4630-a0ea-4150b9b69e36/Synthetic/caea1201-2bb6-451d-ba3a-61d7f39bca07_flux_1789423765.png,s3://datagen-dev/f5ddba02-4295-48d9-8ad5-ba8583871323/08788e35-b887-4d04-9a7f-40b900d15569/coco.json,COCO,s3://datagen-dev/f5ddba02-4295-48d9-8ad5-ba8583871323/bc6ba36c-aa02-4630-a0ea-4150b9b69e36/Synthetic/caea1201-2bb6-451d-ba3a-61d7f39bca07_flux_1789423765.png
s3://datagen-dev/f5ddba02-4295-48d9-8ad5-ba8583871323/bc6ba36c-aa02-4630-a0ea-4150b9b69e36/Synthetic/218d3484-0a41-4832-8bdb-b5b85e261868_flux_1789422904.png,s3://datagen-dev/f5ddba02-4295-48d9-8ad5-ba8583871323/08788e35-b887-4d04-9a7f-40b900d15569/coco.json,COCO,s3://datagen-dev/f5ddba02-4295-48d9-8ad5-ba8583871323/bc6ba36c-aa02-4630-a0ea-4150b9b69e36/Synthetic/218d3484-0a41-4832-8bdb-b5b85e261868_flux_1789422904.png
s3://datagen-dev/f5ddba02-4295-48d9-8ad5-ba8583871323/bc6ba36c-aa02-4630-a0ea-4150b9b69e36/Synthetic/cbfcf7f7-3e71-475e-bfc8-0e109caf6f22_flux_1789422792.png,s3://datagen-dev/f5ddba02-4295-48d9-8ad5-ba8583871323/08788e35-b887-4d04-9a7f-40b900d15569/coco.json,COCO,s3://datagen-dev/f5ddba02-4295-48d9-8ad5-ba8583871323/bc6ba36c-aa02-4630-a0ea-4150b9b69e36/Synthetic/cbfcf7f7-3e71-475e-bfc8-0e109caf6f22_flux_1789422792.png
s3://datagen-dev/f5ddba02-4295-48d9-8ad5-ba8583871323/bc6ba36c-aa02-4630-a0ea-4150b9b69e36/Synthetic/2b4a392d-02bb-4631-b71a-0f0adb739892_flux_1789423881.png,s3://datagen-dev/f5ddba02-4295-48d9-8ad5-ba8583871323/08788e35-b887-4d04-9a7f-40b900d15569/coco.json,COCO,s3://datagen-dev/f5ddba02-4295-48d9-8ad5-ba8583871323/bc6ba36c-aa02-4630-a0ea-4150b9b69e36/Synthetic/2b4a392d-02bb-4631-b71a-0f0adb739892_flux_1789423881.png
s3://datagen-dev/f5ddba02-4295-48d9-8ad5-ba8583871323/bc6ba36c-aa02-4630-a0ea-4150b9b69e36/Synthetic/7cc68341-f0bb-45ff-b997-ba83f1997743_flux_1789423861.png,s3://datagen-dev/f5ddba02-4295-48d9-8ad5-ba8583871323/08788e35-b887-4d04-9a7f-40b900d15569/coco.json,COCO,s3://datagen-dev/f5ddba02-4295-48d9-8ad5-ba8583871323/bc6ba36c-aa02-4630-a0ea-4150b9b69e36/Synthetic/7cc68341-f0bb-45ff-b997-ba83f1997743_flux_1789423861.png
s3://datagen-dev/f5ddba02-4295-48d9-8ad5-ba8583871323/bc6ba36c-aa02-4630-a0ea-4150b9b69e36/Synthetic/5bd1fa1e-99e2-407d-a1d8-1c82c0fc0d65_flux_1789423753.png,s3://datagen-dev/f5ddba02-4295-48d9-8ad5-ba8583871323/08788e35-b887-4d04-9a7f-40b900d15569/coco.json,COCO,s3://datagen-dev/f5ddba02-4295-48d9-8ad5-ba8583871323/bc6ba36c-aa02-4630-a0ea-4150b9b69e36/Synthetic/5bd1fa1e-99e2-407d-a1d8-1c82c0fc0d65_flux_1789423753.png
s3://datagen-dev/f5ddba02-4295-48d9-8ad5-ba8583871323/bc6ba36c-aa02-4630-a0ea-4150b9b69e36/Synthetic/d3e99f04-2201-4e79-914b-1a4e2d97d2ad_flux_1789425565.png,s3://datagen-dev/f5ddba02-4295-48d9-8ad5-ba8583871323/08788e35-b887-4d04-9a7f-40b900d15569/coco.json,COCO,s3://datagen-dev/f5ddba02-4295-48d9-8ad5-ba8583871323/bc6ba36c-aa02-4630-a0ea-4150b9b69e36/Synthetic/d3e99f04-2201-4e79-914b-1a4e2d97d2ad_flux_1789425565.png
s3://datagen-dev/f5ddba02-4295-48d9-8ad5-ba8583871323/bc6ba36c-aa02-4630-a0ea-4150b9b69e36/Synthetic/7a83d078-33ee-4d6e-85da-db6d0d7aae1c_flux_1789424908.png,s3://datagen-dev/f5ddba02-4295-48d9-8ad5-ba8583871323/08788e35-b887-4d04-9a7f-40b900d15569/coco.json,COCO,s3://datagen-dev/f5ddba02-4295-48d9-8ad5-ba8583871323/bc6ba36c-aa02-4630-a0ea-4150b9b69e36/Synthetic/7a83d078-33ee-4d6e-85da-db6d0d7aae1c_flux_1789424908.png
s3://datagen-dev/f5ddba02-4295-48d9-8ad5-ba8583871323/bc6ba36c-aa02-4630-a0ea-4150b9b69e36/Synthetic/c250d652-05b8-4c08-a78f-bee2bd58b8a4_flux_1789426100.png,s3://datagen-dev/f5ddba02-4295-48d9-8ad5-ba8583871323/08788e35-b887-4d04-9a7f-40b900d15569/coco.json,COCO,s3://datagen-dev/f5ddba02-4295-48d9-8ad5-ba8583871323/bc6ba36c-aa02-4630-a0ea-4150b9b69e36/Synthetic/c250d652-05b8-4c08-a78f-bee2bd58b8a4_flux_1789426100.png
s3://datagen-dev/f5ddba02-4295-48d9-8ad5-ba8583871323/bc6ba36c-aa02-4630-a0ea-4150b9b69e36/Synthetic/b790e6f7-2e19-4042-ab3e-d5907a1e6852_flux_1789424583.png,s3://datagen-dev/f5ddba02-4295-48d9-8ad5-ba8583871323/08788e35-b887-4d04-9a7f-40b900d15569/coco.json,COCO,s3://datagen-dev/f5ddba02-4295-48d9-8ad5-ba8583871323/bc6ba36c-aa02-4630-a0ea-4150b9b69e36/Synthetic/b790e6f7-2e19-4042-ab3e-d5907a1e6852_flux_1789424583.png
s3://datagen-dev/f5ddba02-4295-48d9-8ad5-ba8583871323/bc6ba36c-aa02-4630-a0ea-4150b9b69e36/Synthetic/4c7228e4-0c3d-4a76-a00f-76a19baeac62_flux_1789423621.png,s3://datagen-dev/f5ddba02-4295-48d9-8ad5-ba8583871323/08788e35-b887-4d04-9a7f-40b900d15569/coco.json,COCO,s3://datagen-dev/f5ddba02-4295-48d9-8ad5-ba8583871323/bc6ba36c-aa02-4630-a0ea-4150b9b69e36/Synthetic/4c7228e4-0c3d-4a76-a00f-76a19baeac62_flux_1789423621.png
s3://datagen-dev/f5ddba02-4295-48d9-8ad5-ba8583871323/bc6ba36c-aa02-4630-a0ea-4150b9b69e36/Synthetic/4dae8f17-0707-42c2-a9b7-17547dfd5714_flux_1789426548.png,s3://datagen-dev/f5ddba02-4295-48d9-8ad5-ba8583871323/08788e35-b887-4d04-9a7f-40b900d15569/coco.json,COCO,s3://datagen-dev/f5ddba02-4295-48d9-8ad5-ba8583871323/bc6ba36c-aa02-4630-a0ea-4150b9b69e36/Synthetic/4dae8f17-0707-42c2-a9b7-17547dfd5714_flux_1789426548.png
s3://datagen-dev/f5ddba02-4295-48d9-8ad5-ba8583871323/bc6ba36c-aa02-4630-a0ea-4150b9b69e36/Synthetic/22b4841b-fa60-41d2-a64b-895fd9ee3aa3_flux_1789425796.png,s3://datagen-dev/f5ddba02-4295-48d9-8ad5-ba8583871323/08788e35-b887-4d04-9a7f-40b900d15569/coco.json,COCO,s3://datagen-dev/f5ddba02-4295-48d9-8ad5-ba8583871323/bc6ba36c-aa02-4630-a0ea-4150b9b69e36/Synthetic/22b4841b-fa60-41d2-a64b-895fd9ee3aa3_flux_1789425796.png
s3://datagen-dev/f5ddba02-4295-48d9-8ad5-ba8583871323/bc6ba36c-aa02-4630-a0ea-4150b9b69e36/Synthetic/6576f1d0-0295-4cd6-8265-f5c8c8ec3dcb_flux_1789423609.png,s3://datagen-dev/f5ddba02-4295-48d9-8ad5-ba8583871323/08788e35-b887-4d04-9a7f-40b900d15569/coco.json,COCO,s3://datagen-dev/f5ddba02-4295-48d9-8ad5-ba8583871323/bc6ba36c-aa02-4630-a0ea-4150b9b69e36/Synthetic/6576f1d0-0295-4cd6-8265-f5c8c8ec3dcb_flux_1789423609.png
s3://datagen-dev/f5ddba02-4295-48d9-8ad5-ba8583871323/bc6ba36c-aa02-4630-a0ea-4150b9b69e36/Synthetic/f48d1a1b-08a3-408d-9ba8-4afd0827e622_flux_1789423761.png,s3://datagen-dev/f5ddba02-4295-48d9-8ad5-ba8583871323/08788e35-b887-4d04-9a7f-40b900d15569/coco.json,COCO,s3://datagen-dev/f5ddba02-4295-48d9-8ad5-ba8583871323/bc6ba36c-aa02-4630-a0ea-4150b9b69e36/Synthetic/f48d1a1b-08a3-408d-9ba8-4afd0827e622_flux_1789423761.png
s3://datagen-dev/f5ddba02-4295-48d9-8ad5-ba8583871323/bc6ba36c-aa02-4630-a0ea-4150b9b69e36/Synthetic/7e9594d7-4f1d-43e1-afbb-061f49375c34_flux_1789425291.png,s3://datagen-dev/f5ddba02-4295-48d9-8ad5-ba8583871323/08788e35-b887-4d04-9a7f-40b900d15569/coco.json,COCO,s3://datagen-dev/f5ddba02-4295-48d9-8ad5-ba8583871323/bc6ba36c-aa02-4630-a0ea-4150b9b69e36/Synthetic/7e9594d7-4f1d-43e1-afbb-061f49375c34_flux_1789425291.png
s3://datagen-dev/f5ddba02-4295-48d9-8ad5-ba8583871323/bc6ba36c-aa02-4630-a0ea-4150b9b69e36/Synthetic/16f928b1-7856-4074-a1a6-693e58a5a675_flux_1789425675.png,s3://datagen-dev/f5ddba02-4295-48d9-8ad5-ba8583871323/08788e35-b887-4d04-9a7f-40b900d15569/coco.json,COCO,s3://datagen-dev/f5ddba02-4295-48d9-8ad5-ba8583871323/bc6ba36c-aa02-4630-a0ea-4150b9b69e36/Synthetic/16f928b1-7856-4074-a1a6-693e58a5a675_flux_1789425675.png
s3://datagen-dev/f5ddba02-4295-48d9-8ad5-ba8583871323/bc6ba36c-aa02-4630-a0ea-4150b9b69e36/Synthetic/1c215f23-b9ed-4b65-857b-d84a691e6e21_flux_1789426618.png,s3://datagen-dev/f5ddba02-4295-48d9-8ad5-ba8583871323/08788e35-b887-4d04-9a7f-40b900d15569/coco.json,COCO,s3://datagen-dev/f5ddba02-4295-48d9-8ad5-ba8583871323/bc6ba36c-aa02-4630-a0ea-4150b9b69e36/Synthetic/1c215f23-b9ed-4b65-857b-d84a691e6e21_flux_1789426618.png
s3://datagen-dev/f5ddba02-4295-48d9-8ad5-ba8583871323/bc6ba36c-aa02-4630-a0ea-4150b9b69e36/Synthetic/2aacc250-a2ee-4a27-aa66-10331154800e_flux_1789424129.png,s3://datagen-dev/f5ddba02-4295-48d9-8ad5-ba8583871323/08788e35-b887-4d04-9a7f-40b900d15569/coco.json,COCO,s3://datagen-dev/f5ddba02-4295-48d9-8ad5-ba8583871323/bc6ba36c-aa02-4630-a0ea-4150b9b69e36/Synthetic/2aacc250-a2ee-4a27-aa66-10331154800e_flux_1789424129.png
s3://datagen-dev/f5ddba02-4295-48d9-8ad5-ba8583871323/bc6ba36c-aa02-4630-a0ea-4150b9b69e36/Synthetic/132b567b-5357-4fe9-9e3e-ddb858dc243f_flux_1789424038.png,s3://datagen-dev/f5ddba02-4295-48d9-8ad5-ba8583871323/08788e35-b887-4d04-9a7f-40b900d15569/coco.json,COCO,s3://datagen-dev/f5ddba02-4295-48d9-8ad5-ba8583871323/bc6ba36c-aa02-4630-a0ea-4150b9b69e36/Synthetic/132b567b-5357-4fe9-9e3e-ddb858dc243f_flux_1789424038.png
s3://datagen-dev/f5ddba02-4295-48d9-8ad5-ba8583871323/bc6ba36c-aa02-4630-a0ea-4150b9b69e36/Synthetic/5cd767f1-20e9-443f-bf35-7e79018aa5b7_flux_1789426227.png,s3://datagen-dev/f5ddba02-4295-48d9-8ad5-ba8583871323/08788e35-b887-4d04-9a7f-40b900d15569/coco.json,COCO,s3://datagen-dev/f5ddba02-4295-48d9-8ad5-ba8583871323/bc6ba36c-aa02-4630-a0ea-4150b9b69e36/Synthetic/5cd767f1-20e9-443f-bf35-7e79018aa5b7_flux_1789426227.png
s3://datagen-dev/f5ddba02-4295-48d9-8ad5-ba8583871323/bc6ba36c-aa02-4630-a0ea-4150b9b69e36/Synthetic/5a7b9572-dccc-4dde-beb5-e757dad61f1c_flux_1789422714.png,s3://datagen-dev/f5ddba02-4295-48d9-8ad5-ba8583871323/08788e35-b887-4d04-9a7f-40b900d15569/coco.json,COCO,s3://datagen-dev/f5ddba02-4295-48d9-8ad5-ba8583871323/bc6ba36c-aa02-4630-a0ea-4150b9b69e36/Synthetic/5a7b9572-dccc-4dde-beb5-e757dad61f1c_flux_1789422714.png
s3://datagen-dev/f5ddba02-4295-48d9-8ad5-ba8583871323/bc6ba36c-aa02-4630-a0ea-4150b9b69e36/Synthetic/06d1629d-7e82-4325-8a06-c975c887f37d_flux_1789426536.png,s3://datagen-dev/f5ddba02-4295-48d9-8ad5-ba8583871323/08788e35-b887-4d04-9a7f-40b900d15569/coco.json,COCO,s3://datagen-dev/f5ddba02-4295-48d9-8ad5-ba8583871323/bc6ba36c-aa02-4630-a0ea-4150b9b69e36/Synthetic/06d1629d-7e82-4325-8a06-c975c887f37d_flux_1789426536.png
s3://datagen-dev/f5ddba02-4295-48d9-8ad5-ba8583871323/bc6ba36c-aa02-4630-a0ea-4150b9b69e36/Synthetic/3d1215d8-6491-40da-92de-15925279e1f1_flux_1789423923.png,s3://datagen-dev/f5ddba02-4295-48d9-8ad5-ba8583871323/08788e35-b887-4d04-9a7f-40b900d15569/coco.json,COCO,s3://datagen-dev/f5ddba02-4295-48d9-8ad5-ba8583871323/bc6ba36c-aa02-4630-a0ea-4150b9b69e36/Synthetic/3d1215d8-6491-40da-92de-15925279e1f1_flux_1789423923.png
s3://datagen-dev/f5ddba02-4295-48d9-8ad5-ba8583871323/bc6ba36c-aa02-4630-a0ea-4150b9b69e36/Synthetic/d7f27a52-f804-46fa-a3d2-c948d77cf7ba_flux_1789423687.png,s3://datagen-dev/f5ddba02-4295-48d9-8ad5-ba8583871323/08788e35-b887-4d04-9a7f-40b900d15569/coco.json,COCO,s3://datagen-dev/f5ddba02-4295-48d9-8ad5-ba8583871323/bc6ba36c-aa02-4630-a0ea-4150b9b69e36/Synthetic/d7f27a52-f804-46fa-a3d2-c948d77cf7ba_flux_1789423687.png
s3://datagen-dev/f5ddba02-4295-48d9-8ad5-ba8583871323/bc6ba36c-aa02-4630-a0ea-4150b9b69e36/Synthetic/a804f656-cd9b-4511-b03f-3a9cd323d892_flux_1789425271.png,s3://datagen-dev/f5ddba02-4295-48d9-8ad5-ba8583871323/08788e35-b887-4d04-9a7f-40b900d15569/coco.json,COCO,s3://datagen-dev/f5ddba02-4295-48d9-8ad5-ba8583871323/bc6ba36c-aa02-4630-a0ea-4150b9b69e36/Synthetic/a804f656-cd9b-4511-b03f-3a9cd323d892_flux_1789425271.png
s3://datagen-dev/f5ddba02-4295-48d9-8ad5-ba8583871323/bc6ba36c-aa02-4630-a0ea-4150b9b69e36/Synthetic/f67fd591-ecbf-4f4c-9d47-61b19f3d7c01_flux_1789423560.png,s3://datagen-dev/f5ddba02-4295-48d9-8ad5-ba8583871323/08788e35-b887-4d04-9a7f-40b900d15569/coco.json,COCO,s3://datagen-dev/f5ddba02-4295-48d9-8ad5-ba8583871323/bc6ba36c-aa02-4630-a0ea-4150b9b69e36/Synthetic/f67fd591-ecbf-4f4c-9d47-61b19f3d7c01_flux_1789423560.png
s3://datagen-dev/f5ddba02-4295-48d9-8ad5-ba8583871323/bc6ba36c-aa02-4630-a0ea-4150b9b69e36/Synthetic/328d1050-d528-4582-a719-f0bf7b50606b_flux_1789423139.png,s3://datagen-dev/f5ddba02-4295-48d9-8ad5-ba8583871323/08788e35-b887-4d04-9a7f-40b900d15569/coco.json,COCO,s3://datagen-dev/f5ddba02-4295-48d9-8ad5-ba8583871323/bc6ba36c-aa02-4630-a0ea-4150b9b69e36/Synthetic/328d1050-d528-4582-a719-f0bf7b50606b_flux_1789423139.png
s3://datagen-dev/f5ddba02-4295-48d9-8ad5-ba8583871323/bc6ba36c-aa02-4630-a0ea-4150b9b69e36/Synthetic/ef1c4c71-91ff-46b3-ad31-339e90f207c4_flux_1789422954.png,s3://datagen-dev/f5ddba02-4295-48d9-8ad5-ba8583871323/08788e35-b887-4d04-9a7f-40b900d15569/coco.json,COCO,s3://datagen-dev/f5ddba02-4295-48d9-8ad5-ba8583871323/bc6ba36c-aa02-4630-a0ea-4150b9b69e36/Synthetic/ef1c4c71-91ff-46b3-ad31-339e90f207c4_flux_1789422954.png
s3://datagen-dev/f5ddba02-4295-48d9-8ad5-ba8583871323/bc6ba36c-aa02-4630-a0ea-4150b9b69e36/Synthetic/85eb01a4-e1e5-4406-90d6-b9c0d96c706c_flux_1789423019.png,s3://datagen-dev/f5ddba02-4295-48d9-8ad5-ba8583871323/08788e35-b887-4d04-9a7f-40b900d15569/coco.json,COCO,s3://datagen-dev/f5ddba02-4295-48d9-8ad5-ba8583871323/bc6ba36c-aa02-4630-a0ea-4150b9b69e36/Synthetic/85eb01a4-e1e5-4406-90d6-b9c0d96c706c_flux_1789423019.png
s3://datagen-dev/f5ddba02-4295-48d9-8ad5-ba8583871323/bc6ba36c-aa02-4630-a0ea-4150b9b69e36/Synthetic/942f26cf-c377-4468-8287-2c6741d9f5aa_flux_1789423011.png,s3://datagen-dev/f5ddba02-4295-48d9-8ad5-ba8583871323/08788e35-b887-4d04-9a7f-40b900d15569/coco.json,COCO,s3://datagen-dev/f5ddba02-4295-48d9-8ad5-ba8583871323/bc6ba36c-aa02-4630-a0ea-4150b9b69e36/Synthetic/942f26cf-c377-4468-8287-2c6741d9f5aa_flux_1789423011.png
s3://datagen-dev/f5ddba02-4295-48d9-8ad5-ba8583871323/bc6ba36c-aa02-4630-a0ea-4150b9b69e36/Synthetic/ac44f6a1-1008-4d95-a7a9-a3425b702fc6_flux_1789426302.png,s3://datagen-dev/f5ddba02-4295-48d9-8ad5-ba8583871323/08788e35-b887-4d04-9a7f-40b900d15569/coco.json,COCO,s3://datagen-dev/f5ddba02-4295-48d9-8ad5-ba8583871323/bc6ba36c-aa02-4630-a0ea-4150b9b69e36/Synthetic/ac44f6a1-1008-4d95-a7a9-a3425b702fc6_flux_1789426302.png
s3://datagen-dev/f5ddba02-4295-48d9-8ad5-ba8583871323/bc6ba36c-aa02-4630-a0ea-4150b9b69e36/Synthetic/a1b1a9cd-fc1f-43d6-9f0b-2968dd777289_flux_1789423782.png,s3://datagen-dev/f5ddba02-4295-48d9-8ad5-ba8583871323/08788e35-b887-4d04-9a7f-40b900d15569/coco.json,COCO,s3://datagen-dev/f5ddba02-4295-48d9-8ad5-ba8583871323/bc6ba36c-aa02-4630-a0ea-4150b9b69e36/Synthetic/a1b1a9cd-fc1f-43d6-9f0b-2968dd777289_flux_1789423782.png
s3://datagen-dev/f5ddba02-4295-48d9-8ad5-ba8583871323/bc6ba36c-aa02-4630-a0ea-4150b9b69e36/Synthetic/97187a23-f9c2-43d6-9155-2c8c77eafdd3_flux_1789424228.png,s3://datagen-dev/f5ddba02-4295-48d9-8ad5-ba8583871323/08788e35-b887-4d04-9a7f-40b900d15569/coco.json,COCO,s3://datagen-dev/f5ddba02-4295-48d9-8ad5-ba8583871323/bc6ba36c-aa02-4630-a0ea-4150b9b69e36/Synthetic/97187a23-f9c2-43d6-9155-2c8c77eafdd3_flux_1789424228.png
s3://datagen-dev/f5ddba02-4295-48d9-8ad5-ba8583871323/bc6ba36c-aa02-4630-a0ea-4150b9b69e36/Synthetic/b6fe1b94-8ff5-4865-909c-07ccc6334a4c_flux_1789425935.png,s3://datagen-dev/f5ddba02-4295-48d9-8ad5-ba8583871323/08788e35-b887-4d04-9a7f-40b900d15569/coco.json,COCO,s3://datagen-dev/f5ddba02-4295-48d9-8ad5-ba8583871323/bc6ba36c-aa02-4630-a0ea-4150b9b69e36/Synthetic/b6fe1b94-8ff5-4865-909c-07ccc6334a4c_flux_1789425935.png
s3://datagen-dev/f5ddba02-4295-48d9-8ad5-ba8583871323/bc6ba36c-aa02-4630-a0ea-4150b9b69e36/Synthetic/87c69938-e0fa-4ffc-ae8a-fc939b3d6838_flux_1789423390.png,s3://datagen-dev/f5ddba02-4295-48d9-8ad5-ba8583871323/08788e35-b887-4d04-9a7f-40b900d15569/coco.json,COCO,s3://datagen-dev/f5ddba02-4295-48d9-8ad5-ba8583871323/bc6ba36c-aa02-4630-a0ea-4150b9b69e36/Synthetic/87c69938-e0fa-4ffc-ae8a-fc939b3d6838_flux_1789423390.png
s3://datagen-dev/f5ddba02-4295-48d9-8ad5-ba8583871323/bc6ba36c-aa02-4630-a0ea-4150b9b69e36/Synthetic/60ad9ea7-2373-4840-8611-dcf663641165_flux_1789425634.png,s3://datagen-dev/f5ddba02-4295-48d9-8ad5-ba8583871323/08788e35-b887-4d04-9a7f-40b900d15569/coco.json,COCO,s3://datagen-dev/f5ddba02-4295-48d9-8ad5-ba8583871323/bc6ba36c-aa02-4630-a0ea-4150b9b69e36/Synthetic/60ad9ea7-2373-4840-8611-dcf663641165_flux_1789425634.png
s3://datagen-dev/f5ddba02-4295-48d9-8ad5-ba8583871323/bc6ba36c-aa02-4630-a0ea-4150b9b69e36/Synthetic/090db26f-c999-42a3-a40b-06cb0f9e11fe_flux_1789423728.png,s3://datagen-dev/f5ddba02-4295-48d9-8ad5-ba8583871323/08788e35-b887-4d04-9a7f-40b900d15569/coco.json,COCO,s3://datagen-dev/f5ddba02-4295-48d9-8ad5-ba8583871323/bc6ba36c-aa02-4630-a0ea-4150b9b69e36/Synthetic/090db26f-c999-42a3-a40b-06cb0f9e11fe_flux_1789423728.png
s3://datagen-dev/f5ddba02-4295-48d9-8ad5-ba8583871323/bc6ba36c-aa02-4630-a0ea-4150b9b69e36/Synthetic/21f6a37e-47c2-4bb8-8b08-58cdbb8c8eb4_flux_1789425424.png,s3://datagen-dev/f5ddba02-4295-48d9-8ad5-ba8583871323/08788e35-b887-4d04-9a7f-40b900d15569/coco.json,COCO,s3://datagen-dev/f5ddba02-4295-48d9-8ad5-ba8583871323/bc6ba36c-aa02-4630-a0ea-4150b9b69e36/Synthetic/21f6a37e-47c2-4bb8-8b08-58cdbb8c8eb4_flux_1789425424.png
s3://datagen-dev/f5ddba02-4295-48d9-8ad5-ba8583871323/bc6ba36c-aa02-4630-a0ea-4150b9b69e36/Synthetic/af83a460-342b-450f-bcfa-b8c96019cd59_flux_1789426338.png,s3://datagen-dev/f5ddba02-4295-48d9-8ad5-ba8583871323/08788e35-b887-4d04-9a7f-40b900d15569/coco.json,COCO,s3://datagen-dev/f5ddba02-4295-48d9-8ad5-ba8583871323/bc6ba36c-aa02-4630-a0ea-4150b9b69e36/Synthetic/af83a460-342b-450f-bcfa-b8c96019cd59_flux_1789426338.png
s3://datagen-dev/f5ddba02-4295-48d9-8ad5-ba8583871323/bc6ba36c-aa02-4630-a0ea-4150b9b69e36/Synthetic/e25c7140-27be-4b13-ab29-7b03b279cb9c_flux_1789423048.png,s3://datagen-dev/f5ddba02-4295-48d9-8ad5-ba8583871323/08788e35-b887-4d04-9a7f-40b900d15569/coco.json,COCO,s3://datagen-dev/f5ddba02-4295-48d9-8ad5-ba8583871323/bc6ba36c-aa02-4630-a0ea-4150b9b69e36/Synthetic/e25c7140-27be-4b13-ab29-7b03b279cb9c_flux_1789423048.png
s3://datagen-dev/f5ddba02-4295-48d9-8ad5-ba8583871323/bc6ba36c-aa02-4630-a0ea-4150b9b69e36/Synthetic/2041391e-517a-4e2d-bf8e-006f3c027c0f_flux_1789425139.png,s3://datagen-dev/f5ddba02-4295-48d9-8ad5-ba8583871323/08788e35-b887-4d04-9a7f-40b900d15569/coco.json,COCO,s3://datagen-dev/f5ddba02-4295-48d9-8ad5-ba8583871323/bc6ba36c-aa02-4630-a0ea-4150b9b69e36/Synthetic/2041391e-517a-4e2d-bf8e-006f3c027c0f_flux_1789425139.png
s3://datagen-dev/f5ddba02-4295-48d9-8ad5-ba8583871323/bc6ba36c-aa02-4630-a0ea-4150b9b69e36/Synthetic/b44db274-68f2-4688-adf8-83060c39b067_flux_1789422982.png,s3://datagen-dev/f5ddba02-4295-48d9-8ad5-ba8583871323/08788e35-b887-4d04-9a7f-40b900d15569/coco.json,COCO,s3://datagen-dev/f5ddba02-4295-48d9-8ad5-ba8583871323/bc6ba36c-aa02-4630-a0ea-4150b9b69e36/Synthetic/b44db274-68f2-4688-adf8-83060c39b067_flux_1789422982.png
s3://datagen-dev/f5ddba02-4295-48d9-8ad5-ba8583871323/bc6ba36c-aa02-4630-a0ea-4150b9b69e36/Synthetic/5600ec7f-a8f9-4e7f-aace-45d8570f1f0c_flux_1789424637.png,s3://datagen-dev/f5ddba02-4295-48d9-8ad5-ba8583871323/08788e35-b887-4d04-9a7f-40b900d15569/coco.json,COCO,s3://datagen-dev/f5ddba02-4295-48d9-8ad5-ba8583871323/bc6ba36c-aa02-4630-a0ea-4150b9b69e36/Synthetic/5600ec7f-a8f9-4e7f-aace-45d8570f1f0c_flux_1789424637.png
s3://datagen-dev/f5ddba02-4295-48d9-8ad5-ba8583871323/bc6ba36c-aa02-4630-a0ea-4150b9b69e36/Synthetic/870b9aa1-6580-4b0b-bfe3-f2214adf9dcb_flux_1789425910.png,s3://datagen-dev/f5ddba02-4295-48d9-8ad5-ba8583871323/08788e35-b887-4d04-9a7f-40b900d15569/coco.json,COCO,s3://datagen-dev/f5ddba02-4295-48d9-8ad5-ba8583871323/bc6ba36c-aa02-4630-a0ea-4150b9b69e36/Synthetic/870b9aa1-6580-4b0b-bfe3-f2214adf9dcb_flux_1789425910.png
s3://datagen-dev/f5ddba02-4295-48d9-8ad5-ba8583871323/bc6ba36c-aa02-4630-a0ea-4150b9b69e36/Synthetic/1ac0114c-c19b-4959-b0a6-3dca72bd35e4_flux_1789424952.png,s3://datagen-dev/f5ddba02-4295-48d9-8ad5-ba8583871323/08788e35-b887-4d04-9a7f-40b900d15569/coco.json,COCO,s3://datagen-dev/f5ddba02-4295-48d9-8ad5-ba8583871323/bc6ba36c-aa02-4630-a0ea-4150b9b69e36/Synthetic/1ac0114c-c19b-4959-b0a6-3dca72bd35e4_flux_1789424952.png
s3://datagen-dev/f5ddba02-4295-48d9-8ad5-ba8583871323/bc6ba36c-aa02-4630-a0ea-4150b9b69e36/Synthetic/c2cfdf14-38fd-469f-b141-b8ae2f9e8f00_flux_1789426149.png,s3://datagen-dev/f5ddba02-4295-48d9-8ad5-ba8583871323/08788e35-b887-4d04-9a7f-40b900d15569/coco.json,COCO,s3://datagen-dev/f5ddba02-4295-48d9-8ad5-ba8583871323/bc6ba36c-aa02-4630-a0ea-4150b9b69e36/Synthetic/c2cfdf14-38fd-469f-b141-b8ae2f9e8f00_flux_1789426149.png
s3://datagen-dev/f5ddba02-4295-48d9-8ad5-ba8583871323/bc6ba36c-aa02-4630-a0ea-4150b9b69e36/Synthetic/ce2661e5-b54f-4629-8ba2-00f1e22cf6e3_flux_1789425185.png,s3://datagen-dev/f5ddba02-4295-48d9-8ad5-ba8583871323/08788e35-b887-4d04-9a7f-40b900d15569/coco.json,COCO,s3://datagen-dev/f5ddba02-4295-48d9-8ad5-ba8583871323/bc6ba36c-aa02-4630-a0ea-4150b9b69e36/Synthetic/ce2661e5-b54f-4629-8ba2-00f1e22cf6e3_flux_1789425185.png
s3://datagen-dev/f5ddba02-4295-48d9-8ad5-ba8583871323/bc6ba36c-aa02-4630-a0ea-4150b9b69e36/Synthetic/62b4170b-6306-4189-a7d5-d4b63152e984_flux_1789425754.png,s3://datagen-dev/f5ddba02-4295-48d9-8ad5-ba8583871323/08788e35-b887-4d04-9a7f-40b900d15569/coco.json,COCO,s3://datagen-dev/f5ddba02-4295-48d9-8ad5-ba8583871323/bc6ba36c-aa02-4630-a0ea-4150b9b69e36/Synthetic/62b4170b-6306-4189-a7d5-d4b63152e984_flux_1789425754.png
s3://datagen-dev/f5ddba02-4295-48d9-8ad5-ba8583871323/bc6ba36c-aa02-4630-a0ea-4150b9b69e36/Synthetic/9533a353-4b17-47a4-a2b6-6f690d44861b_flux_1789422796.png,s3://datagen-dev/f5ddba02-4295-48d9-8ad5-ba8583871323/08788e35-b887-4d04-9a7f-40b900d15569/coco.json,COCO,s3://datagen-dev/f5ddba02-4295-48d9-8ad5-ba8583871323/bc6ba36c-aa02-4630-a0ea-4150b9b69e36/Synthetic/9533a353-4b17-47a4-a2b6-6f690d44861b_flux_1789422796.png
s3://datagen-dev/f5ddba02-4295-48d9-8ad5-ba8583871323/bc6ba36c-aa02-4630-a0ea-4150b9b69e36/Synthetic/baf59a81-39f9-4a35-b051-1b25550890fb_flux_1789422710.png,s3://datagen-dev/f5ddba02-4295-48d9-8ad5-ba8583871323/08788e35-b887-4d04-9a7f-40b900d15569/coco.json,COCO,s3://datagen-dev/f5ddba02-4295-48d9-8ad5-ba8583871323/bc6ba36c-aa02-4630-a0ea-4150b9b69e36/Synthetic/baf59a81-39f9-4a35-b051-1b25550890fb_flux_1789422710.png
s3://datagen-dev/f5ddba02-4295-48d9-8ad5-ba8583871323/bc6ba36c-aa02-4630-a0ea-4150b9b69e36/Synthetic/6764e134-aa6b-4dc6-8c12-d232daeb2d71_flux_1789424747.png,s3://datagen-dev/f5ddba02-4295-48d9-8ad5-ba8583871323/08788e35-b887-4d04-9a7f-40b900d15569/coco.json,COCO,s3://datagen-dev/f5ddba02-4295-48d9-8ad5-ba8583871323/bc6ba36c-aa02-4630-a0ea-4150b9b69e36/Synthetic/6764e134-aa6b-4dc6-8c12-d232daeb2d71_flux_1789424747.png
s3://datagen-dev/f5ddba02-4295-48d9-8ad5-ba8583871323/bc6ba36c-aa02-4630-a0ea-4150b9b69e36/Synthetic/a683a586-df05-4f5e-bb53-4b5148ae0d30_flux_1789424265.png,s3://datagen-dev/f5ddba02-4295-48d9-8ad5-ba8583871323/08788e35-b887-4d04-9a7f-40b900d15569/coco.json,COCO,s3://datagen-dev/f5ddba02-4295-48d9-8ad5-ba8583871323/bc6ba36c-aa02-4630-a0ea-4150b9b69e36/Synthetic/a683a586-df05-4f5e-bb53-4b5148ae0d30_flux_1789424265.png
s3://datagen-dev/f5ddba02-4295-48d9-8ad5-ba8583871323/bc6ba36c-aa02-4630-a0ea-4150b9b69e36/Synthetic/a73b0c0d-c657-42be-8420-ac97974060b4_flux_1789425679.png,s3://datagen-dev/f5ddba02-4295-48d9-8ad5-ba8583871323/08788e35-b887-4d04-9a7f-40b900d15569/coco.json,COCO,s3://datagen-dev/f5ddba02-4295-48d9-8ad5-ba8583871323/bc6ba36c-aa02-4630-a0ea-4150b9b69e36/Synthetic/a73b0c0d-c657-42be-8420-ac97974060b4_flux_1789425679.png
s3://datagen-dev/f5ddba02-4295-48d9-8ad5-ba8583871323/bc6ba36c-aa02-4630-a0ea-4150b9b69e36/Synthetic/479d37f0-9f30-432e-aeb5-c13456ec2e34_flux_1789423003.png,s3://datagen-dev/f5ddba02-4295-48d9-8ad5-ba8583871323/08788e35-b887-4d04-9a7f-40b900d15569/coco.json,COCO,s3://datagen-dev/f5ddba02-4295-48d9-8ad5-ba8583871323/bc6ba36c-aa02-4630-a0ea-4150b9b69e36/Synthetic/479d37f0-9f30-432e-aeb5-c13456ec2e34_flux_1789423003.png
s3://datagen-dev/f5ddba02-4295-48d9-8ad5-ba8583871323/bc6ba36c-aa02-4630-a0ea-4150b9b69e36/Synthetic/251ee6d0-cced-4fff-824f-1e0859c086a6_flux_1789423593.png,s3://datagen-dev/f5ddba02-4295-48d9-8ad5-ba8583871323/08788e35-b887-4d04-9a7f-40b900d15569/coco.json,COCO,s3://datagen-dev/f5ddba02-4295-48d9-8ad5-ba8583871323/bc6ba36c-aa02-4630-a0ea-4150b9b69e36/Synthetic/251ee6d0-cced-4fff-824f-1e0859c086a6_flux_1789423593.png
s3://datagen-dev/f5ddba02-4295-48d9-8ad5-ba8583871323/bc6ba36c-aa02-4630-a0ea-4150b9b69e36/Synthetic/b416a00e-2d2c-4ce5-ab10-5708e183a0e0_flux_1789423601.png,s3://datagen-dev/f5ddba02-4295-48d9-8ad5-ba8583871323/08788e35-b887-4d04-9a7f-40b900d15569/coco.json,COCO,s3://datagen-dev/f5ddba02-4295-48d9-8ad5-ba8583871323/bc6ba36c-aa02-4630-a0ea-4150b9b69e36/Synthetic/b416a00e-2d2c-4ce5-ab10-5708e183a0e0_flux_1789423601.png
s3://datagen-dev/f5ddba02-4295-48d9-8ad5-ba8583871323/bc6ba36c-aa02-4630-a0ea-4150b9b69e36/Synthetic/f118fc16-e5eb-44de-9413-0e4dcf0bae5e_flux_1789425082.png,s3://datagen-dev/f5ddba02-4295-48d9-8ad5-ba8583871323/08788e35-b887-4d04-9a7f-40b900d15569/coco.json,COCO,s3://datagen-dev/f5ddba02-4295-48d9-8ad5-ba8583871323/bc6ba36c-aa02-4630-a0ea-4150b9b69e36/Synthetic/f118fc16-e5eb-44de-9413-0e4dcf0bae5e_flux_1789425082.png
s3://datagen-dev/f5ddba02-4295-48d9-8ad5-ba8583871323/bc6ba36c-aa02-4630-a0ea-4150b9b69e36/Synthetic/fef3af03-b36a-4a20-83a9-c7d96f527825_flux_1789426516.png,s3://datagen-dev/f5ddba02-4295-48d9-8ad5-ba8583871323/08788e35-b887-4d04-9a7f-40b900d15569/coco.json,COCO,s3://datagen-dev/f5ddba02-4295-48d9-8ad5-ba8583871323/bc6ba36c-aa02-4630-a0ea-4150b9b69e36/Synthetic/fef3af03-b36a-4a20-83a9-c7d96f527825_flux_1789426516.png
s3://datagen-dev/f5ddba02-4295-48d9-8ad5-ba8583871323/bc6ba36c-aa02-4630-a0ea-4150b9b69e36/Synthetic/c03009ab-009b-4d80-bed8-90da83381f1f_flux_1789424809.png,s3://datagen-dev/f5ddba02-4295-48d9-8ad5-ba8583871323/08788e35-b887-4d04-9a7f-40b900d15569/coco.json,COCO,s3://datagen-dev/f5ddba02-4295-48d9-8ad5-ba8583871323/bc6ba36c-aa02-4630-a0ea-4150b9b69e36/Synthetic/c03009ab-009b-4d80-bed8-90da83381f1f_flux_1789424809.png
s3://datagen-dev/f5ddba02-4295-48d9-8ad5-ba8583871323/bc6ba36c-aa02-4630-a0ea-4150b9b69e36/Synthetic/298911e6-28b5-4b0c-a84c-b24b2a61128f_flux_1789425230.png,s3://datagen-dev/f5ddba02-4295-48d9-8ad5-ba8583871323/08788e35-b887-4d04-9a7f-40b900d15569/coco.json,COCO,s3://datagen-dev/f5ddba02-4295-48d9-8ad5-ba8583871323/bc6ba36c-aa02-4630-a0ea-4150b9b69e36/Synthetic/298911e6-28b5-4b0c-a84c-b24b2a61128f_flux_1789425230.png
s3://datagen-dev/f5ddba02-4295-48d9-8ad5-ba8583871323/bc6ba36c-aa02-4630-a0ea-4150b9b69e36/Synthetic/ee006418-32e8-48a3-9ce4-c3a98ffd4d96_flux_1789425869.png,s3://datagen-dev/f5ddba02-4295-48d9-8ad5-ba8583871323/08788e35-b887-4d04-9a7f-40b900d15569/coco.json,COCO,s3://datagen-dev/f5ddba02-4295-48d9-8ad5-ba8583871323/bc6ba36c-aa02-4630-a0ea-4150b9b69e36/Synthetic/ee006418-32e8-48a3-9ce4-c3a98ffd4d96_flux_1789425869.png
s3://datagen-dev/f5ddba02-4295-48d9-8ad5-ba8583871323/bc6ba36c-aa02-4630-a0ea-4150b9b69e36/Synthetic/c089671f-db90-4171-9713-16102187606d_flux_1789426375.png,s3://datagen-dev/f5ddba02-4295-48d9-8ad5-ba8583871323/08788e35-b887-4d04-9a7f-40b900d15569/coco.json,COCO,s3://datagen-dev/f5ddba02-4295-48d9-8ad5-ba8583871323/bc6ba36c-aa02-4630-a0ea-4150b9b69e36/Synthetic/c089671f-db90-4171-9713-16102187606d_flux_1789426375.png
s3://datagen-dev/f5ddba02-4295-48d9-8ad5-ba8583871323/bc6ba36c-aa02-4630-a0ea-4150b9b69e36/Synthetic/8928808d-4c04-4f0c-8f13-4180e2807702_flux_1789426075.png,s3://datagen-dev/f5ddba02-4295-48d9-8ad5-ba8583871323/08788e35-b887-4d04-9a7f-40b900d15569/coco.json,COCO,s3://datagen-dev/f5ddba02-4295-48d9-8ad5-ba8583871323/bc6ba36c-aa02-4630-a0ea-4150b9b69e36/Synthetic/8928808d-4c04-4f0c-8f13-4180e2807702_flux_1789426075.png
s3://datagen-dev/f5ddba02-4295-48d9-8ad5-ba8583871323/bc6ba36c-aa02-4630-a0ea-4150b9b69e36/Synthetic/ee78dab4-cde5-41fe-b4e4-619261d04ff5_flux_1789422768.png,s3://datagen-dev/f5ddba02-4295-48d9-8ad5-ba8583871323/08788e35-b887-4d04-9a7f-40b900d15569/coco.json,COCO,s3://datagen-dev/f5ddba02-4295-48d9-8ad5-ba8583871323/bc6ba36c-aa02-4630-a0ea-4150b9b69e36/Synthetic/ee78dab4-cde5-41fe-b4e4-619261d04ff5_flux_1789422768.png
s3://datagen-dev/f5ddba02-4295-48d9-8ad5-ba8583871323/bc6ba36c-aa02-4630-a0ea-4150b9b69e36/Synthetic/a503606f-7917-44cb-9cfb-20393c080e2a_flux_1789423539.png,s3://datagen-dev/f5ddba02-4295-48d9-8ad5-ba8583871323/08788e35-b887-4d04-9a7f-40b900d15569/coco.json,COCO,s3://datagen-dev/f5ddba02-4295-48d9-8ad5-ba8583871323/bc6ba36c-aa02-4630-a0ea-4150b9b69e36/Synthetic/a503606f-7917-44cb-9cfb-20393c080e2a_flux_1789423539.png
s3://datagen-dev/f5ddba02-4295-48d9-8ad5-ba8583871323/bc6ba36c-aa02-4630-a0ea-4150b9b69e36/Synthetic/b8ae2fd4-19d3-4845-b1a5-ffb5fb879a5b_flux_1789423452.png,s3://datagen-dev/f5ddba02-4295-48d9-8ad5-ba8583871323/08788e35-b887-4d04-9a7f-40b900d15569/coco.json,COCO,s3://datagen-dev/f5ddba02-4295-48d9-8ad5-ba8583871323/bc6ba36c-aa02-4630-a0ea-4150b9b69e36/Synthetic/b8ae2fd4-19d3-4845-b1a5-ffb5fb879a5b_flux_1789423452.png
s3://datagen-dev/f5ddba02-4295-48d9-8ad5-ba8583871323/bc6ba36c-aa02-4630-a0ea-4150b9b69e36/Synthetic/8d9728b6-36c7-43a1-97fe-c874c8c9f402_flux_1789425094.png,s3://datagen-dev/f5ddba02-4295-48d9-8ad5-ba8583871323/08788e35-b887-4d04-9a7f-40b900d15569/coco.json,COCO,s3://datagen-dev/f5ddba02-4295-48d9-8ad5-ba8583871323/bc6ba36c-aa02-4630-a0ea-4150b9b69e36/Synthetic/8d9728b6-36c7-43a1-97fe-c874c8c9f402_flux_1789425094.png
s3://datagen-dev/f5ddba02-4295-48d9-8ad5-ba8583871323/bc6ba36c-aa02-4630-a0ea-4150b9b69e36/Synthetic/f62d1eb4-9ec4-419f-979d-cb31bbd494d1_flux_1789425391.png,s3://datagen-dev/f5ddba02-4295-48d9-8ad5-ba8583871323/08788e35-b887-4d04-9a7f-40b900d15569/coco.json,COCO,s3://datagen-dev/f5ddba02-4295-48d9-8ad5-ba8583871323/bc6ba36c-aa02-4630-a0ea-4150b9b69e36/Synthetic/f62d1eb4-9ec4-419f-979d-cb31bbd494d1_flux_1789425391.png
s3://datagen-dev/f5ddba02-4295-48d9-8ad5-ba8583871323/bc6ba36c-aa02-4630-a0ea-4150b9b69e36/Synthetic/28fbcbf2-b7b4-4c8a-b767-2a71c3728a87_flux_1789424592.png,s3://datagen-dev/f5ddba02-4295-48d9-8ad5-ba8583871323/08788e35-b887-4d04-9a7f-40b900d15569/coco.json,COCO,s3://datagen-dev/f5ddba02-4295-48d9-8ad5-ba8583871323/bc6ba36c-aa02-4630-a0ea-4150b9b69e36/Synthetic/28fbcbf2-b7b4-4c8a-b767-2a71c3728a87_flux_1789424592.png
s3://datagen-dev/f5ddba02-4295-48d9-8ad5-ba8583871323/bc6ba36c-aa02-4630-a0ea-4150b9b69e36/Synthetic/66d66382-c488-439b-8ca7-8ab197085f49_flux_1789424858.png,s3://datagen-dev/f5ddba02-4295-48d9-8ad5-ba8583871323/08788e35-b887-4d04-9a7f-40b900d15569/coco.json,COCO,s3://datagen-dev/f5ddba02-4295-48d9-8ad5-ba8583871323/bc6ba36c-aa02-4630-a0ea-4150b9b69e36/Synthetic/66d66382-c488-439b-8ca7-8ab197085f49_flux_1789424858.png
s3://datagen-dev/f5ddba02-4295-48d9-8ad5-ba8583871323/bc6ba36c-aa02-4630-a0ea-4150b9b69e36/Synthetic/655db180-2497-4a11-addb-3073d9673e49_flux_1789426589.png,s3://datagen-dev/f5ddba02-4295-48d9-8ad5-ba8583871323/08788e35-b887-4d04-9a7f-40b900d15569/coco.json,COCO,s3://datagen-dev/f5ddba02-4295-48d9-8ad5-ba8583871323/bc6ba36c-aa02-4630-a0ea-4150b9b69e36/Synthetic/655db180-2497-4a11-addb-3073d9673e49_flux_1789426589.png
s3://datagen-dev/f5ddba02-4295-48d9-8ad5-ba8583871323/bc6ba36c-aa02-4630-a0ea-4150b9b69e36/Synthetic/7affd6c6-82c4-4765-9ae9-4b43630d56fe_flux_1789424743.png,s3://datagen-dev/f5ddba02-4295-48d9-8ad5-ba8583871323/08788e35-b887-4d04-9a7f-40b900d15569/coco.json,COCO,s3://datagen-dev/f5ddba02-4295-48d9-8ad5-ba8583871323/bc6ba36c-aa02-4630-a0ea-4150b9b69e36/Synthetic/7affd6c6-82c4-4765-9ae9-4b43630d56fe_flux_1789424743.png
s3://datagen-dev/f5ddba02-4295-48d9-8ad5-ba8583871323/bc6ba36c-aa02-4630-a0ea-4150b9b69e36/Synthetic/743cc391-0a29-4a5b-9a5a-7352ce89e43f_flux_1789422838.png,s3://datagen-dev/f5ddba02-4295-48d9-8ad5-ba8583871323/08788e35-b887-4d04-9a7f-40b900d15569/coco.json,COCO,s3://datagen-dev/f5ddba02-4295-48d9-8ad5-ba8583871323/bc6ba36c-aa02-4630-a0ea-4150b9b69e36/Synthetic/743cc391-0a29-4a5b-9a5a-7352ce89e43f_flux_1789422838.png
s3://datagen-dev/f5ddba02-4295-48d9-8ad5-ba8583871323/bc6ba36c-aa02-4630-a0ea-4150b9b69e36/Synthetic/5c4e1549-ee13-41e6-816a-5630033be45f_flux_1789425468.png,s3://datagen-dev/f5ddba02-4295-48d9-8ad5-ba8583871323/08788e35-b887-4d04-9a7f-40b900d15569/coco.json,COCO,s3://datagen-dev/f5ddba02-4295-48d9-8ad5-ba8583871323/bc6ba36c-aa02-4630-a0ea-4150b9b69e36/Synthetic/5c4e1549-ee13-41e6-816a-5630033be45f_flux_1789425468.png
s3://datagen-dev/f5ddba02-4295-48d9-8ad5-ba8583871323/bc6ba36c-aa02-4630-a0ea-4150b9b69e36/Synthetic/87ebcb5f-5767-4385-944e-91ef2010a610_flux_1789425521.png,s3://datagen-dev/f5ddba02-4295-48d9-8ad5-ba8583871323/08788e35-b887-4d04-9a7f-40b900d15569/coco.json,COCO,s3://datagen-dev/f5ddba02-4295-48d9-8ad5-ba8583871323/bc6ba36c-aa02-4630-a0ea-4150b9b69e36/Synthetic/87ebcb5f-5767-4385-944e-91ef2010a610_flux_1789425521.png
s3://datagen-dev/f5ddba02-4295-48d9-8ad5-ba8583871323/bc6ba36c-aa02-4630-a0ea-4150b9b69e36/Synthetic/a3f84b98-530b-46e8-bc87-d0cd67598f86_flux_1789423274.png,s3://datagen-dev/f5ddba02-4295-48d9-8ad5-ba8583871323/08788e35-b887-4d04-9a7f-40b900d15569/coco.json,COCO,s3://datagen-dev/f5ddba02-4295-48d9-8ad5-ba8583871323/bc6ba36c-aa02-4630-a0ea-4150b9b69e36/Synthetic/a3f84b98-530b-46e8-bc87-d0cd67598f86_flux_1789423274.png
s3://datagen-dev/f5ddba02-4295-48d9-8ad5-ba8583871323/bc6ba36c-aa02-4630-a0ea-4150b9b69e36/Synthetic/0a10b048-94ef-4119-96b4-dc39a54c2677_flux_1789426680.png,s3://datagen-dev/f5ddba02-4295-48d9-8ad5-ba8583871323/08788e35-b887-4d04-9a7f-40b900d15569/coco.json,COCO,s3://datagen-dev/f5ddba02-4295-48d9-8ad5-ba8583871323/bc6ba36c-aa02-4630-a0ea-4150b9b69e36/Synthetic/0a10b048-94ef-4119-96b4-dc39a54c2677_flux_1789426680.png
s3://datagen-dev/f5ddba02-4295-48d9-8ad5-ba8583871323/bc6ba36c-aa02-4630-a0ea-4150b9b69e36/Synthetic/fb15c09d-34cc-4830-bcf0-b3c79e271a7c_flux_1789425131.png,s3://datagen-dev/f5ddba02-4295-48d9-8ad5-ba8583871323/08788e35-b887-4d04-9a7f-40b900d15569/coco.json,COCO,s3://datagen-dev/f5ddba02-4295-48d9-8ad5-ba8583871323/bc6ba36c-aa02-4630-a0ea-4150b9b69e36/Synthetic/fb15c09d-34cc-4830-bcf0-b3c79e271a7c_flux_1789425131.png
s3://datagen-dev/f5ddba02-4295-48d9-8ad5-ba8583871323/bc6ba36c-aa02-4630-a0ea-4150b9b69e36/Synthetic/0da11b3e-49ed-40b9-b56c-c6d7f5b7503b_flux_1789424207.png,s3://datagen-dev/f5ddba02-4295-48d9-8ad5-ba8583871323/08788e35-b887-4d04-9a7f-40b900d15569/coco.json,COCO,s3://datagen-dev/f5ddba02-4295-48d9-8ad5-ba8583871323/bc6ba36c-aa02-4630-a0ea-4150b9b69e36/Synthetic/0da11b3e-49ed-40b9-b56c-c6d7f5b7503b_flux_1789424207.png
s3://datagen-dev/f5ddba02-4295-48d9-8ad5-ba8583871323/bc6ba36c-aa02-4630-a0ea-4150b9b69e36/Synthetic/38cfe477-e1e7-485c-bbd5-d4f03d6f962f_flux_1789423320.png,s3://datagen-dev/f5ddba02-4295-48d9-8ad5-ba8583871323/08788e35-b887-4d04-9a7f-40b900d15569/coco.json,COCO,s3://datagen-dev/f5ddba02-4295-48d9-8ad5-ba8583871323/bc6ba36c-aa02-4630-a0ea-4150b9b69e36/Synthetic/38cfe477-e1e7-485c-bbd5-d4f03d6f962f_flux_1789423320.png
s3://datagen-dev/f5ddba02-4295-48d9-8ad5-ba8583871323/bc6ba36c-aa02-4630-a0ea-4150b9b69e36/Synthetic/20714a2e-4766-43e1-8aaa-713868d7ba19_flux_1789425820.png,s3://datagen-dev/f5ddba02-4295-48d9-8ad5-ba8583871323/08788e35-b887-4d04-9a7f-40b900d15569/coco.json,COCO,s3://datagen-dev/f5ddba02-4295-48d9-8ad5-ba8583871323/bc6ba36c-aa02-4630-a0ea-4150b9b69e36/Synthetic/20714a2e-4766-43e1-8aaa-713868d7ba19_flux_1789425820.png
s3://datagen-dev/f5ddba02-4295-48d9-8ad5-ba8583871323/bc6ba36c-aa02-4630-a0ea-4150b9b69e36/Synthetic/c9729fb9-7e01-4f22-8949-cb633cb73889_flux_1789423407.png,s3://datagen-dev/f5ddba02-4295-48d9-8ad5-ba8583871323/08788e35-b887-4d04-9a7f-40b900d15569/coco.json,COCO,s3://datagen-dev/f5ddba02-4295-48d9-8ad5-ba8583871323/bc6ba36c-aa02-4630-a0ea-4150b9b69e36/Synthetic/c9729fb9-7e01-4f22-8949-cb633cb73889_flux_1789423407.png
s3://datagen-dev/f5ddba02-4295-48d9-8ad5-ba8583871323/bc6ba36c-aa02-4630-a0ea-4150b9b69e36/Synthetic/972fc27e-b6a1-4feb-9509-c7101e1c36d7_flux_1789426379.png,s3://datagen-dev/f5ddba02-4295-48d9-8ad5-ba8583871323/08788e35-b887-4d04-9a7f-40b900d15569/coco.json,COCO,s3://datagen-dev/f5ddba02-4295-48d9-8ad5-ba8583871323/bc6ba36c-aa02-4630-a0ea-4150b9b69e36/Synthetic/972fc27e-b6a1-4feb-9509-c7101e1c36d7_flux_1789426379.png
s3://datagen-dev/f5ddba02-4295-48d9-8ad5-ba8583871323/bc6ba36c-aa02-4630-a0ea-4150b9b69e36/Synthetic/af15cea8-8ac7-4a25-a93b-11a04f8a9d9a_flux_1789423510.png,s3://datagen-dev/f5ddba02-4295-48d9-8ad5-ba8583871323/08788e35-b887-4d04-9a7f-40b900d15569/coco.json,COCO,s3://datagen-dev/f5ddba02-4295-48d9-8ad5-ba8583871323/bc6ba36c-aa02-4630-a0ea-4150b9b69e36/Synthetic/af15cea8-8ac7-4a25-a93b-11a04f8a9d9a_flux_1789423510.png
s3://datagen-dev/f5ddba02-4295-48d9-8ad5-ba8583871323/bc6ba36c-aa02-4630-a0ea-4150b9b69e36/Synthetic/be60f65b-c519-4037-b8d6-ae96f8c36b8f_flux_1789425742.png,s3://datagen-dev/f5ddba02-4295-48d9-8ad5-ba8583871323/08788e35-b887-4d04-9a7f-40b900d15569/coco.json,COCO,s3://datagen-dev/f5ddba02-4295-48d9-8ad5-ba8583871323/bc6ba36c-aa02-4630-a0ea-4150b9b69e36/Synthetic/be60f65b-c519-4037-b8d6-ae96f8c36b8f_flux_1789425742.png
s3://datagen-dev/f5ddba02-4295-48d9-8ad5-ba8583871323/bc6ba36c-aa02-4630-a0ea-4150b9b69e36/Synthetic/8be9100f-4673-465e-8420-4f3c6bd2af6c_flux_1789424174.png,s3://datagen-dev/f5ddba02-4295-48d9-8ad5-ba8583871323/08788e35-b887-4d04-9a7f-40b900d15569/coco.json,COCO,s3://datagen-dev/f5ddba02-4295-48d9-8ad5-ba8583871323/bc6ba36c-aa02-4630-a0ea-4150b9b69e36/Synthetic/8be9100f-4673-465e-8420-4f3c6bd2af6c_flux_1789424174.png
s3://datagen-dev/f5ddba02-4295-48d9-8ad5-ba8583871323/bc6ba36c-aa02-4630-a0ea-4150b9b69e36/Synthetic/15d93b0d-17d4-4ae6-9bf5-91acab7ca4fc_flux_1789426507.png,s3://datagen-dev/f5ddba02-4295-48d9-8ad5-ba8583871323/08788e35-b887-4d04-9a7f-40b900d15569/coco.json,COCO,s3://datagen-dev/f5ddba02-4295-48d9-8ad5-ba8583871323/bc6ba36c-aa02-4630-a0ea-4150b9b69e36/Synthetic/15d93b0d-17d4-4ae6-9bf5-91acab7ca4fc_flux_1789426507.png
s3://datagen-dev/f5ddba02-4295-48d9-8ad5-ba8583871323/bc6ba36c-aa02-4630-a0ea-4150b9b69e36/Synthetic/5fa1da82-32cd-4678-828c-e7241653f84c_flux_1789423819.png,s3://datagen-dev/f5ddba02-4295-48d9-8ad5-ba8583871323/08788e35-b887-4d04-9a7f-40b900d15569/coco.json,COCO,s3://datagen-dev/f5ddba02-4295-48d9-8ad5-ba8583871323/bc6ba36c-aa02-4630-a0ea-4150b9b69e36/Synthetic/5fa1da82-32cd-4678-828c-e7241653f84c_flux_1789423819.png
s3://datagen-dev/f5ddba02-4295-48d9-8ad5-ba8583871323/bc6ba36c-aa02-4630-a0ea-4150b9b69e36/Synthetic/3331424f-f43f-405a-9fb2-2d1784a1c41d_flux_1789426054.png,s3://datagen-dev/f5ddba02-4295-48d9-8ad5-ba8583871323/08788e35-b887-4d04-9a7f-40b900d15569/coco.json,COCO,s3://datagen-dev/f5ddba02-4295-48d9-8ad5-ba8583871323/bc6ba36c-aa02-4630-a0ea-4150b9b69e36/Synthetic/3331424f-f43f-405a-9fb2-2d1784a1c41d_flux_1789426054.png
s3://datagen-dev/f5ddba02-4295-48d9-8ad5-ba8583871323/bc6ba36c-aa02-4630-a0ea-4150b9b69e36/Synthetic/710b0f9b-91e7-49a3-bf80-19b0fb7de790_flux_1789424050.png,s3://datagen-dev/f5ddba02-4295-48d9-8ad5-ba8583871323/08788e35-b887-4d04-9a7f-40b900d15569/coco.json,COCO,s3://datagen-dev/f5ddba02-4295-48d9-8ad5-ba8583871323/bc6ba36c-aa02-4630-a0ea-4150b9b69e36/Synthetic/710b0f9b-91e7-49a3-bf80-19b0fb7de790_flux_1789424050.png
s3://datagen-dev/f5ddba02-4295-48d9-8ad5-ba8583871323/bc6ba36c-aa02-4630-a0ea-4150b9b69e36/Synthetic/7ef17416-8d53-4ff4-ba92-42c9d37f0c67_flux_1789423052.png,s3://datagen-dev/f5ddba02-4295-48d9-8ad5-ba8583871323/08788e35-b887-4d04-9a7f-40b900d15569/coco.json,COCO,s3://datagen-dev/f5ddba02-4295-48d9-8ad5-ba8583871323/bc6ba36c-aa02-4630-a0ea-4150b9b69e36/Synthetic/7ef17416-8d53-4ff4-ba92-42c9d37f0c67_flux_1789423052.png
s3://datagen-dev/f5ddba02-4295-48d9-8ad5-ba8583871323/bc6ba36c-aa02-4630-a0ea-4150b9b69e36/Synthetic/d2e055b8-b10e-4adc-99b4-82989e083c0d_flux_1789425972.png,s3://datagen-dev/f5ddba02-4295-48d9-8ad5-ba8583871323/08788e35-b887-4d04-9a7f-40b900d15569/coco.json,COCO,s3://datagen-dev/f5ddba02-4295-48d9-8ad5-ba8583871323/bc6ba36c-aa02-4630-a0ea-4150b9b69e36/Synthetic/d2e055b8-b10e-4adc-99b4-82989e083c0d_flux_1789425972.png
s3://datagen-dev/f5ddba02-4295-48d9-8ad5-ba8583871323/bc6ba36c-aa02-4630-a0ea-4150b9b69e36/Synthetic/d544da2f-890c-4890-860f-0c0c0f45ef3a_flux_1789422974.png,s3://datagen-dev/f5ddba02-4295-48d9-8ad5-ba8583871323/08788e35-b887-4d04-9a7f-40b900d15569/coco.json,COCO,s3://datagen-dev/f5ddba02-4295-48d9-8ad5-ba8583871323/bc6ba36c-aa02-4630-a0ea-4150b9b69e36/Synthetic/d544da2f-890c-4890-860f-0c0c0f45ef3a_flux_1789422974.png
s3://datagen-dev/f5ddba02-4295-48d9-8ad5-ba8583871323/bc6ba36c-aa02-4630-a0ea-4150b9b69e36/Synthetic/3375a2ce-5c35-444f-9a12-69179c62738e_flux_1789424862.png,s3://datagen-dev/f5ddba02-4295-48d9-8ad5-ba8583871323/08788e35-b887-4d04-9a7f-40b900d15569/coco.json,COCO,s3://datagen-dev/f5ddba02-4295-48d9-8ad5-ba8583871323/bc6ba36c-aa02-4630-a0ea-4150b9b69e36/Synthetic/3375a2ce-5c35-444f-9a12-69179c62738e_flux_1789424862.png
s3://datagen-dev/f5ddba02-4295-48d9-8ad5-ba8583871323/bc6ba36c-aa02-4630-a0ea-4150b9b69e36/Synthetic/88d2a4f3-4349-43e0-98ab-124fabdbb01b_flux_1789424604.png,s3://datagen-dev/f5ddba02-4295-48d9-8ad5-ba8583871323/08788e35-b887-4d04-9a7f-40b900d15569/coco.json,COCO,s3://datagen-dev/f5ddba02-4295-48d9-8ad5-ba8583871323/bc6ba36c-aa02-4630-a0ea-4150b9b69e36/Synthetic/88d2a4f3-4349-43e0-98ab-124fabdbb01b_flux_1789424604.png
s3://datagen-dev/f5ddba02-4295-48d9-8ad5-ba8583871323/bc6ba36c-aa02-4630-a0ea-4150b9b69e36/Synthetic/ed7a92b0-aa0d-4002-ab6f-1fc018e62b72_flux_1789422727.png,s3://datagen-dev/f5ddba02-4295-48d9-8ad5-ba8583871323/08788e35-b887-4d04-9a7f-40b900d15569/coco.json,COCO,s3://datagen-dev/f5ddba02-4295-48d9-8ad5-ba8583871323/bc6ba36c-aa02-4630-a0ea-4150b9b69e36/Synthetic/ed7a92b0-aa0d-4002-ab6f-1fc018e62b72_flux_1789422727.png
s3://datagen-dev/f5ddba02-4295-48d9-8ad5-ba8583871323/bc6ba36c-aa02-4630-a0ea-4150b9b69e36/Synthetic/94cb489c-8414-4b9e-89f0-2e84024f1fcc_flux_1789424364.png,s3://datagen-dev/f5ddba02-4295-48d9-8ad5-ba8583871323/08788e35-b887-4d04-9a7f-40b900d15569/coco.json,COCO,s3://datagen-dev/f5ddba02-4295-48d9-8ad5-ba8583871323/bc6ba36c-aa02-4630-a0ea-4150b9b69e36/Synthetic/94cb489c-8414-4b9e-89f0-2e84024f1fcc_flux_1789424364.png
s3://datagen-dev/f5ddba02-4295-48d9-8ad5-ba8583871323/bc6ba36c-aa02-4630-a0ea-4150b9b69e36/Synthetic/5f31582b-999c-4816-8138-9ad9db0d7bac_flux_1789425357.png,s3://datagen-dev/f5ddba02-4295-48d9-8ad5-ba8583871323/08788e35-b887-4d04-9a7f-40b900d15569/coco.json,COCO,s3://datagen-dev/f5ddba02-4295-48d9-8ad5-ba8583871323/bc6ba36c-aa02-4630-a0ea-4150b9b69e36/Synthetic/5f31582b-999c-4816-8138-9ad9db0d7bac_flux_1789425357.png
s3://datagen-dev/f5ddba02-4295-48d9-8ad5-ba8583871323/bc6ba36c-aa02-4630-a0ea-4150b9b69e36/Synthetic/4b86e1e4-1155-4471-9163-fb9885632695_flux_1789425456.png,s3://datagen-dev/f5ddba02-4295-48d9-8ad5-ba8583871323/08788e35-b887-4d04-9a7f-40b900d15569/coco.json,COCO,s3://datagen-dev/f5ddba02-4295-48d9-8ad5-ba8583871323/bc6ba36c-aa02-4630-a0ea-4150b9b69e36/Synthetic/4b86e1e4-1155-4471-9163-fb9885632695_flux_1789425456.png
s3://datagen-dev/f5ddba02-4295-48d9-8ad5-ba8583871323/bc6ba36c-aa02-4630-a0ea-4150b9b69e36/Synthetic/ccc6b973-c248-4c92-9b88-012a4abfaa36_flux_1789423110.png,s3://datagen-dev/f5ddba02-4295-48d9-8ad5-ba8583871323/08788e35-b887-4d04-9a7f-40b900d15569/coco.json,COCO,s3://datagen-dev/f5ddba02-4295-48d9-8ad5-ba8583871323/bc6ba36c-aa02-4630-a0ea-4150b9b69e36/Synthetic/ccc6b973-c248-4c92-9b88-012a4abfaa36_flux_1789423110.png
s3://datagen-dev/f5ddba02-4295-48d9-8ad5-ba8583871323/bc6ba36c-aa02-4630-a0ea-4150b9b69e36/Synthetic/4608d43a-9f8b-4a19-9e7b-ccabb2a76020_flux_1789422735.png,s3://datagen-dev/f5ddba02-4295-48d9-8ad5-ba8583871323/08788e35-b887-4d04-9a7f-40b900d15569/coco.json,COCO,s3://datagen-dev/f5ddba02-4295-48d9-8ad5-ba8583871323/bc6ba36c-aa02-4630-a0ea-4150b9b69e36/Synthetic/4608d43a-9f8b-4a19-9e7b-ccabb2a76020_flux_1789422735.png
s3://datagen-dev/f5ddba02-4295-48d9-8ad5-ba8583871323/bc6ba36c-aa02-4630-a0ea-4150b9b69e36/Synthetic/791ac11f-f646-428e-991d-58eb75dff714_flux_1789423551.png,s3://datagen-dev/f5ddba02-4295-48d9-8ad5-ba8583871323/08788e35-b887-4d04-9a7f-40b900d15569/coco.json,COCO,s3://datagen-dev/f5ddba02-4295-48d9-8ad5-ba8583871323/bc6ba36c-aa02-4630-a0ea-4150b9b69e36/Synthetic/791ac11f-f646-428e-991d-58eb75dff714_flux_1789423551.png
s3://datagen-dev/f5ddba02-4295-48d9-8ad5-ba8583871323/bc6ba36c-aa02-4630-a0ea-4150b9b69e36/Synthetic/8541e076-e18e-4b9f-8b6d-3f275b422f9e_flux_1789425853.png,s3://datagen-dev/f5ddba02-4295-48d9-8ad5-ba8583871323/08788e35-b887-4d04-9a7f-40b900d15569/coco.json,COCO,s3://datagen-dev/f5ddba02-4295-48d9-8ad5-ba8583871323/bc6ba36c-aa02-4630-a0ea-4150b9b69e36/Synthetic/8541e076-e18e-4b9f-8b6d-3f275b422f9e_flux_1789425853.png
s3://datagen-dev/f5ddba02-4295-48d9-8ad5-ba8583871323/bc6ba36c-aa02-4630-a0ea-4150b9b69e36/Synthetic/1751c6c7-c811-415a-945d-c6f57a387ed3_flux_1789423419.png,s3://datagen-dev/f5ddba02-4295-48d9-8ad5-ba8583871323/08788e35-b887-4d04-9a7f-40b900d15569/coco.json,COCO,s3://datagen-dev/f5ddba02-4295-48d9-8ad5-ba8583871323/bc6ba36c-aa02-4630-a0ea-4150b9b69e36/Synthetic/1751c6c7-c811-415a-945d-c6f57a387ed3_flux_1789423419.png
s3://datagen-dev/f5ddba02-4295-48d9-8ad5-ba8583871323/bc6ba36c-aa02-4630-a0ea-4150b9b69e36/Synthetic/6f2a790b-400b-455a-aa18-d7237842451e_flux_1789424600.png,s3://datagen-dev/f5ddba02-4295-48d9-8ad5-ba8583871323/08788e35-b887-4d04-9a7f-40b900d15569/coco.json,COCO,s3://datagen-dev/f5ddba02-4295-48d9-8ad5-ba8583871323/bc6ba36c-aa02-4630-a0ea-4150b9b69e36/Synthetic/6f2a790b-400b-455a-aa18-d7237842451e_flux_1789424600.png
s3://datagen-dev/f5ddba02-4295-48d9-8ad5-ba8583871323/bc6ba36c-aa02-4630-a0ea-4150b9b69e36/Synthetic/43c71f8c-bab4-45a5-8b0f-40358b54553c_flux_1789425659.png,s3://datagen-dev/f5ddba02-4295-48d9-8ad5-ba8583871323/08788e35-b887-4d04-9a7f-40b900d15569/coco.json,COCO,s3://datagen-dev/f5ddba02-4295-48d9-8ad5-ba8583871323/bc6ba36c-aa02-4630-a0ea-4150b9b69e36/Synthetic/43c71f8c-bab4-45a5-8b0f-40358b54553c_flux_1789425659.png
s3://datagen-dev/f5ddba02-4295-48d9-8ad5-ba8583871323/bc6ba36c-aa02-4630-a0ea-4150b9b69e36/Synthetic/1bb1febe-cec1-4903-85aa-0ef1f33b5847_flux_1789425525.png,s3://datagen-dev/f5ddba02-4295-48d9-8ad5-ba8583871323/08788e35-b887-4d04-9a7f-40b900d15569/coco.json,COCO,s3://datagen-dev/f5ddba02-4295-48d9-8ad5-ba8583871323/bc6ba36c-aa02-4630-a0ea-4150b9b69e36/Synthetic/1bb1febe-cec1-4903-85aa-0ef1f33b5847_flux_1789425525.png
s3://datagen-dev/f5ddba02-4295-48d9-8ad5-ba8583871323/bc6ba36c-aa02-4630-a0ea-4150b9b69e36/Synthetic/19f3fd1c-d766-464a-8e54-e6d0ee059a02_flux_1789425296.png,s3://datagen-dev/f5ddba02-4295-48d9-8ad5-ba8583871323/08788e35-b887-4d04-9a7f-40b900d15569/coco.json,COCO,s3://datagen-dev/f5ddba02-4295-48d9-8ad5-ba8583871323/bc6ba36c-aa02-4630-a0ea-4150b9b69e36/Synthetic/19f3fd1c-d766-464a-8e54-e6d0ee059a02_flux_1789425296.png
s3://datagen-dev/f5ddba02-4295-48d9-8ad5-ba8583871323/bc6ba36c-aa02-4630-a0ea-4150b9b69e36/Synthetic/6e3bb5bc-dbe2-484f-a32a-842c03435d82_flux_1789422677.png,s3://datagen-dev/f5ddba02-4295-48d9-8ad5-ba8583871323/08788e35-b887-4d04-9a7f-40b900d15569/coco.json,COCO,s3://datagen-dev/f5ddba02-4295-48d9-8ad5-ba8583871323/bc6ba36c-aa02-4630-a0ea-4150b9b69e36/Synthetic/6e3bb5bc-dbe2-484f-a32a-842c03435d82_flux_1789422677.png
s3://datagen-dev/f5ddba02-4295-48d9-8ad5-ba8583871323/bc6ba36c-aa02-4630-a0ea-4150b9b69e36/Synthetic/7f403dc2-03ad-47e4-9f17-b7ba3b6b9b02_flux_1789426475.png,s3://datagen-dev/f5ddba02-4295-48d9-8ad5-ba8583871323/08788e35-b887-4d04-9a7f-40b900d15569/coco.json,COCO,s3://datagen-dev/f5ddba02-4295-48d9-8ad5-ba8583871323/bc6ba36c-aa02-4630-a0ea-4150b9b69e36/Synthetic/7f403dc2-03ad-47e4-9f17-b7ba3b6b9b02_flux_1789426475.png
s3://datagen-dev/f5ddba02-4295-48d9-8ad5-ba8583871323/bc6ba36c-aa02-4630-a0ea-4150b9b69e36/Synthetic/4bf06eb2-eef9-48c1-ae0d-257a72e1b034_flux_1789422937.png,s3://datagen-dev/f5ddba02-4295-48d9-8ad5-ba8583871323/08788e35-b887-4d04-9a7f-40b900d15569/coco.json,COCO,s3://datagen-dev/f5ddba02-4295-48d9-8ad5-ba8583871323/bc6ba36c-aa02-4630-a0ea-4150b9b69e36/Synthetic/4bf06eb2-eef9-48c1-ae0d-257a72e1b034_flux_1789422937.png
s3://datagen-dev/f5ddba02-4295-48d9-8ad5-ba8583871323/bc6ba36c-aa02-4630-a0ea-4150b9b69e36/Synthetic/4a9af375-9732-410f-9a80-bcc4c52ac981_flux_1789423914.png,s3://datagen-dev/f5ddba02-4295-48d9-8ad5-ba8583871323/08788e35-b887-4d04-9a7f-40b900d15569/coco.json,COCO,s3://datagen-dev/f5ddba02-4295-48d9-8ad5-ba8583871323/bc6ba36c-aa02-4630-a0ea-4150b9b69e36/Synthetic/4a9af375-9732-410f-9a80-bcc4c52ac981_flux_1789423914.png
s3://datagen-dev/f5ddba02-4295-48d9-8ad5-ba8583871323/bc6ba36c-aa02-4630-a0ea-4150b9b69e36/Synthetic/cf32a772-7976-437a-86f7-d2fcf020bd25_flux_1789425857.png,s3://datagen-dev/f5ddba02-4295-48d9-8ad5-ba8583871323/08788e35-b887-4d04-9a7f-40b900d15569/coco.json,COCO,s3://datagen-dev/f5ddba02-4295-48d9-8ad5-ba8583871323/bc6ba36c-aa02-4630-a0ea-4150b9b69e36/Synthetic/cf32a772-7976-437a-86f7-d2fcf020bd25_flux_1789425857.png
s3://datagen-dev/f5ddba02-4295-48d9-8ad5-ba8583871323/bc6ba36c-aa02-4630-a0ea-4150b9b69e36/Synthetic/1597166b-6f22-4718-b26c-0424b168c051_flux_1789425816.png,s3://datagen-dev/f5ddba02-4295-48d9-8ad5-ba8583871323/08788e35-b887-4d04-9a7f-40b900d15569/coco.json,COCO,s3://datagen-dev/f5ddba02-4295-48d9-8ad5-ba8583871323/bc6ba36c-aa02-4630-a0ea-4150b9b69e36/Synthetic/1597166b-6f22-4718-b26c-0424b168c051_flux_1789425816.png
s3://datagen-dev/f5ddba02-4295-48d9-8ad5-ba8583871323/bc6ba36c-aa02-4630-a0ea-4150b9b69e36/Synthetic/3f1207f9-2223-4a94-a183-363132aef97e_flux_1789424497.png,s3://datagen-dev/f5ddba02-4295-48d9-8ad5-ba8583871323/08788e35-b887-4d04-9a7f-40b900d15569/coco.json,COCO,s3://datagen-dev/f5ddba02-4295-48d9-8ad5-ba8583871323/bc6ba36c-aa02-4630-a0ea-4150b9b69e36/Synthetic/3f1207f9-2223-4a94-a183-363132aef97e_flux_1789424497.png
s3://datagen-dev/f5ddba02-4295-48d9-8ad5-ba8583871323/bc6ba36c-aa02-4630-a0ea-4150b9b69e36/Synthetic/0675f57e-edf9-4568-93d3-db9a97e7ae2b_flux_1789422751.png,s3://datagen-dev/f5ddba02-4295-48d9-8ad5-ba8583871323/08788e35-b887-4d04-9a7f-40b900d15569/coco.json,COCO,s3://datagen-dev/f5ddba02-4295-48d9-8ad5-ba8583871323/bc6ba36c-aa02-4630-a0ea-4150b9b69e36/Synthetic/0675f57e-edf9-4568-93d3-db9a97e7ae2b_flux_1789422751.png
s3://datagen-dev/f5ddba02-4295-48d9-8ad5-ba8583871323/bc6ba36c-aa02-4630-a0ea-4150b9b69e36/Synthetic/de864a3e-0f0a-4112-acb0-fe08a3f973ac_flux_1789426458.png,s3://datagen-dev/f5ddba02-4295-48d9-8ad5-ba8583871323/08788e35-b887-4d04-9a7f-40b900d15569/coco.json,COCO,s3://datagen-dev/f5ddba02-4295-48d9-8ad5-ba8583871323/bc6ba36c-aa02-4630-a0ea-4150b9b69e36/Synthetic/de864a3e-0f0a-4112-acb0-fe08a3f973ac_flux_1789426458.png
s3://datagen-dev/f5ddba02-4295-48d9-8ad5-ba8583871323/bc6ba36c-aa02-4630-a0ea-4150b9b69e36/Synthetic/120398f2-3302-43c9-92b1-a2b981524da4_flux_1789424690.png,s3://datagen-dev/f5ddba02-4295-48d9-8ad5-ba8583871323/08788e35-b887-4d04-9a7f-40b900d15569/coco.json,COCO,s3://datagen-dev/f5ddba02-4295-48d9-8ad5-ba8583871323/bc6ba36c-aa02-4630-a0ea-4150b9b69e36/Synthetic/120398f2-3302-43c9-92b1-a2b981524da4_flux_1789424690.png
s3://datagen-dev/f5ddba02-4295-48d9-8ad5-ba8583871323/bc6ba36c-aa02-4630-a0ea-4150b9b69e36/Synthetic/5410f41e-06e4-4886-8f11-8f41a9ef11aa_flux_1789422673.png,s3://datagen-dev/f5ddba02-4295-48d9-8ad5-ba8583871323/08788e35-b887-4d04-9a7f-40b900d15569/coco.json,COCO,s3://datagen-dev/f5ddba02-4295-48d9-8ad5-ba8583871323/bc6ba36c-aa02-4630-a0ea-4150b9b69e36/Synthetic/5410f41e-06e4-4886-8f11-8f41a9ef11aa_flux_1789422673.png
s3://datagen-dev/f5ddba02-4295-48d9-8ad5-ba8583871323/bc6ba36c-aa02-4630-a0ea-4150b9b69e36/Synthetic/e8ba22a5-6573-4c58-b4c7-4affbfc0a0fe_flux_1789425581.png,s3://datagen-dev/f5ddba02-4295-48d9-8ad5-ba8583871323/08788e35-b887-4d04-9a7f-40b900d15569/coco.json,COCO,s3://datagen-dev/f5ddba02-4295-48d9-8ad5-ba8583871323/bc6ba36c-aa02-4630-a0ea-4150b9b69e36/Synthetic/e8ba22a5-6573-4c58-b4c7-4affbfc0a0fe_flux_1789425581.png
s3://datagen-dev/f5ddba02-4295-48d9-8ad5-ba8583871323/bc6ba36c-aa02-4630-a0ea-4150b9b69e36/Synthetic/4bbcfd19-e6ec-4fc1-9478-2b78030ec7a5_flux_1789425090.png,s3://datagen-dev/f5ddba02-4295-48d9-8ad5-ba8583871323/08788e35-b887-4d04-9a7f-40b900d15569/coco.json,COCO,s3://datagen-dev/f5ddba02-4295-48d9-8ad5-ba8583871323/bc6ba36c-aa02-4630-a0ea-4150b9b69e36/Synthetic/4bbcfd19-e6ec-4fc1-9478-2b78030ec7a5_flux_1789425090.png
s3://datagen-dev/f5ddba02-4295-48d9-8ad5-ba8583871323/bc6ba36c-aa02-4630-a0ea-4150b9b69e36/Synthetic/acc44230-7b54-421b-8477-d88ac8080355_flux_1789423440.png,s3://datagen-dev/f5ddba02-4295-48d9-8ad5-ba8583871323/08788e35-b887-4d04-9a7f-40b900d15569/coco.json,COCO,s3://datagen-dev/f5ddba02-4295-48d9-8ad5-ba8583871323/bc6ba36c-aa02-4630-a0ea-4150b9b69e36/Synthetic/acc44230-7b54-421b-8477-d88ac8080355_flux_1789423440.png
s3://datagen-dev/f5ddba02-4295-48d9-8ad5-ba8583871323/bc6ba36c-aa02-4630-a0ea-4150b9b69e36/Synthetic/440cbac6-e303-426d-9872-bcb753f668e9_flux_1789424891.png,s3://datagen-dev/f5ddba02-4295-48d9-8ad5-ba8583871323/08788e35-b887-4d04-9a7f-40b900d15569/coco.json,COCO,s3://datagen-dev/f5ddba02-4295-48d9-8ad5-ba8583871323/bc6ba36c-aa02-4630-a0ea-4150b9b69e36/Synthetic/440cbac6-e303-426d-9872-bcb753f668e9_flux_1789424891.png
s3://datagen-dev/f5ddba02-4295-48d9-8ad5-ba8583871323/bc6ba36c-aa02-4630-a0ea-4150b9b69e36/Synthetic/cefa6d77-53bd-40da-a60e-03c30f1972c3_flux_1789423291.png,s3://datagen-dev/f5ddba02-4295-48d9-8ad5-ba8583871323/08788e35-b887-4d04-9a7f-40b900d15569/coco.json,COCO,s3://datagen-dev/f5ddba02-4295-48d9-8ad5-ba8583871323/bc6ba36c-aa02-4630-a0ea-4150b9b69e36/Synthetic/cefa6d77-53bd-40da-a60e-03c30f1972c3_flux_1789423291.png
s3://datagen-dev/f5ddba02-4295-48d9-8ad5-ba8583871323/bc6ba36c-aa02-4630-a0ea-4150b9b69e36/Synthetic/5dac7989-dc6a-4b12-8998-38c6b4a2f3b5_flux_1789423737.png,s3://datagen-dev/f5ddba02-4295-48d9-8ad5-ba8583871323/08788e35-b887-4d04-9a7f-40b900d15569/coco.json,COCO,s3://datagen-dev/f5ddba02-4295-48d9-8ad5-ba8583871323/bc6ba36c-aa02-4630-a0ea-4150b9b69e36/Synthetic/5dac7989-dc6a-4b12-8998-38c6b4a2f3b5_flux_1789423737.png
s3://datagen-dev/f5ddba02-4295-48d9-8ad5-ba8583871323/bc6ba36c-aa02-4630-a0ea-4150b9b69e36/Synthetic/4d07cec0-c3e9-4d30-b6e8-1b71a9896847_flux_1789422743.png,s3://datagen-dev/f5ddba02-4295-48d9-8ad5-ba8583871323/08788e35-b887-4d04-9a7f-40b900d15569/coco.json,COCO,s3://datagen-dev/f5ddba02-4295-48d9-8ad5-ba8583871323/bc6ba36c-aa02-4630-a0ea-4150b9b69e36/Synthetic/4d07cec0-c3e9-4d30-b6e8-1b71a9896847_flux_1789422743.png
s3://datagen-dev/f5ddba02-4295-48d9-8ad5-ba8583871323/bc6ba36c-aa02-4630-a0ea-4150b9b69e36/Synthetic/574c0d41-e9d8-4e85-81c2-4e0cdf136f4c_flux_1789425263.png,s3://datagen-dev/f5ddba02-4295-48d9-8ad5-ba8583871323/08788e35-b887-4d04-9a7f-40b900d15569/coco.json,COCO,s3://datagen-dev/f5ddba02-4295-48d9-8ad5-ba8583871323/bc6ba36c-aa02-4630-a0ea-4150b9b69e36/Synthetic/574c0d41-e9d8-4e85-81c2-4e0cdf136f4c_flux_1789425263.png
s3://datagen-dev/f5ddba02-4295-48d9-8ad5-ba8583871323/bc6ba36c-aa02-4630-a0ea-4150b9b69e36/Synthetic/f8f74886-1b12-4b47-b405-ac4264206812_flux_1789423514.png,s3://datagen-dev/f5ddba02-4295-48d9-8ad5-ba8583871323/08788e35-b887-4d04-9a7f-40b900d15569/coco.json,COCO,s3://datagen-dev/f5ddba02-4295-48d9-8ad5-ba8583871323/bc6ba36c-aa02-4630-a0ea-4150b9b69e36/Synthetic/f8f74886-1b12-4b47-b405-ac4264206812_flux_1789423514.png
s3://datagen-dev/f5ddba02-4295-48d9-8ad5-ba8583871323/bc6ba36c-aa02-4630-a0ea-4150b9b69e36/Synthetic/72dedbd2-2c4e-4dd8-a545-1e9d6c17e6bf_flux_1789423168.png,s3://datagen-dev/f5ddba02-4295-48d9-8ad5-ba8583871323/08788e35-b887-4d04-9a7f-40b900d15569/coco.json,COCO,s3://datagen-dev/f5ddba02-4295-48d9-8ad5-ba8583871323/bc6ba36c-aa02-4630-a0ea-4150b9b69e36/Synthetic/72dedbd2-2c4e-4dd8-a545-1e9d6c17e6bf_flux_1789423168.png
s3://datagen-dev/f5ddba02-4295-48d9-8ad5-ba8583871323/bc6ba36c-aa02-4630-a0ea-4150b9b69e36/Synthetic/8bfc8e2c-22b7-4d15-927a-2e8049b3428f_flux_1789423786.png,s3://datagen-dev/f5ddba02-4295-48d9-8ad5-ba8583871323/08788e35-b887-4d04-9a7f-40b900d15569/coco.json,COCO,s3://datagen-dev/f5ddba02-4295-48d9-8ad5-ba8583871323/bc6ba36c-aa02-4630-a0ea-4150b9b69e36/Synthetic/8bfc8e2c-22b7-4d15-927a-2e8049b3428f_flux_1789423786.png
s3://datagen-dev/f5ddba02-4295-48d9-8ad5-ba8583871323/bc6ba36c-aa02-4630-a0ea-4150b9b69e36/Synthetic/4a2498b4-54b7-4736-973f-d5bbe87df0fb_flux_1789426194.png,s3://datagen-dev/f5ddba02-4295-48d9-8ad5-ba8583871323/08788e35-b887-4d04-9a7f-40b900d15569/coco.json,COCO,s3://datagen-dev/f5ddba02-4295-48d9-8ad5-ba8583871323/bc6ba36c-aa02-4630-a0ea-4150b9b69e36/Synthetic/4a2498b4-54b7-4736-973f-d5bbe87df0fb_flux_1789426194.png
s3://datagen-dev/f5ddba02-4295-48d9-8ad5-ba8583871323/bc6ba36c-aa02-4630-a0ea-4150b9b69e36/Synthetic/8a579591-34a0-434d-a698-d5f6c3afecdc_flux_1789423580.png,s3://datagen-dev/f5ddba02-4295-48d9-8ad5-ba8583871323/08788e35-b887-4d04-9a7f-40b900d15569/coco.json,COCO,s3://datagen-dev/f5ddba02-4295-48d9-8ad5-ba8583871323/bc6ba36c-aa02-4630-a0ea-4150b9b69e36/Synthetic/8a579591-34a0-434d-a698-d5f6c3afecdc_flux_1789423580.png
s3://datagen-dev/f5ddba02-4295-48d9-8ad5-ba8583871323/bc6ba36c-aa02-4630-a0ea-4150b9b69e36/Synthetic/c76d06f3-6c8b-4048-bfd6-372c44db97e6_flux_1789424654.png,s3://datagen-dev/f5ddba02-4295-48d9-8ad5-ba8583871323/08788e35-b887-4d04-9a7f-40b900d15569/coco.json,COCO,s3://datagen-dev/f5ddba02-4295-48d9-8ad5-ba8583871323/bc6ba36c-aa02-4630-a0ea-4150b9b69e36/Synthetic/c76d06f3-6c8b-4048-bfd6-372c44db97e6_flux_1789424654.png
s3://datagen-dev/f5ddba02-4295-48d9-8ad5-ba8583871323/bc6ba36c-aa02-4630-a0ea-4150b9b69e36/Synthetic/09bd7e9f-e0a5-4a5b-8225-4c5d2fe3c730_flux_1789423444.png,s3://datagen-dev/f5ddba02-4295-48d9-8ad5-ba8583871323/08788e35-b887-4d04-9a7f-40b900d15569/coco.json,COCO,s3://datagen-dev/f5ddba02-4295-48d9-8ad5-ba8583871323/bc6ba36c-aa02-4630-a0ea-4150b9b69e36/Synthetic/09bd7e9f-e0a5-4a5b-8225-4c5d2fe3c730_flux_1789423444.png
s3://datagen-dev/f5ddba02-4295-48d9-8ad5-ba8583871323/bc6ba36c-aa02-4630-a0ea-4150b9b69e36/Synthetic/a8210bbc-2a1c-4fda-9ea4-ca7707cb28b4_flux_1789425411.png,s3://datagen-dev/f5ddba02-4295-48d9-8ad5-ba8583871323/08788e35-b887-4d04-9a7f-40b900d15569/coco.json,COCO,s3://datagen-dev/f5ddba02-4295-48d9-8ad5-ba8583871323/bc6ba36c-aa02-4630-a0ea-4150b9b69e36/Synthetic/a8210bbc-2a1c-4fda-9ea4-ca7707cb28b4_flux_1789425411.png
s3://datagen-dev/f5ddba02-4295-48d9-8ad5-ba8583871323/bc6ba36c-aa02-4630-a0ea-4150b9b69e36/Synthetic/a6785ce0-2755-432d-a731-4424a0ba0a52_flux_1789424067.png,s3://datagen-dev/f5ddba02-4295-48d9-8ad5-ba8583871323/08788e35-b887-4d04-9a7f-40b900d15569/coco.json,COCO,s3://datagen-dev/f5ddba02-4295-48d9-8ad5-ba8583871323/bc6ba36c-aa02-4630-a0ea-4150b9b69e36/Synthetic/a6785ce0-2755-432d-a731-4424a0ba0a52_flux_1789424067.png
s3://datagen-dev/f5ddba02-4295-48d9-8ad5-ba8583871323/bc6ba36c-aa02-4630-a0ea-4150b9b69e36/Synthetic/cef10969-99bc-4506-a5f3-46e91be9d455_flux_1789424327.png,s3://datagen-dev/f5ddba02-4295-48d9-8ad5-ba8583871323/08788e35-b887-4d04-9a7f-40b900d15569/coco.json,COCO,s3://datagen-dev/f5ddba02-4295-48d9-8ad5-ba8583871323/bc6ba36c-aa02-4630-a0ea-4150b9b69e36/Synthetic/cef10969-99bc-4506-a5f3-46e91be9d455_flux_1789424327.png
s3://datagen-dev/f5ddba02-4295-48d9-8ad5-ba8583871323/bc6ba36c-aa02-4630-a0ea-4150b9b69e36/Synthetic/a78ff00e-e4bf-4e4f-8b84-46694f89f910_flux_1789426717.png,s3://datagen-dev/f5ddba02-4295-48d9-8ad5-ba8583871323/08788e35-b887-4d04-9a7f-40b900d15569/coco.json,COCO,s3://datagen-dev/f5ddba02-4295-48d9-8ad5-ba8583871323/bc6ba36c-aa02-4630-a0ea-4150b9b69e36/Synthetic/a78ff00e-e4bf-4e4f-8b84-46694f89f910_flux_1789426717.png
s3://datagen-dev/f5ddba02-4295-48d9-8ad5-ba8583871323/bc6ba36c-aa02-4630-a0ea-4150b9b69e36/Synthetic/efd9206a-fdaf-4df0-bcdf-72b344f9ea80_flux_1789423254.png,s3://datagen-dev/f5ddba02-4295-48d9-8ad5-ba8583871323/08788e35-b887-4d04-9a7f-40b900d15569/coco.json,COCO,s3://datagen-dev/f5ddba02-4295-48d9-8ad5-ba8583871323/bc6ba36c-aa02-4630-a0ea-4150b9b69e36/Synthetic/efd9206a-fdaf-4df0-bcdf-72b344f9ea80_flux_1789423254.png
s3://datagen-dev/f5ddba02-4295-48d9-8ad5-ba8583871323/bc6ba36c-aa02-4630-a0ea-4150b9b69e36/Synthetic/65c34747-a410-4963-b919-9bff21c779ff_flux_1789425509.png,s3://datagen-dev/f5ddba02-4295-48d9-8ad5-ba8583871323/08788e35-b887-4d04-9a7f-40b900d15569/coco.json,COCO,s3://datagen-dev/f5ddba02-4295-48d9-8ad5-ba8583871323/bc6ba36c-aa02-4630-a0ea-4150b9b69e36/Synthetic/65c34747-a410-4963-b919-9bff21c779ff_flux_1789425509.png
s3://datagen-dev/f5ddba02-4295-48d9-8ad5-ba8583871323/bc6ba36c-aa02-4630-a0ea-4150b9b69e36/Synthetic/3a5b47f2-0e40-401c-bbf8-a7023403d25e_flux_1789422665.png,s3://datagen-dev/f5ddba02-4295-48d9-8ad5-ba8583871323/08788e35-b887-4d04-9a7f-40b900d15569/coco.json,COCO,s3://datagen-dev/f5ddba02-4295-48d9-8ad5-ba8583871323/bc6ba36c-aa02-4630-a0ea-4150b9b69e36/Synthetic/3a5b47f2-0e40-401c-bbf8-a7023403d25e_flux_1789422665.png
s3://datagen-dev/f5ddba02-4295-48d9-8ad5-ba8583871323/bc6ba36c-aa02-4630-a0ea-4150b9b69e36/Synthetic/3d62fe39-a0e3-4ce5-aa55-437262fb1a1d_flux_1789425181.png,s3://datagen-dev/f5ddba02-4295-48d9-8ad5-ba8583871323/08788e35-b887-4d04-9a7f-40b900d15569/coco.json,COCO,s3://datagen-dev/f5ddba02-4295-48d9-8ad5-ba8583871323/bc6ba36c-aa02-4630-a0ea-4150b9b69e36/Synthetic/3d62fe39-a0e3-4ce5-aa55-437262fb1a1d_flux_1789425181.png
s3://datagen-dev/f5ddba02-4295-48d9-8ad5-ba8583871323/bc6ba36c-aa02-4630-a0ea-4150b9b69e36/Synthetic/c9a44be6-3040-4d67-b88c-406d09848ea2_flux_1789424013.png,s3://datagen-dev/f5ddba02-4295-48d9-8ad5-ba8583871323/08788e35-b887-4d04-9a7f-40b900d15569/coco.json,COCO,s3://datagen-dev/f5ddba02-4295-48d9-8ad5-ba8583871323/bc6ba36c-aa02-4630-a0ea-4150b9b69e36/Synthetic/c9a44be6-3040-4d67-b88c-406d09848ea2_flux_1789424013.png
s3://datagen-dev/f5ddba02-4295-48d9-8ad5-ba8583871323/bc6ba36c-aa02-4630-a0ea-4150b9b69e36/Synthetic/e856a8df-5adf-4591-8f2d-9eb85e68a29f_flux_1789425320.png,s3://datagen-dev/f5ddba02-4295-48d9-8ad5-ba8583871323/08788e35-b887-4d04-9a7f-40b900d15569/coco.json,COCO,s3://datagen-dev/f5ddba02-4295-48d9-8ad5-ba8583871323/bc6ba36c-aa02-4630-a0ea-4150b9b69e36/Synthetic/e856a8df-5adf-4591-8f2d-9eb85e68a29f_flux_1789425320.png
s3://datagen-dev/f5ddba02-4295-48d9-8ad5-ba8583871323/bc6ba36c-aa02-4630-a0ea-4150b9b69e36/Synthetic/ce0f9490-445c-4573-95a2-6a1b939dd732_flux_1789426573.png,s3://datagen-dev/f5ddba02-4295-48d9-8ad5-ba8583871323/08788e35-b887-4d04-9a7f-40b900d15569/coco.json,COCO,s3://datagen-dev/f5ddba02-4295-48d9-8ad5-ba8583871323/bc6ba36c-aa02-4630-a0ea-4150b9b69e36/Synthetic/ce0f9490-445c-4573-95a2-6a1b939dd732_flux_1789426573.png
s3://datagen-dev/f5ddba02-4295-48d9-8ad5-ba8583871323/bc6ba36c-aa02-4630-a0ea-4150b9b69e36/Synthetic/3ccbd8d2-3141-442c-86dd-f5ec88ed0dc3_flux_1789426343.png,s3://datagen-dev/f5ddba02-4295-48d9-8ad5-ba8583871323/08788e35-b887-4d04-9a7f-40b900d15569/coco.json,COCO,s3://datagen-dev/f5ddba02-4295-48d9-8ad5-ba8583871323/bc6ba36c-aa02-4630-a0ea-4150b9b69e36/Synthetic/3ccbd8d2-3141-442c-86dd-f5ec88ed0dc3_flux_1789426343.png
s3://datagen-dev/f5ddba02-4295-48d9-8ad5-ba8583871323/bc6ba36c-aa02-4630-a0ea-4150b9b69e36/Synthetic/27b4cb86-a09d-4975-9938-5b42f6de9520_flux_1789422784.png,s3://datagen-dev/f5ddba02-4295-48d9-8ad5-ba8583871323/08788e35-b887-4d04-9a7f-40b900d15569/coco.json,COCO,s3://datagen-dev/f5ddba02-4295-48d9-8ad5-ba8583871323/bc6ba36c-aa02-4630-a0ea-4150b9b69e36/Synthetic/27b4cb86-a09d-4975-9938-5b42f6de9520_flux_1789422784.png
s3://datagen-dev/f5ddba02-4295-48d9-8ad5-ba8583871323/bc6ba36c-aa02-4630-a0ea-4150b9b69e36/Synthetic/6b4631bb-5ab2-4898-9ff9-83a6a9a1eb1e_flux_1789426540.png,s3://datagen-dev/f5ddba02-4295-48d9-8ad5-ba8583871323/08788e35-b887-4d04-9a7f-40b900d15569/coco.json,COCO,s3://datagen-dev/f5ddba02-4295-48d9-8ad5-ba8583871323/bc6ba36c-aa02-4630-a0ea-4150b9b69e36/Synthetic/6b4631bb-5ab2-4898-9ff9-83a6a9a1eb1e_flux_1789426540.png
s3://datagen-dev/f5ddba02-4295-48d9-8ad5-ba8583871323/bc6ba36c-aa02-4630-a0ea-4150b9b69e36/Synthetic/a3f67bcf-5420-41f8-b927-1377541b84f3_flux_1789423732.png,s3://datagen-dev/f5ddba02-4295-48d9-8ad5-ba8583871323/08788e35-b887-4d04-9a7f-40b900d15569/coco.json,COCO,s3://datagen-dev/f5ddba02-4295-48d9-8ad5-ba8583871323/bc6ba36c-aa02-4630-a0ea-4150b9b69e36/Synthetic/a3f67bcf-5420-41f8-b927-1377541b84f3_flux_1789423732.png
s3://datagen-dev/f5ddba02-4295-48d9-8ad5-ba8583871323/bc6ba36c-aa02-4630-a0ea-4150b9b69e36/Synthetic/e601a5a0-d23c-4a24-a626-a67399b679c5_flux_1789426594.png,s3://datagen-dev/f5ddba02-4295-48d9-8ad5-ba8583871323/08788e35-b887-4d04-9a7f-40b900d15569/coco.json,COCO,s3://datagen-dev/f5ddba02-4295-48d9-8ad5-ba8583871323/bc6ba36c-aa02-4630-a0ea-4150b9b69e36/Synthetic/e601a5a0-d23c-4a24-a626-a67399b679c5_flux_1789426594.png
s3://datagen-dev/f5ddba02-4295-48d9-8ad5-ba8583871323/bc6ba36c-aa02-4630-a0ea-4150b9b69e36/Synthetic/9984dc24-286a-4506-9131-be553d992024_flux_1789423357.png,s3://datagen-dev/f5ddba02-4295-48d9-8ad5-ba8583871323/08788e35-b887-4d04-9a7f-40b900d15569/coco.json,COCO,s3://datagen-dev/f5ddba02-4295-48d9-8ad5-ba8583871323/bc6ba36c-aa02-4630-a0ea-4150b9b69e36/Synthetic/9984dc24-286a-4506-9131-be553d992024_flux_1789423357.png
s3://datagen-dev/f5ddba02-4295-48d9-8ad5-ba8583871323/bc6ba36c-aa02-4630-a0ea-4150b9b69e36/Synthetic/8aa26de8-c9fc-429e-81ae-b135330dd192_flux_1789425959.png,s3://datagen-dev/f5ddba02-4295-48d9-8ad5-ba8583871323/08788e35-b887-4d04-9a7f-40b900d15569/coco.json,COCO,s3://datagen-dev/f5ddba02-4295-48d9-8ad5-ba8583871323/bc6ba36c-aa02-4630-a0ea-4150b9b69e36/Synthetic/8aa26de8-c9fc-429e-81ae-b135330dd192_flux_1789425959.png
s3://datagen-dev/f5ddba02-4295-48d9-8ad5-ba8583871323/bc6ba36c-aa02-4630-a0ea-4150b9b69e36/Synthetic/6f678329-9c3e-4a59-bfdb-914b34ca00d8_flux_1789425561.png,s3://datagen-dev/f5ddba02-4295-48d9-8ad5-ba8583871323/08788e35-b887-4d04-9a7f-40b900d15569/coco.json,COCO,s3://datagen-dev/f5ddba02-4295-48d9-8ad5-ba8583871323/bc6ba36c-aa02-4630-a0ea-4150b9b69e36/Synthetic/6f678329-9c3e-4a59-bfdb-914b34ca00d8_flux_1789425561.png
s3://datagen-dev/f5ddba02-4295-48d9-8ad5-ba8583871323/bc6ba36c-aa02-4630-a0ea-4150b9b69e36/Synthetic/4abba1e6-3404-497b-9635-814b6cdc8b6a_flux_1789426347.png,s3://datagen-dev/f5ddba02-4295-48d9-8ad5-ba8583871323/08788e35-b887-4d04-9a7f-40b900d15569/coco.json,COCO,s3://datagen-dev/f5ddba02-4295-48d9-8ad5-ba8583871323/bc6ba36c-aa02-4630-a0ea-4150b9b69e36/Synthetic/4abba1e6-3404-497b-9635-814b6cdc8b6a_flux_1789426347.png
s3://datagen-dev/f5ddba02-4295-48d9-8ad5-ba8583871323/bc6ba36c-aa02-4630-a0ea-4150b9b69e36/Synthetic/509e9d9d-fe25-4b17-a0ad-4e444ce3b3db_flux_1789424046.png,s3://datagen-dev/f5ddba02-4295-48d9-8ad5-ba8583871323/08788e35-b887-4d04-9a7f-40b900d15569/coco.json,COCO,s3://datagen-dev/f5ddba02-4295-48d9-8ad5-ba8583871323/bc6ba36c-aa02-4630-a0ea-4150b9b69e36/Synthetic/509e9d9d-fe25-4b17-a0ad-4e444ce3b3db_flux_1789424046.png
s3://datagen-dev/f5ddba02-4295-48d9-8ad5-ba8583871323/bc6ba36c-aa02-4630-a0ea-4150b9b69e36/Synthetic/33474305-b079-4fb6-aee4-9b62fba85166_flux_1789423848.png,s3://datagen-dev/f5ddba02-4295-48d9-8ad5-ba8583871323/08788e35-b887-4d04-9a7f-40b900d15569/coco.json,COCO,s3://datagen-dev/f5ddba02-4295-48d9-8ad5-ba8583871323/bc6ba36c-aa02-4630-a0ea-4150b9b69e36/Synthetic/33474305-b079-4fb6-aee4-9b62fba85166_flux_1789423848.png
s3://datagen-dev/f5ddba02-4295-48d9-8ad5-ba8583871323/bc6ba36c-aa02-4630-a0ea-4150b9b69e36/Synthetic/13836d7a-1cbb-4c02-bae0-2ea24b8a52d2_flux_1789425947.png,s3://datagen-dev/f5ddba02-4295-48d9-8ad5-ba8583871323/08788e35-b887-4d04-9a7f-40b900d15569/coco.json,COCO,s3://datagen-dev/f5ddba02-4295-48d9-8ad5-ba8583871323/bc6ba36c-aa02-4630-a0ea-4150b9b69e36/Synthetic/13836d7a-1cbb-4c02-bae0-2ea24b8a52d2_flux_1789425947.png
s3://datagen-dev/f5ddba02-4295-48d9-8ad5-ba8583871323/bc6ba36c-aa02-4630-a0ea-4150b9b69e36/Synthetic/89efb21a-00b5-42f0-b741-2d591b025cbd_flux_1789424257.png,s3://datagen-dev/f5ddba02-4295-48d9-8ad5-ba8583871323/08788e35-b887-4d04-9a7f-40b900d15569/coco.json,COCO,s3://datagen-dev/f5ddba02-4295-48d9-8ad5-ba8583871323/bc6ba36c-aa02-4630-a0ea-4150b9b69e36/Synthetic/89efb21a-00b5-42f0-b741-2d591b025cbd_flux_1789424257.png
s3://datagen-dev/f5ddba02-4295-48d9-8ad5-ba8583871323/bc6ba36c-aa02-4630-a0ea-4150b9b69e36/Synthetic/47699876-1ffc-47bb-9f37-6ec55006883d_flux_1789423976.png,s3://datagen-dev/f5ddba02-4295-48d9-8ad5-ba8583871323/08788e35-b887-4d04-9a7f-40b900d15569/coco.json,COCO,s3://datagen-dev/f5ddba02-4295-48d9-8ad5-ba8583871323/bc6ba36c-aa02-4630-a0ea-4150b9b69e36/Synthetic/47699876-1ffc-47bb-9f37-6ec55006883d_flux_1789423976.png
s3://datagen-dev/f5ddba02-4295-48d9-8ad5-ba8583871323/bc6ba36c-aa02-4630-a0ea-4150b9b69e36/Synthetic/94da2cac-f363-4d6a-a941-cd94509bc42b_flux_1789422764.png,s3://datagen-dev/f5ddba02-4295-48d9-8ad5-ba8583871323/08788e35-b887-4d04-9a7f-40b900d15569/coco.json,COCO,s3://datagen-dev/f5ddba02-4295-48d9-8ad5-ba8583871323/bc6ba36c-aa02-4630-a0ea-4150b9b69e36/Synthetic/94da2cac-f363-4d6a-a941-cd94509bc42b_flux_1789422764.png
s3://datagen-dev/f5ddba02-4295-48d9-8ad5-ba8583871323/bc6ba36c-aa02-4630-a0ea-4150b9b69e36/Synthetic/1159bcd1-e4b1-4b44-928a-6805f7958472_flux_1789422883.png,s3://datagen-dev/f5ddba02-4295-48d9-8ad5-ba8583871323/08788e35-b887-4d04-9a7f-40b900d15569/coco.json,COCO,s3://datagen-dev/f5ddba02-4295-48d9-8ad5-ba8583871323/bc6ba36c-aa02-4630-a0ea-4150b9b69e36/Synthetic/1159bcd1-e4b1-4b44-928a-6805f7958472_flux_1789422883.png
s3://datagen-dev/f5ddba02-4295-48d9-8ad5-ba8583871323/bc6ba36c-aa02-4630-a0ea-4150b9b69e36/Synthetic/a55df136-aabc-4023-bbeb-c968e19717e0_flux_1789422809.png,s3://datagen-dev/f5ddba02-4295-48d9-8ad5-ba8583871323/08788e35-b887-4d04-9a7f-40b900d15569/coco.json,COCO,s3://datagen-dev/f5ddba02-4295-48d9-8ad5-ba8583871323/bc6ba36c-aa02-4630-a0ea-4150b9b69e36/Synthetic/a55df136-aabc-4023-bbeb-c968e19717e0_flux_1789422809.png
s3://datagen-dev/f5ddba02-4295-48d9-8ad5-ba8583871323/bc6ba36c-aa02-4630-a0ea-4150b9b69e36/Synthetic/1f340ca8-794c-43f9-9a3f-861990df4f49_flux_1789424837.png,s3://datagen-dev/f5ddba02-4295-48d9-8ad5-ba8583871323/08788e35-b887-4d04-9a7f-40b900d15569/coco.json,COCO,s3://datagen-dev/f5ddba02-4295-48d9-8ad5-ba8583871323/bc6ba36c-aa02-4630-a0ea-4150b9b69e36/Synthetic/1f340ca8-794c-43f9-9a3f-861990df4f49_flux_1789424837.png
s3://datagen-dev/f5ddba02-4295-48d9-8ad5-ba8583871323/bc6ba36c-aa02-4630-a0ea-4150b9b69e36/Synthetic/a698aa43-47f1-4e29-9449-e986622350d6_flux_1789425746.png,s3://datagen-dev/f5ddba02-4295-48d9-8ad5-ba8583871323/08788e35-b887-4d04-9a7f-40b900d15569/coco.json,COCO,s3://datagen-dev/f5ddba02-4295-48d9-8ad5-ba8583871323/bc6ba36c-aa02-4630-a0ea-4150b9b69e36/Synthetic/a698aa43-47f1-4e29-9449-e986622350d6_flux_1789425746.png
s3://datagen-dev/f5ddba02-4295-48d9-8ad5-ba8583871323/bc6ba36c-aa02-4630-a0ea-4150b9b69e36/Synthetic/fc9156f0-da48-4e84-9a2d-817390323430_flux_1789423448.png,s3://datagen-dev/f5ddba02-4295-48d9-8ad5-ba8583871323/08788e35-b887-4d04-9a7f-40b900d15569/coco.json,COCO,s3://datagen-dev/f5ddba02-4295-48d9-8ad5-ba8583871323/bc6ba36c-aa02-4630-a0ea-4150b9b69e36/Synthetic/fc9156f0-da48-4e84-9a2d-817390323430_flux_1789423448.png
s3://datagen-dev/f5ddba02-4295-48d9-8ad5-ba8583871323/bc6ba36c-aa02-4630-a0ea-4150b9b69e36/Synthetic/dde9ef4c-a9d4-4cf4-a576-c02d0f3c75de_flux_1789424360.png,s3://datagen-dev/f5ddba02-4295-48d9-8ad5-ba8583871323/08788e35-b887-4d04-9a7f-40b900d15569/coco.json,COCO,s3://datagen-dev/f5ddba02-4295-48d9-8ad5-ba8583871323/bc6ba36c-aa02-4630-a0ea-4150b9b69e36/Synthetic/dde9ef4c-a9d4-4cf4-a576-c02d0f3c75de_flux_1789424360.png
s3://datagen-dev/f5ddba02-4295-48d9-8ad5-ba8583871323/bc6ba36c-aa02-4630-a0ea-4150b9b69e36/Synthetic/b7efa345-3b1c-4f4d-85d1-dfa9b669752d_flux_1789425984.png,s3://datagen-dev/f5ddba02-4295-48d9-8ad5-ba8583871323/08788e35-b887-4d04-9a7f-40b900d15569/coco.json,COCO,s3://datagen-dev/f5ddba02-4295-48d9-8ad5-ba8583871323/bc6ba36c-aa02-4630-a0ea-4150b9b69e36/Synthetic/b7efa345-3b1c-4f4d-85d1-dfa9b669752d_flux_1789425984.png
s3://datagen-dev/f5ddba02-4295-48d9-8ad5-ba8583871323/bc6ba36c-aa02-4630-a0ea-4150b9b69e36/Synthetic/3f95a2ad-0e85-48d4-92cc-e9d864527ba2_flux_1789424269.png,s3://datagen-dev/f5ddba02-4295-48d9-8ad5-ba8583871323/08788e35-b887-4d04-9a7f-40b900d15569/coco.json,COCO,s3://datagen-dev/f5ddba02-4295-48d9-8ad5-ba8583871323/bc6ba36c-aa02-4630-a0ea-4150b9b69e36/Synthetic/3f95a2ad-0e85-48d4-92cc-e9d864527ba2_flux_1789424269.png
s3://datagen-dev/f5ddba02-4295-48d9-8ad5-ba8583871323/bc6ba36c-aa02-4630-a0ea-4150b9b69e36/Synthetic/5505226e-2127-49d7-8b0e-c0c9a69e765c_flux_1789425066.png,s3://datagen-dev/f5ddba02-4295-48d9-8ad5-ba8583871323/08788e35-b887-4d04-9a7f-40b900d15569/coco.json,COCO,s3://datagen-dev/f5ddba02-4295-48d9-8ad5-ba8583871323/bc6ba36c-aa02-4630-a0ea-4150b9b69e36/Synthetic/5505226e-2127-49d7-8b0e-c0c9a69e765c_flux_1789425066.png
s3://datagen-dev/f5ddba02-4295-48d9-8ad5-ba8583871323/bc6ba36c-aa02-4630-a0ea-4150b9b69e36/Synthetic/6f3b4259-fff9-46ac-94ef-18ba6163f576_flux_1789423102.png,s3://datagen-dev/f5ddba02-4295-48d9-8ad5-ba8583871323/08788e35-b887-4d04-9a7f-40b900d15569/coco.json,COCO,s3://datagen-dev/f5ddba02-4295-48d9-8ad5-ba8583871323/bc6ba36c-aa02-4630-a0ea-4150b9b69e36/Synthetic/6f3b4259-fff9-46ac-94ef-18ba6163f576_flux_1789423102.png
s3://datagen-dev/f5ddba02-4295-48d9-8ad5-ba8583871323/bc6ba36c-aa02-4630-a0ea-4150b9b69e36/Synthetic/7fffc722-1ec1-435c-be19-202e2e09a01b_flux_1789422879.png,s3://datagen-dev/f5ddba02-4295-48d9-8ad5-ba8583871323/08788e35-b887-4d04-9a7f-40b900d15569/coco.json,COCO,s3://datagen-dev/f5ddba02-4295-48d9-8ad5-ba8583871323/bc6ba36c-aa02-4630-a0ea-4150b9b69e36/Synthetic/7fffc722-1ec1-435c-be19-202e2e09a01b_flux_1789422879.png
s3://datagen-dev/f5ddba02-4295-48d9-8ad5-ba8583871323/bc6ba36c-aa02-4630-a0ea-4150b9b69e36/Synthetic/b282648a-e31a-400e-b8ad-0e05dde39853_flux_1789425160.png,s3://datagen-dev/f5ddba02-4295-48d9-8ad5-ba8583871323/08788e35-b887-4d04-9a7f-40b900d15569/coco.json,COCO,s3://datagen-dev/f5ddba02-4295-48d9-8ad5-ba8583871323/bc6ba36c-aa02-4630-a0ea-4150b9b69e36/Synthetic/b282648a-e31a-400e-b8ad-0e05dde39853_flux_1789425160.png
s3://datagen-dev/f5ddba02-4295-48d9-8ad5-ba8583871323/bc6ba36c-aa02-4630-a0ea-4150b9b69e36/Synthetic/4436b0ca-ccb3-4d3f-8d57-5e64737c8a74_flux_1789426421.png,s3://datagen-dev/f5ddba02-4295-48d9-8ad5-ba8583871323/08788e35-b887-4d04-9a7f-40b900d15569/coco.json,COCO,s3://datagen-dev/f5ddba02-4295-48d9-8ad5-ba8583871323/bc6ba36c-aa02-4630-a0ea-4150b9b69e36/Synthetic/4436b0ca-ccb3-4d3f-8d57-5e64737c8a74_flux_1789426421.png
s3://datagen-dev/f5ddba02-4295-48d9-8ad5-ba8583871323/bc6ba36c-aa02-4630-a0ea-4150b9b69e36/Synthetic/5d3f4c97-87a7-4b08-b767-4fd7bce02fc3_flux_1789425440.png,s3://datagen-dev/f5ddba02-4295-48d9-8ad5-ba8583871323/08788e35-b887-4d04-9a7f-40b900d15569/coco.json,COCO,s3://datagen-dev/f5ddba02-4295-48d9-8ad5-ba8583871323/bc6ba36c-aa02-4630-a0ea-4150b9b69e36/Synthetic/5d3f4c97-87a7-4b08-b767-4fd7bce02fc3_flux_1789425440.png
s3://datagen-dev/f5ddba02-4295-48d9-8ad5-ba8583871323/bc6ba36c-aa02-4630-a0ea-4150b9b69e36/Synthetic/37615616-c9b7-4344-8044-147d35736a63_flux_1789425931.png,s3://datagen-dev/f5ddba02-4295-48d9-8ad5-ba8583871323/08788e35-b887-4d04-9a7f-40b900d15569/coco.json,COCO,s3://datagen-dev/f5ddba02-4295-48d9-8ad5-ba8583871323/bc6ba36c-aa02-4630-a0ea-4150b9b69e36/Synthetic/37615616-c9b7-4344-8044-147d35736a63_flux_1789425931.png
s3://datagen-dev/f5ddba02-4295-48d9-8ad5-ba8583871323/bc6ba36c-aa02-4630-a0ea-4150b9b69e36/Synthetic/2024a5db-376e-440f-bded-0bccc4e8d992_flux_1789426561.png,s3://datagen-dev/f5ddba02-4295-48d9-8ad5-ba8583871323/08788e35-b887-4d04-9a7f-40b900d15569/coco.json,COCO,s3://datagen-dev/f5ddba02-4295-48d9-8ad5-ba8583871323/bc6ba36c-aa02-4630-a0ea-4150b9b69e36/Synthetic/2024a5db-376e-440f-bded-0bccc4e8d992_flux_1789426561.png
s3://datagen-dev/f5ddba02-4295-48d9-8ad5-ba8583871323/bc6ba36c-aa02-4630-a0ea-4150b9b69e36/Synthetic/a1e9e3e9-e6db-4f23-a6ba-822ce20114b6_flux_1789426511.png,s3://datagen-dev/f5ddba02-4295-48d9-8ad5-ba8583871323/08788e35-b887-4d04-9a7f-40b900d15569/coco.json,COCO,s3://datagen-dev/f5ddba02-4295-48d9-8ad5-ba8583871323/bc6ba36c-aa02-4630-a0ea-4150b9b69e36/Synthetic/a1e9e3e9-e6db-4f23-a6ba-822ce20114b6_flux_1789426511.png
s3://datagen-dev/f5ddba02-4295-48d9-8ad5-ba8583871323/bc6ba36c-aa02-4630-a0ea-4150b9b69e36/Synthetic/5de907cd-9931-44ca-a978-255e527447af_flux_1789425894.png,s3://datagen-dev/f5ddba02-4295-48d9-8ad5-ba8583871323/08788e35-b887-4d04-9a7f-40b900d15569/coco.json,COCO,s3://datagen-dev/f5ddba02-4295-48d9-8ad5-ba8583871323/bc6ba36c-aa02-4630-a0ea-4150b9b69e36/Synthetic/5de907cd-9931-44ca-a978-255e527447af_flux_1789425894.png
s3://datagen-dev/f5ddba02-4295-48d9-8ad5-ba8583871323/bc6ba36c-aa02-4630-a0ea-4150b9b69e36/Synthetic/674ba991-5a9d-44bb-9543-ff8f1ac058f3_flux_1789425779.png,s3://datagen-dev/f5ddba02-4295-48d9-8ad5-ba8583871323/08788e35-b887-4d04-9a7f-40b900d15569/coco.json,COCO,s3://datagen-dev/f5ddba02-4295-48d9-8ad5-ba8583871323/bc6ba36c-aa02-4630-a0ea-4150b9b69e36/Synthetic/674ba991-5a9d-44bb-9543-ff8f1ac058f3_flux_1789425779.png
s3://datagen-dev/f5ddba02-4295-48d9-8ad5-ba8583871323/bc6ba36c-aa02-4630-a0ea-4150b9b69e36/Synthetic/652cbff7-86a9-4e59-9644-bf2fd2fc8356_flux_1789422718.png,s3://datagen-dev/f5ddba02-4295-48d9-8ad5-ba8583871323/08788e35-b887-4d04-9a7f-40b900d15569/coco.json,COCO,s3://datagen-dev/f5ddba02-4295-48d9-8ad5-ba8583871323/bc6ba36c-aa02-4630-a0ea-4150b9b69e36/Synthetic/652cbff7-86a9-4e59-9644-bf2fd2fc8356_flux_1789422718.png
s3://datagen-dev/f5ddba02-4295-48d9-8ad5-ba8583871323/bc6ba36c-aa02-4630-a0ea-4150b9b69e36/Synthetic/0a49652d-cee8-4853-96a2-fb1be7fb52a8_flux_1789423241.png,s3://datagen-dev/f5ddba02-4295-48d9-8ad5-ba8583871323/08788e35-b887-4d04-9a7f-40b900d15569/coco.json,COCO,s3://datagen-dev/f5ddba02-4295-48d9-8ad5-ba8583871323/bc6ba36c-aa02-4630-a0ea-4150b9b69e36/Synthetic/0a49652d-cee8-4853-96a2-fb1be7fb52a8_flux_1789423241.png
s3://datagen-dev/f5ddba02-4295-48d9-8ad5-ba8583871323/bc6ba36c-aa02-4630-a0ea-4150b9b69e36/Synthetic/a82ddff4-38b5-4e8c-be58-5057eccaad93_flux_1789426083.png,s3://datagen-dev/f5ddba02-4295-48d9-8ad5-ba8583871323/08788e35-b887-4d04-9a7f-40b900d15569/coco.json,COCO,s3://datagen-dev/f5ddba02-4295-48d9-8ad5-ba8583871323/bc6ba36c-aa02-4630-a0ea-4150b9b69e36/Synthetic/a82ddff4-38b5-4e8c-be58-5057eccaad93_flux_1789426083.png
s3://datagen-dev/f5ddba02-4295-48d9-8ad5-ba8583871323/bc6ba36c-aa02-4630-a0ea-4150b9b69e36/Synthetic/6a4feb4c-b5ba-4b38-bfd3-1aaf0e67173c_flux_1789425505.png,s3://datagen-dev/f5ddba02-4295-48d9-8ad5-ba8583871323/08788e35-b887-4d04-9a7f-40b900d15569/coco.json,COCO,s3://datagen-dev/f5ddba02-4295-48d9-8ad5-ba8583871323/bc6ba36c-aa02-4630-a0ea-4150b9b69e36/Synthetic/6a4feb4c-b5ba-4b38-bfd3-1aaf0e67173c_flux_1789425505.png
s3://datagen-dev/f5ddba02-4295-48d9-8ad5-ba8583871323/bc6ba36c-aa02-4630-a0ea-4150b9b69e36/Synthetic/6924abb1-32dd-4169-b4e5-88c7a18e2a7b_flux_1789423057.png,s3://datagen-dev/f5ddba02-4295-48d9-8ad5-ba8583871323/08788e35-b887-4d04-9a7f-40b900d15569/coco.json,COCO,s3://datagen-dev/f5ddba02-4295-48d9-8ad5-ba8583871323/bc6ba36c-aa02-4630-a0ea-4150b9b69e36/Synthetic/6924abb1-32dd-4169-b4e5-88c7a18e2a7b_flux_1789423057.png
s3://datagen-dev/f5ddba02-4295-48d9-8ad5-ba8583871323/bc6ba36c-aa02-4630-a0ea-4150b9b69e36/Synthetic/574546f1-fb9d-489c-bc2e-02486b6bc228_flux_1789426425.png,s3://datagen-dev/f5ddba02-4295-48d9-8ad5-ba8583871323/08788e35-b887-4d04-9a7f-40b900d15569/coco.json,COCO,s3://datagen-dev/f5ddba02-4295-48d9-8ad5-ba8583871323/bc6ba36c-aa02-4630-a0ea-4150b9b69e36/Synthetic/574546f1-fb9d-489c-bc2e-02486b6bc228_flux_1789426425.png
s3://datagen-dev/f5ddba02-4295-48d9-8ad5-ba8583871323/bc6ba36c-aa02-4630-a0ea-4150b9b69e36/Synthetic/46eeb456-4d52-4d74-a3d0-5b3c3220232d_flux_1789424546.png,s3://datagen-dev/f5ddba02-4295-48d9-8ad5-ba8583871323/08788e35-b887-4d04-9a7f-40b900d15569/coco.json,COCO,s3://datagen-dev/f5ddba02-4295-48d9-8ad5-ba8583871323/bc6ba36c-aa02-4630-a0ea-4150b9b69e36/Synthetic/46eeb456-4d52-4d74-a3d0-5b3c3220232d_flux_1789424546.png
s3://datagen-dev/f5ddba02-4295-48d9-8ad5-ba8583871323/bc6ba36c-aa02-4630-a0ea-4150b9b69e36/Synthetic/39a17d90-69ec-418b-a65e-303f7bd09fe1_flux_1789426734.png,s3://datagen-dev/f5ddba02-4295-48d9-8ad5-ba8583871323/08788e35-b887-4d04-9a7f-40b900d15569/coco.json,COCO,s3://datagen-dev/f5ddba02-4295-48d9-8ad5-ba8583871323/bc6ba36c-aa02-4630-a0ea-4150b9b69e36/Synthetic/39a17d90-69ec-418b-a65e-303f7bd09fe1_flux_1789426734.png
s3://datagen-dev/f5ddba02-4295-48d9-8ad5-ba8583871323/bc6ba36c-aa02-4630-a0ea-4150b9b69e36/Synthetic/bfae495b-d77f-40b3-9e49-517909ffa03d_flux_1789424460.png,s3://datagen-dev/f5ddba02-4295-48d9-8ad5-ba8583871323/08788e35-b887-4d04-9a7f-40b900d15569/coco.json,COCO,s3://datagen-dev/f5ddba02-4295-48d9-8ad5-ba8583871323/bc6ba36c-aa02-4630-a0ea-4150b9b69e36/Synthetic/bfae495b-d77f-40b3-9e49-517909ffa03d_flux_1789424460.png
s3://datagen-dev/f5ddba02-4295-48d9-8ad5-ba8583871323/bc6ba36c-aa02-4630-a0ea-4150b9b69e36/Synthetic/c44ac28d-753f-45fb-b500-50202b537895_flux_1789425395.png,s3://datagen-dev/f5ddba02-4295-48d9-8ad5-ba8583871323/08788e35-b887-4d04-9a7f-40b900d15569/coco.json,COCO,s3://datagen-dev/f5ddba02-4295-48d9-8ad5-ba8583871323/bc6ba36c-aa02-4630-a0ea-4150b9b69e36/Synthetic/c44ac28d-753f-45fb-b500-50202b537895_flux_1789425395.png
s3://datagen-dev/f5ddba02-4295-48d9-8ad5-ba8583871323/bc6ba36c-aa02-4630-a0ea-4150b9b69e36/Synthetic/aeeb9e21-9554-4b16-bbb3-5088ab2a226b_flux_1789425976.png,s3://datagen-dev/f5ddba02-4295-48d9-8ad5-ba8583871323/08788e35-b887-4d04-9a7f-40b900d15569/coco.json,COCO,s3://datagen-dev/f5ddba02-4295-48d9-8ad5-ba8583871323/bc6ba36c-aa02-4630-a0ea-4150b9b69e36/Synthetic/aeeb9e21-9554-4b16-bbb3-5088ab2a226b_flux_1789425976.png
s3://datagen-dev/f5ddba02-4295-48d9-8ad5-ba8583871323/bc6ba36c-aa02-4630-a0ea-4150b9b69e36/Synthetic/2fa6dd9a-491c-468a-ac93-c9ceff06e6ce_flux_1789423028.png,s3://datagen-dev/f5ddba02-4295-48d9-8ad5-ba8583871323/08788e35-b887-4d04-9a7f-40b900d15569/coco.json,COCO,s3://datagen-dev/f5ddba02-4295-48d9-8ad5-ba8583871323/bc6ba36c-aa02-4630-a0ea-4150b9b69e36/Synthetic/2fa6dd9a-491c-468a-ac93-c9ceff06e6ce_flux_1789423028.png
s3://datagen-dev/f5ddba02-4295-48d9-8ad5-ba8583871323/bc6ba36c-aa02-4630-a0ea-4150b9b69e36/Synthetic/991eb30e-b360-4e3c-93ea-50b6d6fb6ff9_flux_1789425886.png,s3://datagen-dev/f5ddba02-4295-48d9-8ad5-ba8583871323/08788e35-b887-4d04-9a7f-40b900d15569/coco.json,COCO,s3://datagen-dev/f5ddba02-4295-48d9-8ad5-ba8583871323/bc6ba36c-aa02-4630-a0ea-4150b9b69e36/Synthetic/991eb30e-b360-4e3c-93ea-50b6d6fb6ff9_flux_1789425886.png
s3://datagen-dev/f5ddba02-4295-48d9-8ad5-ba8583871323/bc6ba36c-aa02-4630-a0ea-4150b9b69e36/Synthetic/184b2abf-92f0-40d2-b0a8-c6afce9371a0_flux_1789424290.png,s3://datagen-dev/f5ddba02-4295-48d9-8ad5-ba8583871323/08788e35-b887-4d04-9a7f-40b900d15569/coco.json,COCO,s3://datagen-dev/f5ddba02-4295-48d9-8ad5-ba8583871323/bc6ba36c-aa02-4630-a0ea-4150b9b69e36/Synthetic/184b2abf-92f0-40d2-b0a8-c6afce9371a0_flux_1789424290.png
s3://datagen-dev/f5ddba02-4295-48d9-8ad5-ba8583871323/bc6ba36c-aa02-4630-a0ea-4150b9b69e36/Synthetic/9ac0f2c6-122b-4520-9d51-c22067341d8d_flux_1789425098.png,s3://datagen-dev/f5ddba02-4295-48d9-8ad5-ba8583871323/08788e35-b887-4d04-9a7f-40b900d15569/coco.json,COCO,s3://datagen-dev/f5ddba02-4295-48d9-8ad5-ba8583871323/bc6ba36c-aa02-4630-a0ea-4150b9b69e36/Synthetic/9ac0f2c6-122b-4520-9d51-c22067341d8d_flux_1789425098.png
s3://datagen-dev/f5ddba02-4295-48d9-8ad5-ba8583871323/bc6ba36c-aa02-4630-a0ea-4150b9b69e36/Synthetic/ee84cfdb-0589-4946-b521-aa5231d0464d_flux_1789423262.png,s3://datagen-dev/f5ddba02-4295-48d9-8ad5-ba8583871323/08788e35-b887-4d04-9a7f-40b900d15569/coco.json,COCO,s3://datagen-dev/f5ddba02-4295-48d9-8ad5-ba8583871323/bc6ba36c-aa02-4630-a0ea-4150b9b69e36/Synthetic/ee84cfdb-0589-4946-b521-aa5231d0464d_flux_1789423262.png
s3://datagen-dev/f5ddba02-4295-48d9-8ad5-ba8583871323/bc6ba36c-aa02-4630-a0ea-4150b9b69e36/Synthetic/da455f88-3c82-447f-aad1-596ff27fe869_flux_1789426709.png,s3://datagen-dev/f5ddba02-4295-48d9-8ad5-ba8583871323/08788e35-b887-4d04-9a7f-40b900d15569/coco.json,COCO,s3://datagen-dev/f5ddba02-4295-48d9-8ad5-ba8583871323/bc6ba36c-aa02-4630-a0ea-4150b9b69e36/Synthetic/da455f88-3c82-447f-aad1-596ff27fe869_flux_1789426709.png
s3://datagen-dev/f5ddba02-4295-48d9-8ad5-ba8583871323/bc6ba36c-aa02-4630-a0ea-4150b9b69e36/Synthetic/578e0461-8019-483b-9037-bb8abd3e5aa1_flux_1789424871.png,s3://datagen-dev/f5ddba02-4295-48d9-8ad5-ba8583871323/08788e35-b887-4d04-9a7f-40b900d15569/coco.json,COCO,s3://datagen-dev/f5ddba02-4295-48d9-8ad5-ba8583871323/bc6ba36c-aa02-4630-a0ea-4150b9b69e36/Synthetic/578e0461-8019-483b-9037-bb8abd3e5aa1_flux_1789424871.png
s3://datagen-dev/f5ddba02-4295-48d9-8ad5-ba8583871323/bc6ba36c-aa02-4630-a0ea-4150b9b69e36/Synthetic/3867e59d-d430-44bc-9b50-c2c52378ce8d_flux_1789423642.png,s3://datagen-dev/f5ddba02-4295-48d9-8ad5-ba8583871323/08788e35-b887-4d04-9a7f-40b900d15569/coco.json,COCO,s3://datagen-dev/f5ddba02-4295-48d9-8ad5-ba8583871323/bc6ba36c-aa02-4630-a0ea-4150b9b69e36/Synthetic/3867e59d-d430-44bc-9b50-c2c52378ce8d_flux_1789423642.png
s3://datagen-dev/f5ddba02-4295-48d9-8ad5-ba8583871323/bc6ba36c-aa02-4630-a0ea-4150b9b69e36/Synthetic/2ce9cac7-5ae7-43c0-9f46-643174bcceac_flux_1789425037.png,s3://datagen-dev/f5ddba02-4295-48d9-8ad5-ba8583871323/08788e35-b887-4d04-9a7f-40b900d15569/coco.json,COCO,s3://datagen-dev/f5ddba02-4295-48d9-8ad5-ba8583871323/bc6ba36c-aa02-4630-a0ea-4150b9b69e36/Synthetic/2ce9cac7-5ae7-43c0-9f46-643174bcceac_flux_1789425037.png
s3://datagen-dev/f5ddba02-4295-48d9-8ad5-ba8583871323/bc6ba36c-aa02-4630-a0ea-4150b9b69e36/Synthetic/d2122aef-04b9-4151-bbf7-91537a6373ed_flux_1789424294.png,s3://datagen-dev/f5ddba02-4295-48d9-8ad5-ba8583871323/08788e35-b887-4d04-9a7f-40b900d15569/coco.json,COCO,s3://datagen-dev/f5ddba02-4295-48d9-8ad5-ba8583871323/bc6ba36c-aa02-4630-a0ea-4150b9b69e36/Synthetic/d2122aef-04b9-4151-bbf7-91537a6373ed_flux_1789424294.png
s3://datagen-dev/f5ddba02-4295-48d9-8ad5-ba8583871323/bc6ba36c-aa02-4630-a0ea-4150b9b69e36/Synthetic/dc6e846e-be0c-42d5-8a8f-8b6958b1dc9e_flux_1789426400.png,s3://datagen-dev/f5ddba02-4295-48d9-8ad5-ba8583871323/08788e35-b887-4d04-9a7f-40b900d15569/coco.json,COCO,s3://datagen-dev/f5ddba02-4295-48d9-8ad5-ba8583871323/bc6ba36c-aa02-4630-a0ea-4150b9b69e36/Synthetic/dc6e846e-be0c-42d5-8a8f-8b6958b1dc9e_flux_1789426400.png
s3://datagen-dev/f5ddba02-4295-48d9-8ad5-ba8583871323/bc6ba36c-aa02-4630-a0ea-4150b9b69e36/Synthetic/8387fdd6-634a-41ae-ab6c-dd33aa19c6dd_flux_1789425337.png,s3://datagen-dev/f5ddba02-4295-48d9-8ad5-ba8583871323/08788e35-b887-4d04-9a7f-40b900d15569/coco.json,COCO,s3://datagen-dev/f5ddba02-4295-48d9-8ad5-ba8583871323/bc6ba36c-aa02-4630-a0ea-4150b9b69e36/Synthetic/8387fdd6-634a-41ae-ab6c-dd33aa19c6dd_flux_1789425337.png
s3://datagen-dev/f5ddba02-4295-48d9-8ad5-ba8583871323/bc6ba36c-aa02-4630-a0ea-4150b9b69e36/Synthetic/da8ccc7c-c4e4-4be3-b091-d3f11274d06c_flux_1789426750.png,s3://datagen-dev/f5ddba02-4295-48d9-8ad5-ba8583871323/08788e35-b887-4d04-9a7f-40b900d15569/coco.json,COCO,s3://datagen-dev/f5ddba02-4295-48d9-8ad5-ba8583871323/bc6ba36c-aa02-4630-a0ea-4150b9b69e36/Synthetic/da8ccc7c-c4e4-4be3-b091-d3f11274d06c_flux_1789426750.png
s3://datagen-dev/f5ddba02-4295-48d9-8ad5-ba8583871323/bc6ba36c-aa02-4630-a0ea-4150b9b69e36/Synthetic/f0f7f593-d173-4445-bf36-f1da5f1602b5_flux_1789422702.png,s3://datagen-dev/f5ddba02-4295-48d9-8ad5-ba8583871323/08788e35-b887-4d04-9a7f-40b900d15569/coco.json,COCO,s3://datagen-dev/f5ddba02-4295-48d9-8ad5-ba8583871323/bc6ba36c-aa02-4630-a0ea-4150b9b69e36/Synthetic/f0f7f593-d173-4445-bf36-f1da5f1602b5_flux_1789422702.png
s3://datagen-dev/f5ddba02-4295-48d9-8ad5-ba8583871323/bc6ba36c-aa02-4630-a0ea-4150b9b69e36/Synthetic/2b6359b5-a87b-4428-aa9c-f748dc9ef7d4_flux_1789424904.png,s3://datagen-dev/f5ddba02-4295-48d9-8ad5-ba8583871323/08788e35-b887-4d04-9a7f-40b900d15569/coco.json,COCO,s3://datagen-dev/f5ddba02-4295-48d9-8ad5-ba8583871323/bc6ba36c-aa02-4630-a0ea-4150b9b69e36/Synthetic/2b6359b5-a87b-4428-aa9c-f748dc9ef7d4_flux_1789424904.png
s3://datagen-dev/f5ddba02-4295-48d9-8ad5-ba8583871323/bc6ba36c-aa02-4630-a0ea-4150b9b69e36/Synthetic/4b96e5b8-a8e6-468a-888c-b64af6653897_flux_1789422833.png,s3://datagen-dev/f5ddba02-4295-48d9-8ad5-ba8583871323/08788e35-b887-4d04-9a7f-40b900d15569/coco.json,COCO,s3://datagen-dev/f5ddba02-4295-48d9-8ad5-ba8583871323/bc6ba36c-aa02-4630-a0ea-4150b9b69e36/Synthetic/4b96e5b8-a8e6-468a-888c-b64af6653897_flux_1789422833.png
s3://datagen-dev/f5ddba02-4295-48d9-8ad5-ba8583871323/bc6ba36c-aa02-4630-a0ea-4150b9b69e36/Synthetic/3d41c623-ac39-48ae-80ad-d9ae2d0aa4ef_flux_1789422829.png,s3://datagen-dev/f5ddba02-4295-48d9-8ad5-ba8583871323/08788e35-b887-4d04-9a7f-40b900d15569/coco.json,COCO,s3://datagen-dev/f5ddba02-4295-48d9-8ad5-ba8583871323/bc6ba36c-aa02-4630-a0ea-4150b9b69e36/Synthetic/3d41c623-ac39-48ae-80ad-d9ae2d0aa4ef_flux_1789422829.png
s3://datagen-dev/f5ddba02-4295-48d9-8ad5-ba8583871323/bc6ba36c-aa02-4630-a0ea-4150b9b69e36/Synthetic/36f249cb-b7fa-46da-a572-64cc2f40ba4f_flux_1789426359.png,s3://datagen-dev/f5ddba02-4295-48d9-8ad5-ba8583871323/08788e35-b887-4d04-9a7f-40b900d15569/coco.json,COCO,s3://datagen-dev/f5ddba02-4295-48d9-8ad5-ba8583871323/bc6ba36c-aa02-4630-a0ea-4150b9b69e36/Synthetic/36f249cb-b7fa-46da-a572-64cc2f40ba4f_flux_1789426359.png
s3://datagen-dev/f5ddba02-4295-48d9-8ad5-ba8583871323/bc6ba36c-aa02-4630-a0ea-4150b9b69e36/Synthetic/339103f0-8695-426c-b991-8020181e7681_flux_1789423208.png,s3://datagen-dev/f5ddba02-4295-48d9-8ad5-ba8583871323/08788e35-b887-4d04-9a7f-40b900d15569/coco.json,COCO,s3://datagen-dev/f5ddba02-4295-48d9-8ad5-ba8583871323/bc6ba36c-aa02-4630-a0ea-4150b9b69e36/Synthetic/339103f0-8695-426c-b991-8020181e7681_flux_1789423208.png
s3://datagen-dev/f5ddba02-4295-48d9-8ad5-ba8583871323/bc6ba36c-aa02-4630-a0ea-4150b9b69e36/Synthetic/18f9bfed-1ac8-4f7b-9496-8714246ab55d_flux_1789425771.png,s3://datagen-dev/f5ddba02-4295-48d9-8ad5-ba8583871323/08788e35-b887-4d04-9a7f-40b900d15569/coco.json,COCO,s3://datagen-dev/f5ddba02-4295-48d9-8ad5-ba8583871323/bc6ba36c-aa02-4630-a0ea-4150b9b69e36/Synthetic/18f9bfed-1ac8-4f7b-9496-8714246ab55d_flux_1789425771.png
s3://datagen-dev/f5ddba02-4295-48d9-8ad5-ba8583871323/bc6ba36c-aa02-4630-a0ea-4150b9b69e36/Synthetic/d83fdd81-52ef-4a68-8f48-bcb30b36055e_flux_1789423188.png,s3://datagen-dev/f5ddba02-4295-48d9-8ad5-ba8583871323/08788e35-b887-4d04-9a7f-40b900d15569/coco.json,COCO,s3://datagen-dev/f5ddba02-4295-48d9-8ad5-ba8583871323/bc6ba36c-aa02-4630-a0ea-4150b9b69e36/Synthetic/d83fdd81-52ef-4a68-8f48-bcb30b36055e_flux_1789423188.png
s3://datagen-dev/f5ddba02-4295-48d9-8ad5-ba8583871323/bc6ba36c-aa02-4630-a0ea-4150b9b69e36/Synthetic/29a504cf-8c56-4e03-b12f-f4b06f119a20_flux_1789426408.png,s3://datagen-dev/f5ddba02-4295-48d9-8ad5-ba8583871323/08788e35-b887-4d04-9a7f-40b900d15569/coco.json,COCO,s3://datagen-dev/f5ddba02-4295-48d9-8ad5-ba8583871323/bc6ba36c-aa02-4630-a0ea-4150b9b69e36/Synthetic/29a504cf-8c56-4e03-b12f-f4b06f119a20_flux_1789426408.png
s3://datagen-dev/f5ddba02-4295-48d9-8ad5-ba8583871323/bc6ba36c-aa02-4630-a0ea-4150b9b69e36/Synthetic/93d550b5-bca3-4ed1-8d48-cf13e178205e_flux_1789424936.png,s3://datagen-dev/f5ddba02-4295-48d9-8ad5-ba8583871323/08788e35-b887-4d04-9a7f-40b900d15569/coco.json,COCO,s3://datagen-dev/f5ddba02-4295-48d9-8ad5-ba8583871323/bc6ba36c-aa02-4630-a0ea-4150b9b69e36/Synthetic/93d550b5-bca3-4ed1-8d48-cf13e178205e_flux_1789424936.png
s3://datagen-dev/f5ddba02-4295-48d9-8ad5-ba8583871323/bc6ba36c-aa02-4630-a0ea-4150b9b69e36/Synthetic/4e27e06a-969a-48ce-a0b5-89d2bfef6228_flux_1789423712.png,s3://datagen-dev/f5ddba02-4295-48d9-8ad5-ba8583871323/08788e35-b887-4d04-9a7f-40b900d15569/coco.json,COCO,s3://datagen-dev/f5ddba02-4295-48d9-8ad5-ba8583871323/bc6ba36c-aa02-4630-a0ea-4150b9b69e36/Synthetic/4e27e06a-969a-48ce-a0b5-89d2bfef6228_flux_1789423712.png
s3://datagen-dev/f5ddba02-4295-48d9-8ad5-ba8583871323/bc6ba36c-aa02-4630-a0ea-4150b9b69e36/Synthetic/679a7094-3858-4c75-b755-86ef0cf8621b_flux_1789426754.png,s3://datagen-dev/f5ddba02-4295-48d9-8ad5-ba8583871323/08788e35-b887-4d04-9a7f-40b900d15569/coco.json,COCO,s3://datagen-dev/f5ddba02-4295-48d9-8ad5-ba8583871323/bc6ba36c-aa02-4630-a0ea-4150b9b69e36/Synthetic/679a7094-3858-4c75-b755-86ef0cf8621b_flux_1789426754.png
s3://datagen-dev/f5ddba02-4295-48d9-8ad5-ba8583871323/bc6ba36c-aa02-4630-a0ea-4150b9b69e36/Synthetic/d853cbbf-e0e5-4b20-ae73-e9e8040cbae4_flux_1789424924.png,s3://datagen-dev/f5ddba02-4295-48d9-8ad5-ba8583871323/08788e35-b887-4d04-9a7f-40b900d15569/coco.json,COCO,s3://datagen-dev/f5ddba02-4295-48d9-8ad5-ba8583871323/bc6ba36c-aa02-4630-a0ea-4150b9b69e36/Synthetic/d853cbbf-e0e5-4b20-ae73-e9e8040cbae4_flux_1789424924.png
s3://datagen-dev/f5ddba02-4295-48d9-8ad5-ba8583871323/bc6ba36c-aa02-4630-a0ea-4150b9b69e36/Synthetic/5c33491b-a85f-4b28-89f4-d2f53c46010f_flux_1789422867.png,s3://datagen-dev/f5ddba02-4295-48d9-8ad5-ba8583871323/08788e35-b887-4d04-9a7f-40b900d15569/coco.json,COCO,s3://datagen-dev/f5ddba02-4295-48d9-8ad5-ba8583871323/bc6ba36c-aa02-4630-a0ea-4150b9b69e36/Synthetic/5c33491b-a85f-4b28-89f4-d2f53c46010f_flux_1789422867.png
s3://datagen-dev/f5ddba02-4295-48d9-8ad5-ba8583871323/bc6ba36c-aa02-4630-a0ea-4150b9b69e36/Synthetic/524f744b-9b37-4b5b-8bab-f46c6a338198_flux_1789424788.png,s3://datagen-dev/f5ddba02-4295-48d9-8ad5-ba8583871323/08788e35-b887-4d04-9a7f-40b900d15569/coco.json,COCO,s3://datagen-dev/f5ddba02-4295-48d9-8ad5-ba8583871323/bc6ba36c-aa02-4630-a0ea-4150b9b69e36/Synthetic/524f744b-9b37-4b5b-8bab-f46c6a338198_flux_1789424788.png
s3://datagen-dev/f5ddba02-4295-48d9-8ad5-ba8583871323/bc6ba36c-aa02-4630-a0ea-4150b9b69e36/Synthetic/09099908-a1e6-4056-9830-fbd13d6b5d4b_flux_1789423857.png,s3://datagen-dev/f5ddba02-4295-48d9-8ad5-ba8583871323/08788e35-b887-4d04-9a7f-40b900d15569/coco.json,COCO,s3://datagen-dev/f5ddba02-4295-48d9-8ad5-ba8583871323/bc6ba36c-aa02-4630-a0ea-4150b9b69e36/Synthetic/09099908-a1e6-4056-9830-fbd13d6b5d4b_flux_1789423857.png
s3://datagen-dev/f5ddba02-4295-48d9-8ad5-ba8583871323/bc6ba36c-aa02-4630-a0ea-4150b9b69e36/Synthetic/c6db8505-4c69-491a-b700-cbdf39bb1f6e_flux_1789424191.png,s3://datagen-dev/f5ddba02-4295-48d9-8ad5-ba8583871323/08788e35-b887-4d04-9a7f-40b900d15569/coco.json,COCO,s3://datagen-dev/f5ddba02-4295-48d9-8ad5-ba8583871323/bc6ba36c-aa02-4630-a0ea-4150b9b69e36/Synthetic/c6db8505-4c69-491a-b700-cbdf39bb1f6e_flux_1789424191.png
s3://datagen-dev/f5ddba02-4295-48d9-8ad5-ba8583871323/bc6ba36c-aa02-4630-a0ea-4150b9b69e36/Synthetic/79f3f1c8-6d58-4725-b6f7-05af3bdf7038_flux_1789425841.png,s3://datagen-dev/f5ddba02-4295-48d9-8ad5-ba8583871323/08788e35-b887-4d04-9a7f-40b900d15569/coco.json,COCO,s3://datagen-dev/f5ddba02-4295-48d9-8ad5-ba8583871323/bc6ba36c-aa02-4630-a0ea-4150b9b69e36/Synthetic/79f3f1c8-6d58-4725-b6f7-05af3bdf7038_flux_1789425841.png
s3://datagen-dev/f5ddba02-4295-48d9-8ad5-ba8583871323/bc6ba36c-aa02-4630-a0ea-4150b9b69e36/Synthetic/310ccd19-81ca-4c3f-b643-2bfbeae09a1e_flux_1789424976.png,s3://datagen-dev/f5ddba02-4295-48d9-8ad5-ba8583871323/08788e35-b887-4d04-9a7f-40b900d15569/coco.json,COCO,s3://datagen-dev/f5ddba02-4295-48d9-8ad5-ba8583871323/bc6ba36c-aa02-4630-a0ea-4150b9b69e36/Synthetic/310ccd19-81ca-4c3f-b643-2bfbeae09a1e_flux_1789424976.png
s3://datagen-dev/f5ddba02-4295-48d9-8ad5-ba8583871323/bc6ba36c-aa02-4630-a0ea-4150b9b69e36/Synthetic/c6a28247-00e8-4283-935a-38b1bbb338c4_flux_1789424825.png,s3://datagen-dev/f5ddba02-4295-48d9-8ad5-ba8583871323/08788e35-b887-4d04-9a7f-40b900d15569/coco.json,COCO,s3://datagen-dev/f5ddba02-4295-48d9-8ad5-ba8583871323/bc6ba36c-aa02-4630-a0ea-4150b9b69e36/Synthetic/c6a28247-00e8-4283-935a-38b1bbb338c4_flux_1789424825.png
s3://datagen-dev/f5ddba02-4295-48d9-8ad5-ba8583871323/bc6ba36c-aa02-4630-a0ea-4150b9b69e36/Synthetic/4ebdd113-8603-4041-aa4e-7c0ee2afdfee_flux_1789424658.png,s3://datagen-dev/f5ddba02-4295-48d9-8ad5-ba8583871323/08788e35-b887-4d04-9a7f-40b900d15569/coco.json,COCO,s3://datagen-dev/f5ddba02-4295-48d9-8ad5-ba8583871323/bc6ba36c-aa02-4630-a0ea-4150b9b69e36/Synthetic/4ebdd113-8603-4041-aa4e-7c0ee2afdfee_flux_1789424658.png
s3://datagen-dev/f5ddba02-4295-48d9-8ad5-ba8583871323/bc6ba36c-aa02-4630-a0ea-4150b9b69e36/Synthetic/df1c86c6-1a2e-43bf-b005-fffbf824485c_flux_1789423663.png,s3://datagen-dev/f5ddba02-4295-48d9-8ad5-ba8583871323/08788e35-b887-4d04-9a7f-40b900d15569/coco.json,COCO,s3://datagen-dev/f5ddba02-4295-48d9-8ad5-ba8583871323/bc6ba36c-aa02-4630-a0ea-4150b9b69e36/Synthetic/df1c86c6-1a2e-43bf-b005-fffbf824485c_flux_1789423663.png
s3://datagen-dev/f5ddba02-4295-48d9-8ad5-ba8583871323/bc6ba36c-aa02-4630-a0ea-4150b9b69e36/Synthetic/d93c1d07-9720-40e7-a06b-f05e7ec1712b_flux_1789423249.png,s3://datagen-dev/f5ddba02-4295-48d9-8ad5-ba8583871323/08788e35-b887-4d04-9a7f-40b900d15569/coco.json,COCO,s3://datagen-dev/f5ddba02-4295-48d9-8ad5-ba8583871323/bc6ba36c-aa02-4630-a0ea-4150b9b69e36/Synthetic/d93c1d07-9720-40e7-a06b-f05e7ec1712b_flux_1789423249.png
s3://datagen-dev/f5ddba02-4295-48d9-8ad5-ba8583871323/bc6ba36c-aa02-4630-a0ea-4150b9b69e36/Synthetic/e3881b6f-5d90-4fb7-96d1-64163aa4ab11_flux_1789426058.png,s3://datagen-dev/f5ddba02-4295-48d9-8ad5-ba8583871323/08788e35-b887-4d04-9a7f-40b900d15569/coco.json,COCO,s3://datagen-dev/f5ddba02-4295-48d9-8ad5-ba8583871323/bc6ba36c-aa02-4630-a0ea-4150b9b69e36/Synthetic/e3881b6f-5d90-4fb7-96d1-64163aa4ab11_flux_1789426058.png
s3://datagen-dev/f5ddba02-4295-48d9-8ad5-ba8583871323/bc6ba36c-aa02-4630-a0ea-4150b9b69e36/Synthetic/4b6dbb84-f0a3-4234-98c6-50030a95f357_flux_1789423172.png,s3://datagen-dev/f5ddba02-4295-48d9-8ad5-ba8583871323/08788e35-b887-4d04-9a7f-40b900d15569/coco.json,COCO,s3://datagen-dev/f5ddba02-4295-48d9-8ad5-ba8583871323/bc6ba36c-aa02-4630-a0ea-4150b9b69e36/Synthetic/4b6dbb84-f0a3-4234-98c6-50030a95f357_flux_1789423172.png
s3://datagen-dev/f5ddba02-4295-48d9-8ad5-ba8583871323/bc6ba36c-aa02-4630-a0ea-4150b9b69e36/Synthetic/09cfc12d-2ce8-4dbe-8ba1-9e3a01cbd32f_flux_1789423774.png,s3://datagen-dev/f5ddba02-4295-48d9-8ad5-ba8583871323/08788e35-b887-4d04-9a7f-40b900d15569/coco.json,COCO,s3://datagen-dev/f5ddba02-4295-48d9-8ad5-ba8583871323/bc6ba36c-aa02-4630-a0ea-4150b9b69e36/Synthetic/09cfc12d-2ce8-4dbe-8ba1-9e3a01cbd32f_flux_1789423774.png
s3://datagen-dev/f5ddba02-4295-48d9-8ad5-ba8583871323/bc6ba36c-aa02-4630-a0ea-4150b9b69e36/Synthetic/13583713-efbb-4907-a9b6-c93a8f661885_flux_1789424373.png,s3://datagen-dev/f5ddba02-4295-48d9-8ad5-ba8583871323/08788e35-b887-4d04-9a7f-40b900d15569/coco.json,COCO,s3://datagen-dev/f5ddba02-4295-48d9-8ad5-ba8583871323/bc6ba36c-aa02-4630-a0ea-4150b9b69e36/Synthetic/13583713-efbb-4907-a9b6-c93a8f661885_flux_1789424373.png
s3://datagen-dev/f5ddba02-4295-48d9-8ad5-ba8583871323/bc6ba36c-aa02-4630-a0ea-4150b9b69e36/Synthetic/68b39ea7-a958-4a0f-9bf9-4a54f6cae30e_flux_1789424141.png,s3://datagen-dev/f5ddba02-4295-48d9-8ad5-ba8583871323/08788e35-b887-4d04-9a7f-40b900d15569/coco.json,COCO,s3://datagen-dev/f5ddba02-4295-48d9-8ad5-ba8583871323/bc6ba36c-aa02-4630-a0ea-4150b9b69e36/Synthetic/68b39ea7-a958-4a0f-9bf9-4a54f6cae30e_flux_1789424141.png
s3://datagen-dev/f5ddba02-4295-48d9-8ad5-ba8583871323/bc6ba36c-aa02-4630-a0ea-4150b9b69e36/Synthetic/aaf70e14-9e36-4242-829a-3b03a3afe355_flux_1789425667.png,s3://datagen-dev/f5ddba02-4295-48d9-8ad5-ba8583871323/08788e35-b887-4d04-9a7f-40b900d15569/coco.json,COCO,s3://datagen-dev/f5ddba02-4295-48d9-8ad5-ba8583871323/bc6ba36c-aa02-4630-a0ea-4150b9b69e36/Synthetic/aaf70e14-9e36-4242-829a-3b03a3afe355_flux_1789425667.png
s3://datagen-dev/f5ddba02-4295-48d9-8ad5-ba8583871323/bc6ba36c-aa02-4630-a0ea-4150b9b69e36/Synthetic/9c6727ff-c133-4d39-92d6-add637a6456e_flux_1789424960.png,s3://datagen-dev/f5ddba02-4295-48d9-8ad5-ba8583871323/08788e35-b887-4d04-9a7f-40b900d15569/coco.json,COCO,s3://datagen-dev/f5ddba02-4295-48d9-8ad5-ba8583871323/bc6ba36c-aa02-4630-a0ea-4150b9b69e36/Synthetic/9c6727ff-c133-4d39-92d6-add637a6456e_flux_1789424960.png
s3://datagen-dev/f5ddba02-4295-48d9-8ad5-ba8583871323/bc6ba36c-aa02-4630-a0ea-4150b9b69e36/Synthetic/17a6137a-ed85-4fae-ac34-cfdc033e81a3_flux_1789424518.png,s3://datagen-dev/f5ddba02-4295-48d9-8ad5-ba8583871323/08788e35-b887-4d04-9a7f-40b900d15569/coco.json,COCO,s3://datagen-dev/f5ddba02-4295-48d9-8ad5-ba8583871323/bc6ba36c-aa02-4630-a0ea-4150b9b69e36/Synthetic/17a6137a-ed85-4fae-ac34-cfdc033e81a3_flux_1789424518.png
s3://datagen-dev/f5ddba02-4295-48d9-8ad5-ba8583871323/bc6ba36c-aa02-4630-a0ea-4150b9b69e36/Synthetic/8e1ed6ac-69eb-42bb-ad0d-f079bc6fa52e_flux_1789424800.png,s3://datagen-dev/f5ddba02-4295-48d9-8ad5-ba8583871323/08788e35-b887-4d04-9a7f-40b900d15569/coco.json,COCO,s3://datagen-dev/f5ddba02-4295-48d9-8ad5-ba8583871323/bc6ba36c-aa02-4630-a0ea-4150b9b69e36/Synthetic/8e1ed6ac-69eb-42bb-ad0d-f079bc6fa52e_flux_1789424800.png
s3://datagen-dev/f5ddba02-4295-48d9-8ad5-ba8583871323/bc6ba36c-aa02-4630-a0ea-4150b9b69e36/Synthetic/4ba003d2-ad20-42a2-8aa1-5d77b4f5d0b8_flux_1789423667.png,s3://datagen-dev/f5ddba02-4295-48d9-8ad5-ba8583871323/08788e35-b887-4d04-9a7f-40b900d15569/coco.json,COCO,s3://datagen-dev/f5ddba02-4295-48d9-8ad5-ba8583871323/bc6ba36c-aa02-4630-a0ea-4150b9b69e36/Synthetic/4ba003d2-ad20-42a2-8aa1-5d77b4f5d0b8_flux_1789423667.png
s3://datagen-dev/f5ddba02-4295-48d9-8ad5-ba8583871323/bc6ba36c-aa02-4630-a0ea-4150b9b69e36/Synthetic/71bb8c8f-96e1-445b-b251-93aae862adb9_flux_1789425123.png,s3://datagen-dev/f5ddba02-4295-48d9-8ad5-ba8583871323/08788e35-b887-4d04-9a7f-40b900d15569/coco.json,COCO,s3://datagen-dev/f5ddba02-4295-48d9-8ad5-ba8583871323/bc6ba36c-aa02-4630-a0ea-4150b9b69e36/Synthetic/71bb8c8f-96e1-445b-b251-93aae862adb9_flux_1789425123.png
s3://datagen-dev/f5ddba02-4295-48d9-8ad5-ba8583871323/bc6ba36c-aa02-4630-a0ea-4150b9b69e36/Synthetic/38e462e6-ce2a-4108-aaf7-0696005477fb_flux_1789426145.png,s3://datagen-dev/f5ddba02-4295-48d9-8ad5-ba8583871323/08788e35-b887-4d04-9a7f-40b900d15569/coco.json,COCO,s3://datagen-dev/f5ddba02-4295-48d9-8ad5-ba8583871323/bc6ba36c-aa02-4630-a0ea-4150b9b69e36/Synthetic/38e462e6-ce2a-4108-aaf7-0696005477fb_flux_1789426145.png
s3://datagen-dev/f5ddba02-4295-48d9-8ad5-ba8583871323/bc6ba36c-aa02-4630-a0ea-4150b9b69e36/Synthetic/e179d27f-627c-4950-af04-0a96793f88b5_flux_1789426487.png,s3://datagen-dev/f5ddba02-4295-48d9-8ad5-ba8583871323/08788e35-b887-4d04-9a7f-40b900d15569/coco.json,COCO,s3://datagen-dev/f5ddba02-4295-48d9-8ad5-ba8583871323/bc6ba36c-aa02-4630-a0ea-4150b9b69e36/Synthetic/e179d27f-627c-4950-af04-0a96793f88b5_flux_1789426487.png
s3://datagen-dev/f5ddba02-4295-48d9-8ad5-ba8583871323/bc6ba36c-aa02-4630-a0ea-4150b9b69e36/Synthetic/e48775bf-2b6b-43d9-b390-bceefa637117_flux_1789425176.png,s3://datagen-dev/f5ddba02-4295-48d9-8ad5-ba8583871323/08788e35-b887-4d04-9a7f-40b900d15569/coco.json,COCO,s3://datagen-dev/f5ddba02-4295-48d9-8ad5-ba8583871323/bc6ba36c-aa02-4630-a0ea-4150b9b69e36/Synthetic/e48775bf-2b6b-43d9-b390-bceefa637117_flux_1789425176.png
s3://datagen-dev/f5ddba02-4295-48d9-8ad5-ba8583871323/bc6ba36c-aa02-4630-a0ea-4150b9b69e36/Synthetic/2ee64d31-4c6a-41e6-8e4f-1f6871f9d2df_flux_1789423572.png,s3://datagen-dev/f5ddba02-4295-48d9-8ad5-ba8583871323/08788e35-b887-4d04-9a7f-40b900d15569/coco.json,COCO,s3://datagen-dev/f5ddba02-4295-48d9-8ad5-ba8583871323/bc6ba36c-aa02-4630-a0ea-4150b9b69e36/Synthetic/2ee64d31-4c6a-41e6-8e4f-1f6871f9d2df_flux_1789423572.png
s3://datagen-dev/f5ddba02-4295-48d9-8ad5-ba8583871323/bc6ba36c-aa02-4630-a0ea-4150b9b69e36/Synthetic/733ecb5b-d9a5-4acf-8ebb-0773fa627b9e_flux_1789422966.png,s3://datagen-dev/f5ddba02-4295-48d9-8ad5-ba8583871323/08788e35-b887-4d04-9a7f-40b900d15569/coco.json,COCO,s3://datagen-dev/f5ddba02-4295-48d9-8ad5-ba8583871323/bc6ba36c-aa02-4630-a0ea-4150b9b69e36/Synthetic/733ecb5b-d9a5-4acf-8ebb-0773fa627b9e_flux_1789422966.png
s3://datagen-dev/f5ddba02-4295-48d9-8ad5-ba8583871323/bc6ba36c-aa02-4630-a0ea-4150b9b69e36/Synthetic/1b9ec1a6-d028-4ab2-ab00-94847a1c1cdb_flux_1789425078.png,s3://datagen-dev/f5ddba02-4295-48d9-8ad5-ba8583871323/08788e35-b887-4d04-9a7f-40b900d15569/coco.json,COCO,s3://datagen-dev/f5ddba02-4295-48d9-8ad5-ba8583871323/bc6ba36c-aa02-4630-a0ea-4150b9b69e36/Synthetic/1b9ec1a6-d028-4ab2-ab00-94847a1c1cdb_flux_1789425078.png
