context_id,input_query,s3_path,environment_original,weather_condition_original,visibility_original,vehicle_type_original,vehicle_count_original,region_original,pavement_color_original,truck_count_original,truck_color_original,vehicle_color_original,image_angle_original,objects_of_interest_original,mask,s3_lora_uri,lora_trigger_word,split
3fa73564-7af2-424c-8355-04937d83a322,"A foggy rural highway in the northeast USA with hazy visibility and gray pavement, featuring a moderate number of varied-colored SUVs and one red Ford F150 truck at street level, serving as the primary point of interest.",f5ddba02-4295-48d9-8ad5-ba8583871323/bc6ba36c-aa02-4630-a0ea-4150b9b69e36/Synthetic/3fa73564-7af2-424c-8355-04937d83a322_flux_1789424310.png,rural highways,foggy,hazy,SUVs,moderate number of vehicles,northeast USA,gray,one truck (Ford F150),red,varied colors,street-level,truck,,s3://auto-lora/f5ddba02-4295-48d9-8ad5-ba8583871323/1466b03e-841d-4c45-975e-c6900af67662/lora_weights.safetensors,$txc,train
e20a4238-de51-4369-830a-e994e1d574ce,"An overhead view of a foggy urban highway in the southwest USA with hazy visibility and gray pavement, featuring very few varied-colored SUVs and one red Ford F150 truck.",f5ddba02-4295-48d9-8ad5-ba8583871323/bc6ba36c-aa02-4630-a0ea-4150b9b69e36/Synthetic/e20a4238-de51-4369-830a-e994e1d574ce_flux_1789424662.png,urban highways,foggy,hazy,SUVs,very few vehicles,southwest USA,gray,one truck (Ford F150),red,varied colors,overhead,car,,s3://auto-lora/f5ddba02-4295-48d9-8ad5-ba8583871323/1466b03e-841d-4c45-975e-c6900af67662/lora_weights.safetensors,$txc,train
7d448133-69ed-43a5-9deb-dd974814a651,"A rural highway in the southwest USA with a high density of vehicles, including a white Ford F150 truck, under sunny but hazy conditions; the street-level view shows gray pavement and variously colored cars and trucks, with one white Ford F150 standing out; a motorcycle is also visible in the scene.",f5ddba02-4295-48d9-8ad5-ba8583871323/bc6ba36c-aa02-4630-a0ea-4150b9b69e36/Synthetic/7d448133-69ed-43a5-9deb-dd974814a651_flux_1789424563.png,rural highways,sunny,hazy,trucks (Ford F150),high density of vehicles,southwest USA,gray,one truck (Ford F150),white,varied colors,street-level,motorcycle,,s3://auto-lora/f5ddba02-4295-48d9-8ad5-ba8583871323/1466b03e-841d-4c45-975e-c6900af67662/lora_weights.safetensors,$txc,train
d5f04948-4775-456e-86bf-169058df4c51,"An urban highway in the southeast USA with gray pavement, visible in a hazy, rainy environment from street level; very few vehicles are present, including varied-colored motorcycles and one blue Ford F150 truck, with cars being the primary objects of interest.",f5ddba02-4295-48d9-8ad5-ba8583871323/bc6ba36c-aa02-4630-a0ea-4150b9b69e36/Synthetic/d5f04948-4775-456e-86bf-169058df4c51_flux_1789426124.png,urban highways,rainy,hazy,motorcycles,very few vehicles,southeast USA,gray,one truck (Ford F150),blue,varied colors,street-level,car,,s3://auto-lora/f5ddba02-4295-48d9-8ad5-ba8583871323/1466b03e-841d-4c45-975e-c6900af67662/lora_weights.safetensors,$txc,train
c4b74337-92cd-431a-ad87-c699c6490fbf,"An overhead view of a foggy urban highway in the southwest USA with red-brown pavement, very few motorcycles, one red Ford F150 truck, and varied motorcycle colors.",f5ddba02-4295-48d9-8ad5-ba8583871323/bc6ba36c-aa02-4630-a0ea-4150b9b69e36/Synthetic/c4b74337-92cd-431a-ad87-c699c6490fbf_flux_1789422949.png,urban highways,foggy,clear,motorcycles,very few vehicles,southwest USA,red-brown,one truck (Ford F150),red,varied colors,overhead,truck,,s3://auto-lora/f5ddba02-4295-48d9-8ad5-ba8583871323/1466b03e-841d-4c45-975e-c6900af67662/lora_weights.safetensors,$txc,train
8fc749d2-963f-4487-90ae-b351a9889277,"A rural highway in the southwest USA with a hazy sunny sky, red-brown pavement, and very few motorcycles visible at street level; one gray Ford F150 truck is also present, and motorcycles come in varied colors.",f5ddba02-4295-48d9-8ad5-ba8583871323/bc6ba36c-aa02-4630-a0ea-4150b9b69e36/Synthetic/8fc749d2-963f-4487-90ae-b351a9889277_flux_1789424780.png,rural highways,sunny,hazy,motorcycles,very few vehicles,southwest USA,red-brown,one truck (Ford F150),gray,varied colors,street-level,motorcycle,,s3://auto-lora/f5ddba02-4295-48d9-8ad5-ba8583871323/1466b03e-841d-4c45-975e-c6900af67662/lora_weights.safetensors,$txc,train
7b672dba-dd31-43bb-8075-4bffcca39594,"An overhead view of a rural highway in the northeast USA with gray pavement, sunny weather, and active precipitation; very few sedans are visible, one blue Ford F150 truck is present, and varied vehicle colors are noted, with a motorcycle as the object of interest.",f5ddba02-4295-48d9-8ad5-ba8583871323/bc6ba36c-aa02-4630-a0ea-4150b9b69e36/Synthetic/7b672dba-dd31-43bb-8075-4bffcca39594_flux_1789422800.png,rural highways,sunny,active precipitation,sedans,very few vehicles,northeast USA,gray,one truck (Ford F150),blue,varied colors,overhead,motorcycle,,s3://auto-lora/f5ddba02-4295-48d9-8ad5-ba8583871323/1466b03e-841d-4c45-975e-c6900af67662/lora_weights.safetensors,$txc,train
3b669dce-07f2-49e3-a539-1c854ad2918e,"A foggy rural highway in the northeast USA with gray pavement and moderate number of vehicles, including one white Ford F150 truck, at street level; visibility is clear.",f5ddba02-4295-48d9-8ad5-ba8583871323/bc6ba36c-aa02-4630-a0ea-4150b9b69e36/Synthetic/3b669dce-07f2-49e3-a539-1c854ad2918e_flux_1789424526.png,rural highways,foggy,clear,trucks (Ford F150),moderate number of vehicles,northeast USA,gray,one truck (Ford F150),white,varied colors,street-level,car,,s3://auto-lora/f5ddba02-4295-48d9-8ad5-ba8583871323/1466b03e-841d-4c45-975e-c6900af67662/lora_weights.safetensors,$txc,train
be2ebb63-f7fa-4c2c-aaf0-193429c1664c,"An overhead view of a rural highway in the southwest USA with gray pavement, foggy weather and active precipitation, showing very few vehicles including varied colored motorcycles and one blue Ford F150 truck, with a focus on an approaching car.",f5ddba02-4295-48d9-8ad5-ba8583871323/bc6ba36c-aa02-4630-a0ea-4150b9b69e36/Synthetic/be2ebb63-f7fa-4c2c-aaf0-193429c1664c_flux_1789426050.png,rural highways,foggy,active precipitation,motorcycles,very few vehicles,southwest USA,gray,one truck (Ford F150),blue,varied colors,overhead,car,,s3://auto-lora/f5ddba02-4295-48d9-8ad5-ba8583871323/1466b03e-841d-4c45-975e-c6900af67662/lora_weights.safetensors,$txc,train
838db186-e911-44e8-8eea-5e058f6d5633,"An overhead view of rural highways in the southwest USA with foggy weather and clear visibility, showing very few vehicles including varied colored buses and one red Ford F150 truck, with a motorcycle also visible as an object of interest on the gray pavement.",f5ddba02-4295-48d9-8ad5-ba8583871323/bc6ba36c-aa02-4630-a0ea-4150b9b69e36/Synthetic/838db186-e911-44e8-8eea-5e058f6d5633_flux_1789423098.png,rural highways,foggy,clear,buses,very few vehicles,southwest USA,gray,one truck (Ford F150),red,varied colors,overhead,motorcycle,,s3://auto-lora/f5ddba02-4295-48d9-8ad5-ba8583871323/1466b03e-841d-4c45-975e-c6900af67662/lora_weights.safetensors,$txc,train
6c2d7565-1062-403b-82df-c45bd9394e4f,"A rural highway in the southwest USA with a red-brown pavement, sunny weather and active precipitation, features a moderate number of sedans and one blue Ford F150 truck at street level, the vehicles display varied colors.",f5ddba02-4295-48d9-8ad5-ba8583871323/bc6ba36c-aa02-4630-a0ea-4150b9b69e36/Synthetic/6c2d7565-1062-403b-82df-c45bd9394e4f_flux_1789425791.png,rural highways,sunny,active precipitation,sedans,moderate number of vehicles,southwest USA,red-brown,one truck (Ford F150),blue,varied colors,street-level,truck,,s3://auto-lora/f5ddba02-4295-48d9-8ad5-ba8583871323/1466b03e-841d-4c45-975e-c6900af67662/lora_weights.safetensors,$txc,train
34437ada-3415-4602-9c57-055fad41884a,"An overhead view of a foggy urban highway in the northeast USA with active precipitation, featuring a moderate number of sedans and one black Ford F150 truck on a red-brown pavement, the primary focus being the truck.",f5ddba02-4295-48d9-8ad5-ba8583871323/bc6ba36c-aa02-4630-a0ea-4150b9b69e36/Synthetic/34437ada-3415-4602-9c57-055fad41884a_flux_1789426450.png,urban highways,foggy,active precipitation,sedans,moderate number of vehicles,northeast USA,red-brown,one truck (Ford F150),black,varied colors,overhead,truck,,s3://auto-lora/f5ddba02-4295-48d9-8ad5-ba8583871323/1466b03e-841d-4c45-975e-c6900af67662/lora_weights.safetensors,$txc,train
f644cc56-02f5-48b5-82e1-b85f8720ac83,"An urban highway in the southeast USA with a snowy but clear weather condition, featuring a street-level view of very few vehicles, including one gray Ford F150 truck on red-brown pavement, and various colored cars.",f5ddba02-4295-48d9-8ad5-ba8583871323/bc6ba36c-aa02-4630-a0ea-4150b9b69e36/Synthetic/f644cc56-02f5-48b5-82e1-b85f8720ac83_flux_1789425111.png,urban highways,snowy,clear,trucks (Ford F150),very few vehicles,southeast USA,red-brown,one truck (Ford F150),gray,varied colors,street-level,car,,s3://auto-lora/f5ddba02-4295-48d9-8ad5-ba8583871323/1466b03e-841d-4c45-975e-c6900af67662/lora_weights.safetensors,$txc,train
2eb8fdfc-8c89-4301-844b-07d8b05b81e3,"An overhead view of a rural highway in the northeast USA with foggy weather and active precipitation, showing very few vehicles including varied colored buses and one blue Ford F150 truck, where the primary focus is a motorcycle visible on the gray pavement.",f5ddba02-4295-48d9-8ad5-ba8583871323/bc6ba36c-aa02-4630-a0ea-4150b9b69e36/Synthetic/2eb8fdfc-8c89-4301-844b-07d8b05b81e3_flux_1789423902.png,rural highways,foggy,active precipitation,buses,very few vehicles,northeast USA,gray,one truck (Ford F150),blue,varied colors,overhead,motorcycle,,s3://auto-lora/f5ddba02-4295-48d9-8ad5-ba8583871323/1466b03e-841d-4c45-975e-c6900af67662/lora_weights.safetensors,$txc,train
4127f0b8-6b42-4a15-b7be-cafc750660ed,"A rural highway in the southwest USA with a high density of buses and varied vehicle colors under sunny but hazy conditions; a gray pavement stretches ahead, and a blue Ford F150 truck is visible in the distance, while multiple motorcycles can be seen at street level.",f5ddba02-4295-48d9-8ad5-ba8583871323/bc6ba36c-aa02-4630-a0ea-4150b9b69e36/Synthetic/4127f0b8-6b42-4a15-b7be-cafc750660ed_flux_1789426285.png,rural highways,sunny,hazy,buses,high density of vehicles,southwest USA,gray,one truck (Ford F150),blue,varied colors,street-level,motorcycle,,s3://auto-lora/f5ddba02-4295-48d9-8ad5-ba8583871323/1466b03e-841d-4c45-975e-c6900af67662/lora_weights.safetensors,$txc,train
d7c04217-4224-4d23-aa76-6a8a58c7be21,"An overhead view of a rural highway in the southwest USA with gray pavement and foggy weather, showing very few vehicles and one white Ford F150 truck as the primary object of interest.",f5ddba02-4295-48d9-8ad5-ba8583871323/bc6ba36c-aa02-4630-a0ea-4150b9b69e36/Synthetic/d7c04217-4224-4d23-aa76-6a8a58c7be21_flux_1789425366.png,rural highways,foggy,clear,SUVs,very few vehicles,southwest USA,gray,one truck (Ford F150),white,varied colors,overhead,truck,,s3://auto-lora/f5ddba02-4295-48d9-8ad5-ba8583871323/1466b03e-841d-4c45-975e-c6900af67662/lora_weights.safetensors,$txc,train
959a6092-9e58-413c-a5fc-ed7cbf9cd08c,"An overhead view of rural highways in the southwest USA with active precipitation; the road surface is red-brown and features a high density of SUVs in varied colors, alongside one red Ford F150 truck.",f5ddba02-4295-48d9-8ad5-ba8583871323/bc6ba36c-aa02-4630-a0ea-4150b9b69e36/Synthetic/959a6092-9e58-413c-a5fc-ed7cbf9cd08c_flux_1789426264.png,rural highways,rainy,active precipitation,SUVs,high density of vehicles,southwest USA,red-brown,one truck (Ford F150),red,varied colors,overhead,truck,,s3://auto-lora/f5ddba02-4295-48d9-8ad5-ba8583871323/1466b03e-841d-4c45-975e-c6900af67662/lora_weights.safetensors,$txc,train
0ad860b1-c750-4762-be34-fa8993855e88,"An urban highway in the northeast USA with sunny and clear weather conditions, featuring a street-level view of a moderate number of sedans in varied colors, one black Ford F150 truck, and red-brown pavement, with a bus as the primary object of interest.",f5ddba02-4295-48d9-8ad5-ba8583871323/bc6ba36c-aa02-4630-a0ea-4150b9b69e36/Synthetic/0ad860b1-c750-4762-be34-fa8993855e88_flux_1789423061.png,urban highways,sunny,clear,sedans,moderate number of vehicles,northeast USA,red-brown,one truck (Ford F150),black,varied colors,street-level,bus,,s3://auto-lora/f5ddba02-4295-48d9-8ad5-ba8583871323/1466b03e-841d-4c45-975e-c6900af67662/lora_weights.safetensors,$txc,train
b37a0315-4391-43b8-a882-4e752129a51c,"A rural highway in the southeast USA with a sunny but hazy sky, featuring a street-level view of gray pavement and a moderate number of buses; one gray Ford F150 truck is also present, and buses come in varied colors.",f5ddba02-4295-48d9-8ad5-ba8583871323/bc6ba36c-aa02-4630-a0ea-4150b9b69e36/Synthetic/b37a0315-4391-43b8-a882-4e752129a51c_flux_1789425783.png,rural highways,sunny,hazy,buses,moderate number of vehicles,southeast USA,gray,one truck (Ford F150),gray,varied colors,street-level,bus,,s3://auto-lora/f5ddba02-4295-48d9-8ad5-ba8583871323/1466b03e-841d-4c45-975e-c6900af67662/lora_weights.safetensors,$txc,train
9228a713-88a4-4612-ac70-eaa5a4222616,"An overhead view of an urban highway in the northeast USA during rainy weather with clear visibility, featuring very few vehicles and one blue Ford F150 truck among varied colored SUVs on gray pavement.",f5ddba02-4295-48d9-8ad5-ba8583871323/bc6ba36c-aa02-4630-a0ea-4150b9b69e36/Synthetic/9228a713-88a4-4612-ac70-eaa5a4222616_flux_1789423947.png,urban highways,rainy,clear,SUVs,very few vehicles,northeast USA,gray,one truck (Ford F150),blue,varied colors,overhead,truck,,s3://auto-lora/f5ddba02-4295-48d9-8ad5-ba8583871323/1466b03e-841d-4c45-975e-c6900af67662/lora_weights.safetensors,$txc,train
91d7fee1-b726-4bea-afa4-e614747eb534,"An overhead view of a snowy urban highway in the northeast USA with a high density of buses and varied vehicle colors, clear visibility, red-brown pavement, and one gray Ford F150 truck; a motorcycle is also present.",f5ddba02-4295-48d9-8ad5-ba8583871323/bc6ba36c-aa02-4630-a0ea-4150b9b69e36/Synthetic/91d7fee1-b726-4bea-afa4-e614747eb534_flux_1789424183.png,urban highways,snowy,clear,buses,high density of vehicles,northeast USA,red-brown,one truck (Ford F150),gray,varied colors,overhead,motorcycle,,s3://auto-lora/f5ddba02-4295-48d9-8ad5-ba8583871323/1466b03e-841d-4c45-975e-c6900af67662/lora_weights.safetensors,$txc,train
4d33b25e-7c08-4372-83bb-7fb82c06599c,"An urban highway in the northeast USA with foggy conditions and active precipitation, showing a high density of SUVs and varied vehicle colors from street level, including one red Ford F150 truck, and a notable bus among the vehicles on the gray pavement.",f5ddba02-4295-48d9-8ad5-ba8583871323/bc6ba36c-aa02-4630-a0ea-4150b9b69e36/Synthetic/4d33b25e-7c08-4372-83bb-7fb82c06599c_flux_1789424964.png,urban highways,foggy,active precipitation,SUVs,high density of vehicles,northeast USA,gray,one truck (Ford F150),red,varied colors,street-level,bus,,s3://auto-lora/f5ddba02-4295-48d9-8ad5-ba8583871323/1466b03e-841d-4c45-975e-c6900af67662/lora_weights.safetensors,$txc,train
5bebbfaa-0e77-4e84-b863-33d1319ac3eb,"An overhead view of rural highways in the southwest USA during rainy weather with clear visibility and a moderate number of motorcycles; one blue Ford F150 truck is present, while vehicles display varied colors.",f5ddba02-4295-48d9-8ad5-ba8583871323/bc6ba36c-aa02-4630-a0ea-4150b9b69e36/Synthetic/5bebbfaa-0e77-4e84-b863-33d1319ac3eb_flux_1789423527.png,rural highways,rainy,clear,motorcycles,moderate number of vehicles,southwest USA,gray,one truck (Ford F150),blue,varied colors,overhead,truck,,s3://auto-lora/f5ddba02-4295-48d9-8ad5-ba8583871323/1466b03e-841d-4c45-975e-c6900af67662/lora_weights.safetensors,$txc,train
dd9e8f34-c08e-4e2f-bfb3-b926f9e1e50c,"An overhead view of rural highways in the southeast USA with sunny and clear weather conditions, featuring a moderate number of SUVs in varied colors and one gray Ford F150 truck on a red-brown pavement.",f5ddba02-4295-48d9-8ad5-ba8583871323/bc6ba36c-aa02-4630-a0ea-4150b9b69e36/Synthetic/dd9e8f34-c08e-4e2f-bfb3-b926f9e1e50c_flux_1789423024.png,rural highways,sunny,clear,SUVs,moderate number of vehicles,southeast USA,red-brown,one truck (Ford F150),gray,varied colors,overhead,truck,,s3://auto-lora/f5ddba02-4295-48d9-8ad5-ba8583871323/1466b03e-841d-4c45-975e-c6900af67662/lora_weights.safetensors,$txc,train
25445a19-13f4-4799-8a63-f7ee885f924f,"An overhead view of a rural highway in the southeast USA with a foggy, hazy weather condition, featuring very few vehicles of varied colors and one white Ford F150 truck. The pavement is red-brown.",f5ddba02-4295-48d9-8ad5-ba8583871323/bc6ba36c-aa02-4630-a0ea-4150b9b69e36/Synthetic/25445a19-13f4-4799-8a63-f7ee885f924f_flux_1789422887.png,rural highways,foggy,hazy,buses,very few vehicles,southeast USA,red-brown,one truck (Ford F150),white,varied colors,overhead,truck,,s3://auto-lora/f5ddba02-4295-48d9-8ad5-ba8583871323/1466b03e-841d-4c45-975e-c6900af67662/lora_weights.safetensors,$txc,train
9d67b87b-7f38-44f4-ab65-991510ad55be,"An urban highway in the southeast USA with red-brown pavement and active snow precipitation has very few vehicles, including one white Ford F150 truck, while objects of interest consist of a motorcycle visible at street level.",f5ddba02-4295-48d9-8ad5-ba8583871323/bc6ba36c-aa02-4630-a0ea-4150b9b69e36/Synthetic/9d67b87b-7f38-44f4-ab65-991510ad55be_flux_1789426412.png,urban highways,snowy,active precipitation,trucks (Ford F150),very few vehicles,southeast USA,red-brown,one truck (Ford F150),white,varied colors,street-level,motorcycle,,s3://auto-lora/f5ddba02-4295-48d9-8ad5-ba8583871323/1466b03e-841d-4c45-975e-c6900af67662/lora_weights.safetensors,$txc,train
d527665d-fc3b-4f87-8f4a-ede2e5642d22,"An overhead view of a foggy urban highway in the southwest USA with active precipitation, featuring a high density of vehicles and one blue Ford F150 truck among them on red-brown pavement.",f5ddba02-4295-48d9-8ad5-ba8583871323/bc6ba36c-aa02-4630-a0ea-4150b9b69e36/Synthetic/d527665d-fc3b-4f87-8f4a-ede2e5642d22_flux_1789422912.png,urban highways,foggy,active precipitation,trucks (Ford F150),high density of vehicles,southwest USA,red-brown,one truck (Ford F150),blue,varied colors,overhead,truck,,s3://auto-lora/f5ddba02-4295-48d9-8ad5-ba8583871323/1466b03e-841d-4c45-975e-c6900af67662/lora_weights.safetensors,$txc,train
3fd47345-0a83-41b6-b6a6-7e631987416f,"An urban highway in the northeast USA with a sunny but hazy sky, featuring red-brown pavement and very few vehicles of varied colors, including one street-level Ford F150 truck angled black, viewed from a street-level perspective.",f5ddba02-4295-48d9-8ad5-ba8583871323/bc6ba36c-aa02-4630-a0ea-4150b9b69e36/Synthetic/3fd47345-0a83-41b6-b6a6-7e631987416f_flux_1789426293.png,urban highways,sunny,hazy,SUVs,very few vehicles,northeast USA,red-brown,one truck (Ford F150),black,varied colors,street-level,car,,s3://auto-lora/f5ddba02-4295-48d9-8ad5-ba8583871323/1466b03e-841d-4c45-975e-c6900af67662/lora_weights.safetensors,$txc,train
7729ac59-d551-417b-b5b0-ce577f194e8a,"A snowy rural highway in the northeast USA with active precipitation, featuring a street-level view of moderate number of SUVs in varied colors and one black Ford F150 truck, set against a red-brown pavement.",f5ddba02-4295-48d9-8ad5-ba8583871323/bc6ba36c-aa02-4630-a0ea-4150b9b69e36/Synthetic/7729ac59-d551-417b-b5b0-ce577f194e8a_flux_1789424059.png,rural highways,snowy,active precipitation,SUVs,moderate number of vehicles,northeast USA,red-brown,one truck (Ford F150),black,varied colors,street-level,car,,s3://auto-lora/f5ddba02-4295-48d9-8ad5-ba8583871323/1466b03e-841d-4c45-975e-c6900af67662/lora_weights.safetensors,$txc,train
39690d5b-f060-419b-ba67-3d0e912769e0,"An overhead view of an urban highway in the southwest USA with red-brown pavement and clear visibility despite rainy weather; very few motorcycles are present, one white Ford F150 truck is visible, and various colored vehicles including a bus are also seen.",f5ddba02-4295-48d9-8ad5-ba8583871323/bc6ba36c-aa02-4630-a0ea-4150b9b69e36/Synthetic/39690d5b-f060-419b-ba67-3d0e912769e0_flux_1789426479.png,urban highways,rainy,clear,motorcycles,very few vehicles,southwest USA,red-brown,one truck (Ford F150),white,varied colors,overhead,bus,,s3://auto-lora/f5ddba02-4295-48d9-8ad5-ba8583871323/1466b03e-841d-4c45-975e-c6900af67662/lora_weights.safetensors,$txc,train
9cfde939-8035-43e5-ae37-fa4c83b6bb1c,"An overhead view of an urban highway in the northeast USA with active snow precipitation, featuring a moderate number of motorcycles in varied colors and one blue Ford F150 truck, all against a gray pavement environment.",f5ddba02-4295-48d9-8ad5-ba8583871323/bc6ba36c-aa02-4630-a0ea-4150b9b69e36/Synthetic/9cfde939-8035-43e5-ae37-fa4c83b6bb1c_flux_1789424509.png,urban highways,snowy,active precipitation,motorcycles,moderate number of vehicles,northeast USA,gray,one truck (Ford F150),blue,varied colors,overhead,car,,s3://auto-lora/f5ddba02-4295-48d9-8ad5-ba8583871323/1466b03e-841d-4c45-975e-c6900af67662/lora_weights.safetensors,$txc,train
4f7f21a3-e49e-4792-9a66-c37ac92fb8cf,"An overhead view of a foggy urban highway in the northeast USA with gray pavement and moderate number of varied-colored SUVs, one blue Ford F150 truck, and a bus visible in the scene.",f5ddba02-4295-48d9-8ad5-ba8583871323/bc6ba36c-aa02-4630-a0ea-4150b9b69e36/Synthetic/4f7f21a3-e49e-4792-9a66-c37ac92fb8cf_flux_1789425496.png,urban highways,foggy,clear,SUVs,moderate number of vehicles,northeast USA,gray,one truck (Ford F150),blue,varied colors,overhead,bus,,s3://auto-lora/f5ddba02-4295-48d9-8ad5-ba8583871323/1466b03e-841d-4c45-975e-c6900af67662/lora_weights.safetensors,$txc,train
bdaf9ea5-57f9-42ee-b78b-2973036894dd,"On a sunny day with clear visibility in the southwest USA, a street-level view shows moderate numbers of vehicles on an urban highway, including one red Ford F150 truck among cars of varied colors, all driving on gray pavement.",f5ddba02-4295-48d9-8ad5-ba8583871323/bc6ba36c-aa02-4630-a0ea-4150b9b69e36/Synthetic/bdaf9ea5-57f9-42ee-b78b-2973036894dd_flux_1789426009.png,urban highways,sunny,clear,trucks (Ford F150),moderate number of vehicles,southwest USA,gray,one truck (Ford F150),red,varied colors,street-level,car,,s3://auto-lora/f5ddba02-4295-48d9-8ad5-ba8583871323/1466b03e-841d-4c45-975e-c6900af67662/lora_weights.safetensors,$txc,train
62d5bb62-6bbc-4c4e-a45b-73afa318f5b2,"A rural highway in the southeast USA with a snowy, hazy environment, gray pavement, and very few vehicles of varied colors visible at street level; one blue Ford F150 truck is also present, and there are no buses in sight.",f5ddba02-4295-48d9-8ad5-ba8583871323/bc6ba36c-aa02-4630-a0ea-4150b9b69e36/Synthetic/62d5bb62-6bbc-4c4e-a45b-73afa318f5b2_flux_1789424813.png,rural highways,snowy,hazy,buses,very few vehicles,southeast USA,gray,one truck (Ford F150),blue,varied colors,street-level,car,,s3://auto-lora/f5ddba02-4295-48d9-8ad5-ba8583871323/1466b03e-841d-4c45-975e-c6900af67662/lora_weights.safetensors,$txc,train
af28857c-e42f-4623-a18b-7c04917341d3,"An overhead view of a rural highway in the southeast USA with a snowy, hazy environment; very few motorcycles are visible, and one gray Ford F150 truck is present, standing out as the primary object of interest on the red-brown pavement.",f5ddba02-4295-48d9-8ad5-ba8583871323/bc6ba36c-aa02-4630-a0ea-4150b9b69e36/Synthetic/af28857c-e42f-4623-a18b-7c04917341d3_flux_1789424455.png,rural highways,snowy,hazy,motorcycles,very few vehicles,southeast USA,red-brown,one truck (Ford F150),gray,varied colors,overhead,truck,,s3://auto-lora/f5ddba02-4295-48d9-8ad5-ba8583871323/1466b03e-841d-4c45-975e-c6900af67662/lora_weights.safetensors,$txc,train
ae5137d7-b273-4d7d-8041-2b3f5f3c5c33,"A rural highway in the northeast USA with a red-brown pavement, sunny and clear weather, very few varied-colored SUVs, one blue Ford F150 truck, and a motorcycle visible at street level.",f5ddba02-4295-48d9-8ad5-ba8583871323/bc6ba36c-aa02-4630-a0ea-4150b9b69e36/Synthetic/ae5137d7-b273-4d7d-8041-2b3f5f3c5c33_flux_1789425135.png,rural highways,sunny,clear,SUVs,very few vehicles,northeast USA,red-brown,one truck (Ford F150),blue,varied colors,street-level,motorcycle,,s3://auto-lora/f5ddba02-4295-48d9-8ad5-ba8583871323/1466b03e-841d-4c45-975e-c6900af67662/lora_weights.safetensors,$txc,train
34417354-3b01-49d2-9af8-4f0f1e9d385c,"An overhead view of a rural highway in the southwest USA with active snowy weather and very few vehicles, featuring a gray Ford F150 truck and varied colored cars on a gray pavement.",f5ddba02-4295-48d9-8ad5-ba8583871323/bc6ba36c-aa02-4630-a0ea-4150b9b69e36/Synthetic/34417354-3b01-49d2-9af8-4f0f1e9d385c_flux_1789424829.png,rural highways,snowy,active precipitation,trucks (Ford F150),very few vehicles,southwest USA,gray,one truck (Ford F150),gray,varied colors,overhead,car,,s3://auto-lora/f5ddba02-4295-48d9-8ad5-ba8583871323/1466b03e-841d-4c45-975e-c6900af67662/lora_weights.safetensors,$txc,train
95c55e0c-f7c0-404f-b285-474786630b3a,"An overhead view of a rainy urban highway in the southwest USA with clear visibility, featuring a moderate number of buses and varied colored vehicles, including one gray Ford F150 truck, and a single motorcycle present on the red-brown pavement.",f5ddba02-4295-48d9-8ad5-ba8583871323/bc6ba36c-aa02-4630-a0ea-4150b9b69e36/Synthetic/95c55e0c-f7c0-404f-b285-474786630b3a_flux_1789425419.png,urban highways,rainy,clear,buses,moderate number of vehicles,southwest USA,red-brown,one truck (Ford F150),gray,varied colors,overhead,motorcycle,,s3://auto-lora/f5ddba02-4295-48d9-8ad5-ba8583871323/1466b03e-841d-4c45-975e-c6900af67662/lora_weights.safetensors,$txc,train
bfef8870-35db-427d-8721-9af74d83ad18,"A foggy scene on a rural highway in the southeast USA with active precipitation, featuring a street-level view of multiple gray SUVs and one red Ford F150 truck, the vehicles displaying varied colors against the gray pavement.",f5ddba02-4295-48d9-8ad5-ba8583871323/bc6ba36c-aa02-4630-a0ea-4150b9b69e36/Synthetic/bfef8870-35db-427d-8721-9af74d83ad18_flux_1789426231.png,rural highways,foggy,active precipitation,SUVs,moderate number of vehicles,southeast USA,gray,one truck (Ford F150),red,varied colors,street-level,truck,,s3://auto-lora/f5ddba02-4295-48d9-8ad5-ba8583871323/1466b03e-841d-4c45-975e-c6900af67662/lora_weights.safetensors,$txc,train
f45f9aac-2f83-4d66-bec3-f609b95741f4,"A foggy rural highway in the southeast USA with hazy visibility, gray pavement, and a moderate number of motorcycles of varied colors visible at street level; one gray Ford F150 truck is also present.",f5ddba02-4295-48d9-8ad5-ba8583871323/bc6ba36c-aa02-4630-a0ea-4150b9b69e36/Synthetic/f45f9aac-2f83-4d66-bec3-f609b95741f4_flux_1789426141.png,rural highways,foggy,hazy,motorcycles,moderate number of vehicles,southeast USA,gray,one truck (Ford F150),gray,varied colors,street-level,motorcycle,,s3://auto-lora/f5ddba02-4295-48d9-8ad5-ba8583871323/1466b03e-841d-4c45-975e-c6900af67662/lora_weights.safetensors,$txc,train
bfb8d5ba-7450-4e8f-87a4-8e7c5947f610,"An overhead view of an urban highway in the southeast USA during rainy weather with active precipitation, featuring a moderate number of buses and varied colored vehicles, including one red Ford F150 truck, and notable for its red-brown pavement, where a motorcycle is also visible.",f5ddba02-4295-48d9-8ad5-ba8583871323/bc6ba36c-aa02-4630-a0ea-4150b9b69e36/Synthetic/bfb8d5ba-7450-4e8f-87a4-8e7c5947f610_flux_1789422929.png,urban highways,rainy,active precipitation,buses,moderate number of vehicles,southeast USA,red-brown,one truck (Ford F150),red,varied colors,overhead,motorcycle,,s3://auto-lora/f5ddba02-4295-48d9-8ad5-ba8583871323/1466b03e-841d-4c45-975e-c6900af67662/lora_weights.safetensors,$txc,train
43071517-f515-4f3f-be99-3c2976e694ba,"A rural highway in the southeast USA with active precipitation and gray pavement has a high density of SUVs at street-level, including one gray Ford F150 truck, and varied vehicle colors.",f5ddba02-4295-48d9-8ad5-ba8583871323/bc6ba36c-aa02-4630-a0ea-4150b9b69e36/Synthetic/43071517-f515-4f3f-be99-3c2976e694ba_flux_1789425074.png,rural highways,rainy,active precipitation,SUVs,high density of vehicles,southeast USA,gray,one truck (Ford F150),gray,varied colors,street-level,car,,s3://auto-lora/f5ddba02-4295-48d9-8ad5-ba8583871323/1466b03e-841d-4c45-975e-c6900af67662/lora_weights.safetensors,$txc,train
8ead2ae7-b0ae-49b2-8bfd-956fe559f01c,"An overhead view of a rural highway in the northeast USA with a snowy, clear weather condition, featuring very few motorcycles of varied colors and one black Ford F150 truck, where the pavement has a red-brown color and a bus is also present as an object of interest.",f5ddba02-4295-48d9-8ad5-ba8583871323/bc6ba36c-aa02-4630-a0ea-4150b9b69e36/Synthetic/8ead2ae7-b0ae-49b2-8bfd-956fe559f01c_flux_1789425057.png,rural highways,snowy,clear,motorcycles,very few vehicles,northeast USA,red-brown,one truck (Ford F150),black,varied colors,overhead,bus,,s3://auto-lora/f5ddba02-4295-48d9-8ad5-ba8583871323/1466b03e-841d-4c45-975e-c6900af67662/lora_weights.safetensors,$txc,train
35eb3faf-d054-4828-b78a-d3cccc1ec80e,"A street-level view of an urban highway in the southwest USA with a sunny but hazy sky, red-brown pavement, and very few motorcycles scattered around; one red Ford F150 truck is present, and various colored cars are visible in the scene.",f5ddba02-4295-48d9-8ad5-ba8583871323/bc6ba36c-aa02-4630-a0ea-4150b9b69e36/Synthetic/35eb3faf-d054-4828-b78a-d3cccc1ec80e_flux_1789424633.png,urban highways,sunny,hazy,motorcycles,very few vehicles,southwest USA,red-brown,one truck (Ford F150),red,varied colors,street-level,car,,s3://auto-lora/f5ddba02-4295-48d9-8ad5-ba8583871323/1466b03e-841d-4c45-975e-c6900af67662/lora_weights.safetensors,$txc,train
2a47d6e5-9249-4402-b87d-37367c454246,"An urban highway in the southeast USA with a snowy but clear weather condition and red-brown pavement features a moderate number of vehicles, including one blue Ford F150 truck at street level, while other vehicles display varied colors.",f5ddba02-4295-48d9-8ad5-ba8583871323/bc6ba36c-aa02-4630-a0ea-4150b9b69e36/Synthetic/2a47d6e5-9249-4402-b87d-37367c454246_flux_1789424776.png,urban highways,snowy,clear,trucks (Ford F150),moderate number of vehicles,southeast USA,red-brown,one truck (Ford F150),blue,varied colors,street-level,truck,,s3://auto-lora/f5ddba02-4295-48d9-8ad5-ba8583871323/1466b03e-841d-4c45-975e-c6900af67662/lora_weights.safetensors,$txc,train
1eafb92e-464c-42d3-8d74-76dbe9bb07eb,A sunny but hazy rural highway in the southwest USA with gray pavement and very few motorcycles present; a white Ford F150 truck is visible at street level among the varied vehicle colors.,f5ddba02-4295-48d9-8ad5-ba8583871323/bc6ba36c-aa02-4630-a0ea-4150b9b69e36/Synthetic/1eafb92e-464c-42d3-8d74-76dbe9bb07eb_flux_1789426198.png,rural highways,sunny,hazy,motorcycles,very few vehicles,southwest USA,gray,one truck (Ford F150),white,varied colors,street-level,truck,,s3://auto-lora/f5ddba02-4295-48d9-8ad5-ba8583871323/1466b03e-841d-4c45-975e-c6900af67662/lora_weights.safetensors,$txc,train
d46589e4-1308-402e-8874-c8685047857e,"A foggy street-level view on an urban highway in the southwest USA with active precipitation, featuring a moderate number of buses and one blue Ford F150 truck on a gray pavement.",f5ddba02-4295-48d9-8ad5-ba8583871323/bc6ba36c-aa02-4630-a0ea-4150b9b69e36/Synthetic/d46589e4-1308-402e-8874-c8685047857e_flux_1789424335.png,urban highways,foggy,active precipitation,buses,moderate number of vehicles,southwest USA,gray,one truck (Ford F150),blue,varied colors,street-level,truck,,s3://auto-lora/f5ddba02-4295-48d9-8ad5-ba8583871323/1466b03e-841d-4c45-975e-c6900af67662/lora_weights.safetensors,$txc,train
1c260e67-a844-417f-936f-e9a857104485,"An urban highway in the northeast USA with a sunny weather condition and active precipitation, featuring a street-level view of very few vehicles and one white Ford F150 truck, with varied colored sedans present but less visible due to the weather.",f5ddba02-4295-48d9-8ad5-ba8583871323/bc6ba36c-aa02-4630-a0ea-4150b9b69e36/Synthetic/1c260e67-a844-417f-936f-e9a857104485_flux_1789426367.png,urban highways,sunny,active precipitation,sedans,very few vehicles,northeast USA,gray,one truck (Ford F150),white,varied colors,street-level,truck,,s3://auto-lora/f5ddba02-4295-48d9-8ad5-ba8583871323/1466b03e-841d-4c45-975e-c6900af67662/lora_weights.safetensors,$txc,train
3b36dd93-adec-4659-a6ec-56da1ecb8980,"An overhead view of a rural highway in the southwest USA with a sunny, clear sky, red-brown pavement, and very few vehicles including varied colored sedans and one white Ford F150 truck; a motorcycle is also of interest in this scene.",f5ddba02-4295-48d9-8ad5-ba8583871323/bc6ba36c-aa02-4630-a0ea-4150b9b69e36/Synthetic/3b36dd93-adec-4659-a6ec-56da1ecb8980_flux_1789424088.png,rural highways,sunny,clear,sedans,very few vehicles,southwest USA,red-brown,one truck (Ford F150),white,varied colors,overhead,motorcycle,,s3://auto-lora/f5ddba02-4295-48d9-8ad5-ba8583871323/1466b03e-841d-4c45-975e-c6900af67662/lora_weights.safetensors,$txc,train
42c09573-b763-4991-be4d-4752ea3889f7,"An overhead view of a rural highway in the southwest USA with a snowy environment and clear visibility, featuring very few varied-colored sedans and one gray Ford F150 truck. The pavement is red-brown.",f5ddba02-4295-48d9-8ad5-ba8583871323/bc6ba36c-aa02-4630-a0ea-4150b9b69e36/Synthetic/42c09573-b763-4991-be4d-4752ea3889f7_flux_1789423094.png,rural highways,snowy,clear,sedans,very few vehicles,southwest USA,red-brown,one truck (Ford F150),gray,varied colors,overhead,truck,,s3://auto-lora/f5ddba02-4295-48d9-8ad5-ba8583871323/1466b03e-841d-4c45-975e-c6900af67662/lora_weights.safetensors,$txc,train
32b56648-0034-4b7b-af29-309b642e9ced,"An overhead view of a snowy urban highway in the southwest USA with active precipitation, featuring a high density of vehicles including various colored cars and trucks (one white Ford F150) and a prominent bus on a red-brown pavement.",f5ddba02-4295-48d9-8ad5-ba8583871323/bc6ba36c-aa02-4630-a0ea-4150b9b69e36/Synthetic/32b56648-0034-4b7b-af29-309b642e9ced_flux_1789424968.png,urban highways,snowy,active precipitation,trucks (Ford F150),high density of vehicles,southwest USA,red-brown,one truck (Ford F150),white,varied colors,overhead,bus,,s3://auto-lora/f5ddba02-4295-48d9-8ad5-ba8583871323/1466b03e-841d-4c45-975e-c6900af67662/lora_weights.safetensors,$txc,train
50c779d5-f6b7-40f7-b3b4-1bf9709db16b,"An urban highway in the southwest USA with a snowy and hazy environment, featuring a street-level view of a moderate number of varied-colored SUVs and one gray Ford F150 truck on a gray pavement.",f5ddba02-4295-48d9-8ad5-ba8583871323/bc6ba36c-aa02-4630-a0ea-4150b9b69e36/Synthetic/50c779d5-f6b7-40f7-b3b4-1bf9709db16b_flux_1789426713.png,urban highways,snowy,hazy,SUVs,moderate number of vehicles,southwest USA,gray,one truck (Ford F150),gray,varied colors,street-level,truck,,s3://auto-lora/f5ddba02-4295-48d9-8ad5-ba8583871323/1466b03e-841d-4c45-975e-c6900af67662/lora_weights.safetensors,$txc,train
7a9ef02a-a9c0-48d0-a112-3ed6d0658da8,"An overhead view of a foggy rural highway in the northeast USA with active precipitation, featuring a moderate number of motorcycles in varied colors and one red Ford F150 truck, where the primary focus is a bus present on the scene against a gray pavement environment.",f5ddba02-4295-48d9-8ad5-ba8583871323/bc6ba36c-aa02-4630-a0ea-4150b9b69e36/Synthetic/7a9ef02a-a9c0-48d0-a112-3ed6d0658da8_flux_1789424796.png,rural highways,foggy,active precipitation,motorcycles,moderate number of vehicles,northeast USA,gray,one truck (Ford F150),red,varied colors,overhead,bus,,s3://auto-lora/f5ddba02-4295-48d9-8ad5-ba8583871323/1466b03e-841d-4c45-975e-c6900af67662/lora_weights.safetensors,$txc,train
2c9a22d3-6839-4c1d-b3d7-017701a49b31,A rural highway in the southeast USA with active precipitation and red-brown pavement has high density of vehicles including various colored cars and one black Ford F150 truck at street level.,f5ddba02-4295-48d9-8ad5-ba8583871323/bc6ba36c-aa02-4630-a0ea-4150b9b69e36/Synthetic/2c9a22d3-6839-4c1d-b3d7-017701a49b31_flux_1789425304.png,rural highways,rainy,active precipitation,trucks (Ford F150),high density of vehicles,southeast USA,red-brown,one truck (Ford F150),black,varied colors,street-level,car,,s3://auto-lora/f5ddba02-4295-48d9-8ad5-ba8583871323/1466b03e-841d-4c45-975e-c6900af67662/lora_weights.safetensors,$txc,train
c4eba67d-8bb2-4bcb-acc1-b0515f5577ef,"An overhead view of a snowy, hazy urban highway in the northeast USA with a moderate number of vehicles, including one white Ford F150 truck and various colored cars, on a gray pavement, where the primary focus is a bus present in the scene.",f5ddba02-4295-48d9-8ad5-ba8583871323/bc6ba36c-aa02-4630-a0ea-4150b9b69e36/Synthetic/c4eba67d-8bb2-4bcb-acc1-b0515f5577ef_flux_1789424249.png,urban highways,snowy,hazy,trucks (Ford F150),moderate number of vehicles,northeast USA,gray,one truck (Ford F150),white,varied colors,overhead,bus,,s3://auto-lora/f5ddba02-4295-48d9-8ad5-ba8583871323/1466b03e-841d-4c45-975e-c6900af67662/lora_weights.safetensors,$txc,train
e2489d26-cc05-47ff-9ec5-60e0e2e222be,"An overhead view of a snowy rural highway in the southeast USA with a high density of motorcycles and a gray Ford F150 truck, the pavement is red-brown and has varied vehicle colors.",f5ddba02-4295-48d9-8ad5-ba8583871323/bc6ba36c-aa02-4630-a0ea-4150b9b69e36/Synthetic/e2489d26-cc05-47ff-9ec5-60e0e2e222be_flux_1789423303.png,rural highways,snowy,clear,motorcycles,high density of vehicles,southeast USA,red-brown,one truck (Ford F150),gray,varied colors,overhead,car,,s3://auto-lora/f5ddba02-4295-48d9-8ad5-ba8583871323/1466b03e-841d-4c45-975e-c6900af67662/lora_weights.safetensors,$txc,train
b9f7f779-2234-41b3-80a2-4cab54deaf08,"An overhead view of an urban highway in the southeast USA with red-brown pavement, rainy and hazy weather conditions, very few vehicles including varied colored buses and one gray Ford F150 truck.",f5ddba02-4295-48d9-8ad5-ba8583871323/bc6ba36c-aa02-4630-a0ea-4150b9b69e36/Synthetic/b9f7f779-2234-41b3-80a2-4cab54deaf08_flux_1789425585.png,urban highways,rainy,hazy,buses,very few vehicles,southeast USA,red-brown,one truck (Ford F150),gray,varied colors,overhead,bus,,s3://auto-lora/f5ddba02-4295-48d9-8ad5-ba8583871323/1466b03e-841d-4c45-975e-c6900af67662/lora_weights.safetensors,$txc,train
9fcd8c3a-795a-4d42-9e46-5c4ad4201ff4,"An urban highway in the southwest USA with foggy weather and hazy visibility, featuring a high density of sedans and one red Ford F150 truck at street level.",f5ddba02-4295-48d9-8ad5-ba8583871323/bc6ba36c-aa02-4630-a0ea-4150b9b69e36/Synthetic/9fcd8c3a-795a-4d42-9e46-5c4ad4201ff4_flux_1789426240.png,urban highways,foggy,hazy,sedans,high density of vehicles,southwest USA,gray,one truck (Ford F150),red,varied colors,street-level,truck,,s3://auto-lora/f5ddba02-4295-48d9-8ad5-ba8583871323/1466b03e-841d-4c45-975e-c6900af67662/lora_weights.safetensors,$txc,train
16766020-55cc-41d9-8651-6564909a8a05,"An overhead view of a rural highway in the southwest USA with a rainy, hazy environment; the pavement is red-brown and there are very few vehicles, including varied colored buses and one white Ford F150 truck, with no cars of interest noted.",f5ddba02-4295-48d9-8ad5-ba8583871323/bc6ba36c-aa02-4630-a0ea-4150b9b69e36/Synthetic/16766020-55cc-41d9-8651-6564909a8a05_flux_1789426639.png,rural highways,rainy,hazy,buses,very few vehicles,southwest USA,red-brown,one truck (Ford F150),white,varied colors,overhead,car,,s3://auto-lora/f5ddba02-4295-48d9-8ad5-ba8583871323/1466b03e-841d-4c45-975e-c6900af67662/lora_weights.safetensors,$txc,train
fbc3fa15-5153-4318-98ac-c46db246166c,"An overhead view of a foggy urban highway in the northeast USA with active precipitation, featuring a high density of vehicles and one blue Ford F150 truck, where the pavement is gray and vehicle colors vary.",f5ddba02-4295-48d9-8ad5-ba8583871323/bc6ba36c-aa02-4630-a0ea-4150b9b69e36/Synthetic/fbc3fa15-5153-4318-98ac-c46db246166c_flux_1789425328.png,urban highways,foggy,active precipitation,trucks (Ford F150),high density of vehicles,northeast USA,gray,one truck (Ford F150),blue,varied colors,overhead,car,,s3://auto-lora/f5ddba02-4295-48d9-8ad5-ba8583871323/1466b03e-841d-4c45-975e-c6900af67662/lora_weights.safetensors,$txc,train
6852a3e2-9dc8-4302-8405-6f86af55b655,"A rural highway in the northeast USA with red-brown pavement, rainy and hazy weather, very few sedans visible, one red Ford F150 truck, and varied colored vehicles; viewed from street level, with a motorcycle as an object of interest.",f5ddba02-4295-48d9-8ad5-ba8583871323/bc6ba36c-aa02-4630-a0ea-4150b9b69e36/Synthetic/6852a3e2-9dc8-4302-8405-6f86af55b655_flux_1789425275.png,rural highways,rainy,hazy,sedans,very few vehicles,northeast USA,red-brown,one truck (Ford F150),red,varied colors,street-level,motorcycle,,s3://auto-lora/f5ddba02-4295-48d9-8ad5-ba8583871323/1466b03e-841d-4c45-975e-c6900af67662/lora_weights.safetensors,$txc,train
8589b8a9-67d8-4f84-aca8-11a48299f38d,"An urban highway in the northeast USA with a snowy, hazy environment, street-level view showing very few vehicles including one red Ford F150 truck, varied colored cars and trucks, and red-brown pavement, with a bus as the primary object of interest.",f5ddba02-4295-48d9-8ad5-ba8583871323/bc6ba36c-aa02-4630-a0ea-4150b9b69e36/Synthetic/8589b8a9-67d8-4f84-aca8-11a48299f38d_flux_1789425222.png,urban highways,snowy,hazy,trucks (Ford F150),very few vehicles,northeast USA,red-brown,one truck (Ford F150),red,varied colors,street-level,bus,,s3://auto-lora/f5ddba02-4295-48d9-8ad5-ba8583871323/1466b03e-841d-4c45-975e-c6900af67662/lora_weights.safetensors,$txc,train
7c97762e-1f22-4a9f-bfde-b21536e01553,"An overhead view of an urban highway in the northeast USA during rainy weather with clear visibility, featuring very few vehicles including varied colored buses and one red Ford F150 truck, all set against a gray pavement environment.",f5ddba02-4295-48d9-8ad5-ba8583871323/bc6ba36c-aa02-4630-a0ea-4150b9b69e36/Synthetic/7c97762e-1f22-4a9f-bfde-b21536e01553_flux_1789423679.png,urban highways,rainy,clear,buses,very few vehicles,northeast USA,gray,one truck (Ford F150),red,varied colors,overhead,car,,s3://auto-lora/f5ddba02-4295-48d9-8ad5-ba8583871323/1466b03e-841d-4c45-975e-c6900af67662/lora_weights.safetensors,$txc,train
4d76b6c5-fc18-4407-b925-b5ed83497b12,"An overhead view of a foggy, hazy urban highway in the northeast USA with a high density of buses and varied colored vehicles, including one blue Ford F150 truck, where a motorcycle is also visible.",f5ddba02-4295-48d9-8ad5-ba8583871323/bc6ba36c-aa02-4630-a0ea-4150b9b69e36/Synthetic/4d76b6c5-fc18-4407-b925-b5ed83497b12_flux_1789425704.png,urban highways,foggy,hazy,buses,high density of vehicles,northeast USA,gray,one truck (Ford F150),blue,varied colors,overhead,motorcycle,,s3://auto-lora/f5ddba02-4295-48d9-8ad5-ba8583871323/1466b03e-841d-4c45-975e-c6900af67662/lora_weights.safetensors,$txc,train
472f2387-9f1d-47d5-a9de-5dfc4e6c1b35,"An urban highway in the northeast USA with sunny weather and active precipitation, featuring a moderate number of buses and one gray Ford F150 truck on a red-brown pavement from a street-level angle, with varied vehicle colors of interest.",f5ddba02-4295-48d9-8ad5-ba8583871323/bc6ba36c-aa02-4630-a0ea-4150b9b69e36/Synthetic/472f2387-9f1d-47d5-a9de-5dfc4e6c1b35_flux_1789424282.png,urban highways,sunny,active precipitation,buses,moderate number of vehicles,northeast USA,red-brown,one truck (Ford F150),gray,varied colors,street-level,truck,,s3://auto-lora/f5ddba02-4295-48d9-8ad5-ba8583871323/1466b03e-841d-4c45-975e-c6900af67662/lora_weights.safetensors,$txc,train
8fd55507-82b0-4ebd-9dd7-6a10cc584a51,"An overhead view of rural highways in the northeast USA with foggy weather and clear visibility, featuring a moderate number of vehicles with varied colors, one blue Ford F150 truck, and a red-brown pavement.",f5ddba02-4295-48d9-8ad5-ba8583871323/bc6ba36c-aa02-4630-a0ea-4150b9b69e36/Synthetic/8fd55507-82b0-4ebd-9dd7-6a10cc584a51_flux_1789426660.png,rural highways,foggy,clear,trucks (Ford F150),moderate number of vehicles,northeast USA,red-brown,one truck (Ford F150),blue,varied colors,overhead,truck,,s3://auto-lora/f5ddba02-4295-48d9-8ad5-ba8583871323/1466b03e-841d-4c45-975e-c6900af67662/lora_weights.safetensors,$txc,train
0eb55656-3177-4038-b44f-36cb36096203,An overhead view of a snowy urban highway in the southwest USA with a high density of SUVs and a red-brown pavement; one gray Ford F150 truck is visible among the vehicles.,f5ddba02-4295-48d9-8ad5-ba8583871323/bc6ba36c-aa02-4630-a0ea-4150b9b69e36/Synthetic/0eb55656-3177-4038-b44f-36cb36096203_flux_1789426664.png,urban highways,snowy,clear,SUVs,high density of vehicles,southwest USA,red-brown,one truck (Ford F150),gray,varied colors,overhead,truck,,s3://auto-lora/f5ddba02-4295-48d9-8ad5-ba8583871323/1466b03e-841d-4c45-975e-c6900af67662/lora_weights.safetensors,$txc,train
43b9a2b2-1970-458f-93a4-fe3e78916b49,"On a sunny day with active precipitation, a street-level view of an urban highway in the southeast USA shows very few vehicles, including one blue Ford F150 truck and various colored motorcycles on a gray pavement.",f5ddba02-4295-48d9-8ad5-ba8583871323/bc6ba36c-aa02-4630-a0ea-4150b9b69e36/Synthetic/43b9a2b2-1970-458f-93a4-fe3e78916b49_flux_1789424641.png,urban highways,sunny,active precipitation,trucks (Ford F150),very few vehicles,southeast USA,gray,one truck (Ford F150),blue,varied colors,street-level,motorcycle,,s3://auto-lora/f5ddba02-4295-48d9-8ad5-ba8583871323/1466b03e-841d-4c45-975e-c6900af67662/lora_weights.safetensors,$txc,train
51e8441a-39bc-4368-8bbc-8947dfa2f4f3,"An urban highway in the southwest USA with active snow precipitation and high density of vehicles, including a black Ford F150 truck, has red-brown pavement viewed from street level; varied colored cars are also present.",f5ddba02-4295-48d9-8ad5-ba8583871323/bc6ba36c-aa02-4630-a0ea-4150b9b69e36/Synthetic/51e8441a-39bc-4368-8bbc-8947dfa2f4f3_flux_1789424846.png,urban highways,snowy,active precipitation,trucks (Ford F150),high density of vehicles,southwest USA,red-brown,one truck (Ford F150),black,varied colors,street-level,car,,s3://auto-lora/f5ddba02-4295-48d9-8ad5-ba8583871323/1466b03e-841d-4c45-975e-c6900af67662/lora_weights.safetensors,$txc,train
bf195b59-ea55-44b8-ba29-589ec8af8a73,"An urban highway in the southeast USA with foggy weather and hazy visibility, featuring a street-level view of gray pavement and a moderate number of vehicles including one black Ford F150 truck, with varied colored vehicles present and a motorcycle as an object of interest.",f5ddba02-4295-48d9-8ad5-ba8583871323/bc6ba36c-aa02-4630-a0ea-4150b9b69e36/Synthetic/bf195b59-ea55-44b8-ba29-589ec8af8a73_flux_1789423090.png,urban highways,foggy,hazy,trucks (Ford F150),moderate number of vehicles,southeast USA,gray,one truck (Ford F150),black,varied colors,street-level,motorcycle,,s3://auto-lora/f5ddba02-4295-48d9-8ad5-ba8583871323/1466b03e-841d-4c45-975e-c6900af67662/lora_weights.safetensors,$txc,train
53476d06-0b49-4ca5-b6de-bb37d93acda0,"An overhead view of an urban highway in the northeast USA with a sunny but hazy sky, featuring very few sedans in varied colors and one blue Ford F150 truck, all set against a gray pavement.",f5ddba02-4295-48d9-8ad5-ba8583871323/bc6ba36c-aa02-4630-a0ea-4150b9b69e36/Synthetic/53476d06-0b49-4ca5-b6de-bb37d93acda0_flux_1789423073.png,urban highways,sunny,hazy,sedans,very few vehicles,northeast USA,gray,one truck (Ford F150),blue,varied colors,overhead,car,,s3://auto-lora/f5ddba02-4295-48d9-8ad5-ba8583871323/1466b03e-841d-4c45-975e-c6900af67662/lora_weights.safetensors,$txc,train
ea3f7024-a2e1-4d58-9712-8177bf60c7e3,"A rural highway in the northeast USA with gray pavement and sunny weather conditions shows very few vehicles, including one blue Ford F150 truck, and active precipitation; the street-level view also includes a bus as an object of interest.",f5ddba02-4295-48d9-8ad5-ba8583871323/bc6ba36c-aa02-4630-a0ea-4150b9b69e36/Synthetic/ea3f7024-a2e1-4d58-9712-8177bf60c7e3_flux_1789426219.png,rural highways,sunny,active precipitation,trucks (Ford F150),very few vehicles,northeast USA,gray,one truck (Ford F150),blue,varied colors,street-level,bus,,s3://auto-lora/f5ddba02-4295-48d9-8ad5-ba8583871323/1466b03e-841d-4c45-975e-c6900af67662/lora_weights.safetensors,$txc,train
48121403-fa5c-498b-acce-a396591e9442,"An overhead view of rural highways in the northeast USA covered in snowy conditions with active precipitation, featuring a high density of buses and one gray Ford F150 truck, set against a red-brown pavement, showcasing varied bus colors.",f5ddba02-4295-48d9-8ad5-ba8583871323/bc6ba36c-aa02-4630-a0ea-4150b9b69e36/Synthetic/48121403-fa5c-498b-acce-a396591e9442_flux_1789425541.png,rural highways,snowy,active precipitation,buses,high density of vehicles,northeast USA,red-brown,one truck (Ford F150),gray,varied colors,overhead,bus,,s3://auto-lora/f5ddba02-4295-48d9-8ad5-ba8583871323/1466b03e-841d-4c45-975e-c6900af67662/lora_weights.safetensors,$txc,train
4654b0f1-6518-4b3d-823b-649d67c3ac9a,"An urban highway in the southwest USA with active snow precipitation, gray pavement, high density of motorcycles in varied colors, one white Ford F150 truck, and a bus visible at street level.",f5ddba02-4295-48d9-8ad5-ba8583871323/bc6ba36c-aa02-4630-a0ea-4150b9b69e36/Synthetic/4654b0f1-6518-4b3d-823b-649d67c3ac9a_flux_1789423724.png,urban highways,snowy,active precipitation,motorcycles,high density of vehicles,southwest USA,gray,one truck (Ford F150),white,varied colors,street-level,bus,,s3://auto-lora/f5ddba02-4295-48d9-8ad5-ba8583871323/1466b03e-841d-4c45-975e-c6900af67662/lora_weights.safetensors,$txc,train
c0af922e-9818-4f41-91c6-c07cc40343d3,"An overhead view of a rural highway in the southwest USA with a sunny but hazy sky, featuring a high density of motorcycles in varied colors and one black Ford F150 truck, set against red-brown pavement, with a bus as the primary point of interest.",f5ddba02-4295-48d9-8ad5-ba8583871323/bc6ba36c-aa02-4630-a0ea-4150b9b69e36/Synthetic/c0af922e-9818-4f41-91c6-c07cc40343d3_flux_1789423278.png,rural highways,sunny,hazy,motorcycles,high density of vehicles,southwest USA,red-brown,one truck (Ford F150),black,varied colors,overhead,bus,,s3://auto-lora/f5ddba02-4295-48d9-8ad5-ba8583871323/1466b03e-841d-4c45-975e-c6900af67662/lora_weights.safetensors,$txc,train
ddaf27a3-666c-413b-a88b-e681fac95d28,"An overhead view of a rainy rural highway in the southeast USA with a high density of varied-colored SUVs and clear visibility, one blue Ford F150 truck, and a bus present on the red-brown pavement.",f5ddba02-4295-48d9-8ad5-ba8583871323/bc6ba36c-aa02-4630-a0ea-4150b9b69e36/Synthetic/ddaf27a3-666c-413b-a88b-e681fac95d28_flux_1789424727.png,rural highways,rainy,clear,SUVs,high density of vehicles,southeast USA,red-brown,one truck (Ford F150),blue,varied colors,overhead,bus,,s3://auto-lora/f5ddba02-4295-48d9-8ad5-ba8583871323/1466b03e-841d-4c45-975e-c6900af67662/lora_weights.safetensors,$txc,train
e0a5c09b-e69a-4640-88c1-8bbac6797a92,"A rural highway in the southeast USA with red-brown pavement and active snowy weather conditions, showing very few vehicles including one red Ford F150 truck, while other vehicles have varied colors, viewed from street level.",f5ddba02-4295-48d9-8ad5-ba8583871323/bc6ba36c-aa02-4630-a0ea-4150b9b69e36/Synthetic/e0a5c09b-e69a-4640-88c1-8bbac6797a92_flux_1789424071.png,rural highways,snowy,active precipitation,trucks (Ford F150),very few vehicles,southeast USA,red-brown,one truck (Ford F150),red,varied colors,street-level,car,,s3://auto-lora/f5ddba02-4295-48d9-8ad5-ba8583871323/1466b03e-841d-4c45-975e-c6900af67662/lora_weights.safetensors,$txc,train
70f097a9-495f-48ff-8653-d5615ae7376f,"An urban highway in the southwest USA with a high density of SUVs in a snowy, hazy environment; the pavement is red-brown and a white Ford F150 truck is visible at street level among the varied colored vehicles.",f5ddba02-4295-48d9-8ad5-ba8583871323/bc6ba36c-aa02-4630-a0ea-4150b9b69e36/Synthetic/70f097a9-495f-48ff-8653-d5615ae7376f_flux_1789423890.png,urban highways,snowy,hazy,SUVs,high density of vehicles,southwest USA,red-brown,one truck (Ford F150),white,varied colors,street-level,truck,,s3://auto-lora/f5ddba02-4295-48d9-8ad5-ba8583871323/1466b03e-841d-4c45-975e-c6900af67662/lora_weights.safetensors,$txc,train
8d99efe2-1f75-423e-93ea-561ff34d7a21,"A rural highway in the southwest USA with a high density of sedans and varied vehicle colors, rainy weather and clear visibility, red-brown pavement, one blue Ford F150 truck, and a bus visible at street level.",f5ddba02-4295-48d9-8ad5-ba8583871323/bc6ba36c-aa02-4630-a0ea-4150b9b69e36/Synthetic/8d99efe2-1f75-423e-93ea-561ff34d7a21_flux_1789424435.png,rural highways,rainy,clear,sedans,high density of vehicles,southwest USA,red-brown,one truck (Ford F150),blue,varied colors,street-level,bus,,s3://auto-lora/f5ddba02-4295-48d9-8ad5-ba8583871323/1466b03e-841d-4c45-975e-c6900af67662/lora_weights.safetensors,$txc,train
a4c7ba41-a5c7-497d-b548-f2d7c8a51f3c,"A rural highway in the southwest USA with red-brown pavement, visible in a hazy, rainy conditions from street level, shows very few vehicles including varied colored buses and one white Ford F150 truck, with the focus on a car in the scene.",f5ddba02-4295-48d9-8ad5-ba8583871323/bc6ba36c-aa02-4630-a0ea-4150b9b69e36/Synthetic/a4c7ba41-a5c7-497d-b548-f2d7c8a51f3c_flux_1789426404.png,rural highways,rainy,hazy,buses,very few vehicles,southwest USA,red-brown,one truck (Ford F150),white,varied colors,street-level,car,,s3://auto-lora/f5ddba02-4295-48d9-8ad5-ba8583871323/1466b03e-841d-4c45-975e-c6900af67662/lora_weights.safetensors,$txc,train
d17402ec-94eb-442f-823c-4cbea7f39ffa,"An overhead view of an urban highway in the southeast USA with a rainy weather condition and clear visibility, featuring a moderate number of SUVs in varied colors, one gray Ford F150 truck, and a bus as the primary objects of interest on a red-brown pavement.",f5ddba02-4295-48d9-8ad5-ba8583871323/bc6ba36c-aa02-4630-a0ea-4150b9b69e36/Synthetic/d17402ec-94eb-442f-823c-4cbea7f39ffa_flux_1789426454.png,urban highways,rainy,clear,SUVs,moderate number of vehicles,southeast USA,red-brown,one truck (Ford F150),gray,varied colors,overhead,bus,,s3://auto-lora/f5ddba02-4295-48d9-8ad5-ba8583871323/1466b03e-841d-4c45-975e-c6900af67662/lora_weights.safetensors,$txc,train
c26a7a39-6135-44e8-a9a6-371e727d2d18,"An overhead view of an urban highway in the southwest USA with a snowy and hazy environment, featuring very few vehicles of varied colors and one white Ford F150 truck, all set against a gray pavement.",f5ddba02-4295-48d9-8ad5-ba8583871323/bc6ba36c-aa02-4630-a0ea-4150b9b69e36/Synthetic/c26a7a39-6135-44e8-a9a6-371e727d2d18_flux_1789425996.png,urban highways,snowy,hazy,SUVs,very few vehicles,southwest USA,gray,one truck (Ford F150),white,varied colors,overhead,car,,s3://auto-lora/f5ddba02-4295-48d9-8ad5-ba8583871323/1466b03e-841d-4c45-975e-c6900af67662/lora_weights.safetensors,$txc,train
cffc7bf4-5d29-4242-aace-c9ed58189537,"A rural highway in the southwest USA with active precipitation and gray pavement has very few vehicles, including one white Ford F150 truck, while varied color vehicles and a motorcycle are visible at street level.",f5ddba02-4295-48d9-8ad5-ba8583871323/bc6ba36c-aa02-4630-a0ea-4150b9b69e36/Synthetic/cffc7bf4-5d29-4242-aace-c9ed58189537_flux_1789423282.png,rural highways,rainy,active precipitation,trucks (Ford F150),very few vehicles,southwest USA,gray,one truck (Ford F150),white,varied colors,street-level,motorcycle,,s3://auto-lora/f5ddba02-4295-48d9-8ad5-ba8583871323/1466b03e-841d-4c45-975e-c6900af67662/lora_weights.safetensors,$txc,train
6bbaad07-f871-4338-bbc7-7b642cf70bce,"An overhead view of rural highways in the southwest USA with foggy weather and clear visibility, featuring a moderate number of buses of varied colors, one black Ford F150 truck, and red-brown pavement as the primary objects of interest.",f5ddba02-4295-48d9-8ad5-ba8583871323/bc6ba36c-aa02-4630-a0ea-4150b9b69e36/Synthetic/6bbaad07-f871-4338-bbc7-7b642cf70bce_flux_1789425119.png,rural highways,foggy,clear,buses,moderate number of vehicles,southwest USA,red-brown,one truck (Ford F150),black,varied colors,overhead,bus,,s3://auto-lora/f5ddba02-4295-48d9-8ad5-ba8583871323/1466b03e-841d-4c45-975e-c6900af67662/lora_weights.safetensors,$txc,train
3f61ed1e-0fbe-40e0-9d74-99bc43dc6301,"An overhead view of a rural highway in the southeast USA with a foggy, hazy weather condition, featuring a moderate number of motorcycles in varied colors and one blue Ford F150 truck, with red-brown pavement as the background, and cars as the primary objects of interest.",f5ddba02-4295-48d9-8ad5-ba8583871323/bc6ba36c-aa02-4630-a0ea-4150b9b69e36/Synthetic/3f61ed1e-0fbe-40e0-9d74-99bc43dc6301_flux_1789426495.png,rural highways,foggy,hazy,motorcycles,moderate number of vehicles,southeast USA,red-brown,one truck (Ford F150),blue,varied colors,overhead,car,,s3://auto-lora/f5ddba02-4295-48d9-8ad5-ba8583871323/1466b03e-841d-4c45-975e-c6900af67662/lora_weights.safetensors,$txc,train
ecf7b6d3-6be0-4ed1-a536-59fc4a215b7f,"An overhead view of a snowy, hazy urban highway in the southeast USA with a moderate number of motorcycles and a black Ford F150 truck, the pavement is red-brown and there are variously colored vehicles present.",f5ddba02-4295-48d9-8ad5-ba8583871323/bc6ba36c-aa02-4630-a0ea-4150b9b69e36/Synthetic/ecf7b6d3-6be0-4ed1-a536-59fc4a215b7f_flux_1789425684.png,urban highways,snowy,hazy,motorcycles,moderate number of vehicles,southeast USA,red-brown,one truck (Ford F150),black,varied colors,overhead,truck,,s3://auto-lora/f5ddba02-4295-48d9-8ad5-ba8583871323/1466b03e-841d-4c45-975e-c6900af67662/lora_weights.safetensors,$txc,train
1d8d3b7e-49d2-42fb-9bce-8f15d26c0edc,"An overhead view of foggy urban highways in the southwest USA with a high density of SUVs and varied vehicle colors, one blue Ford F150 truck, gray pavement, and clear visibility.",f5ddba02-4295-48d9-8ad5-ba8583871323/bc6ba36c-aa02-4630-a0ea-4150b9b69e36/Synthetic/1d8d3b7e-49d2-42fb-9bce-8f15d26c0edc_flux_1789425214.png,urban highways,foggy,clear,SUVs,high density of vehicles,southwest USA,gray,one truck (Ford F150),blue,varied colors,overhead,car,,s3://auto-lora/f5ddba02-4295-48d9-8ad5-ba8583871323/1466b03e-841d-4c45-975e-c6900af67662/lora_weights.safetensors,$txc,train
5ba0e075-8742-466a-a14b-f5c7fc45fd27,"A rural highway in the northeast USA with a high density of SUVs and hazy visibility due to rainy weather, featuring a red Ford F150 truck and vehicles of varied colors, viewed from street level with a motorcycle as an object of interest on a red-brown pavement.",f5ddba02-4295-48d9-8ad5-ba8583871323/bc6ba36c-aa02-4630-a0ea-4150b9b69e36/Synthetic/5ba0e075-8742-466a-a14b-f5c7fc45fd27_flux_1789423803.png,rural highways,rainy,hazy,SUVs,high density of vehicles,northeast USA,red-brown,one truck (Ford F150),red,varied colors,street-level,motorcycle,,s3://auto-lora/f5ddba02-4295-48d9-8ad5-ba8583871323/1466b03e-841d-4c45-975e-c6900af67662/lora_weights.safetensors,$txc,train
69bcf53e-114e-4bf7-b08b-8da07edc9471,"An urban highway in the southwest USA with a sunny but hazy sky, gray pavement, and very few vehicles of varied colors passing by at street level; one black Ford F150 truck is also visible, and a bus stands out as an object of interest.",f5ddba02-4295-48d9-8ad5-ba8583871323/bc6ba36c-aa02-4630-a0ea-4150b9b69e36/Synthetic/69bcf53e-114e-4bf7-b08b-8da07edc9471_flux_1789425361.png,urban highways,sunny,hazy,sedans,very few vehicles,southwest USA,gray,one truck (Ford F150),black,varied colors,street-level,bus,,s3://auto-lora/f5ddba02-4295-48d9-8ad5-ba8583871323/1466b03e-841d-4c45-975e-c6900af67662/lora_weights.safetensors,$txc,train
732fd8d8-1d47-44e0-9245-999a359a20c4,"An overhead view of a rainy, hazy urban highway in the northeast USA with gray pavement and very few motorcycles present; a gray Ford F150 truck is also visible.",f5ddba02-4295-48d9-8ad5-ba8583871323/bc6ba36c-aa02-4630-a0ea-4150b9b69e36/Synthetic/732fd8d8-1d47-44e0-9245-999a359a20c4_flux_1789423997.png,urban highways,rainy,hazy,motorcycles,very few vehicles,northeast USA,gray,one truck (Ford F150),gray,varied colors,overhead,motorcycle,,s3://auto-lora/f5ddba02-4295-48d9-8ad5-ba8583871323/1466b03e-841d-4c45-975e-c6900af67662/lora_weights.safetensors,$txc,train
0605be94-7265-4f48-8fe1-5e5891bb5c92,"An urban highway in the southeast USA with gray pavement and clear visibility despite rainy weather conditions, featuring a moderate number of vehicles including a gray Ford F150 truck and variously colored cars, viewed from street level, with a bus as the object of interest.",f5ddba02-4295-48d9-8ad5-ba8583871323/bc6ba36c-aa02-4630-a0ea-4150b9b69e36/Synthetic/0605be94-7265-4f48-8fe1-5e5891bb5c92_flux_1789425630.png,urban highways,rainy,clear,trucks (Ford F150),moderate number of vehicles,southeast USA,gray,one truck (Ford F150),gray,varied colors,street-level,bus,,s3://auto-lora/f5ddba02-4295-48d9-8ad5-ba8583871323/1466b03e-841d-4c45-975e-c6900af67662/lora_weights.safetensors,$txc,train
b2bb1082-a200-48b8-9fb1-b131ccb14bc4,"An overhead view of a rural highway in the southwest USA with a rainy, hazy environment; very few motorcycles are visible, one gray Ford F150 truck is present, and the pavement is gray, featuring varied motorcycle colors.",f5ddba02-4295-48d9-8ad5-ba8583871323/bc6ba36c-aa02-4630-a0ea-4150b9b69e36/Synthetic/b2bb1082-a200-48b8-9fb1-b131ccb14bc4_flux_1789423823.png,rural highways,rainy,hazy,motorcycles,very few vehicles,southwest USA,gray,one truck (Ford F150),gray,varied colors,overhead,motorcycle,,s3://auto-lora/f5ddba02-4295-48d9-8ad5-ba8583871323/1466b03e-841d-4c45-975e-c6900af67662/lora_weights.safetensors,$txc,train
79fc1408-d997-4b1f-a14b-8cfca68f6e6c,"An overhead view of a foggy rural highway in the southeast USA with active precipitation, featuring a high density of varied colored sedans and one blue Ford F150 truck. The road has a red-brown pavement.",f5ddba02-4295-48d9-8ad5-ba8583871323/bc6ba36c-aa02-4630-a0ea-4150b9b69e36/Synthetic/79fc1408-d997-4b1f-a14b-8cfca68f6e6c_flux_1789422846.png,rural highways,foggy,active precipitation,sedans,high density of vehicles,southeast USA,red-brown,one truck (Ford F150),blue,varied colors,overhead,truck,,s3://auto-lora/f5ddba02-4295-48d9-8ad5-ba8583871323/1466b03e-841d-4c45-975e-c6900af67662/lora_weights.safetensors,$txc,train
36c37e9e-5da9-4051-9d43-530798825050,"On a sunny day with clear visibility, an urban highway in the southeast USA features red-brown pavement and a moderate number of vehicles, including one blue Ford F150 truck, with various other vehicles present from varied colors, viewed from street level where cars are the primary objects of interest.",f5ddba02-4295-48d9-8ad5-ba8583871323/bc6ba36c-aa02-4630-a0ea-4150b9b69e36/Synthetic/36c37e9e-5da9-4051-9d43-530798825050_flux_1789424178.png,urban highways,sunny,clear,trucks (Ford F150),moderate number of vehicles,southeast USA,red-brown,one truck (Ford F150),blue,varied colors,street-level,car,,s3://auto-lora/f5ddba02-4295-48d9-8ad5-ba8583871323/1466b03e-841d-4c45-975e-c6900af67662/lora_weights.safetensors,$txc,train
68cf552a-bd91-4e57-94ff-0b8b7dc3b9d6,"An overhead view of a rural highway in the northeast USA with active precipitation, gray pavement, and very few motorcycles; one red Ford F150 truck is present, and a bus stands out as the objects of interest.",f5ddba02-4295-48d9-8ad5-ba8583871323/bc6ba36c-aa02-4630-a0ea-4150b9b69e36/Synthetic/68cf552a-bd91-4e57-94ff-0b8b7dc3b9d6_flux_1789423939.png,rural highways,rainy,active precipitation,motorcycles,very few vehicles,northeast USA,gray,one truck (Ford F150),red,varied colors,overhead,bus,,s3://auto-lora/f5ddba02-4295-48d9-8ad5-ba8583871323/1466b03e-841d-4c45-975e-c6900af67662/lora_weights.safetensors,$txc,train
fc94bfac-12ca-439c-afd2-50c34a9a2b9e,"An overhead view of a rural highway in the northeast USA with a snowy, hazy environment; very few vehicles are present, including one blue Ford F150 truck, and cars of varied colors; the pavement is gray.",f5ddba02-4295-48d9-8ad5-ba8583871323/bc6ba36c-aa02-4630-a0ea-4150b9b69e36/Synthetic/fc94bfac-12ca-439c-afd2-50c34a9a2b9e_flux_1789426207.png,rural highways,snowy,hazy,trucks (Ford F150),very few vehicles,northeast USA,gray,one truck (Ford F150),blue,varied colors,overhead,car,,s3://auto-lora/f5ddba02-4295-48d9-8ad5-ba8583871323/1466b03e-841d-4c45-975e-c6900af67662/lora_weights.safetensors,$txc,train
1b1c7cec-f5c6-4904-91e9-98064edbe9d1,"An overhead view of an urban highway in the northeast USA with snowy conditions and clear visibility, featuring very few vehicles including varied colored buses and one white Ford F150 truck, also noting a motorcycle present.",f5ddba02-4295-48d9-8ad5-ba8583871323/bc6ba36c-aa02-4630-a0ea-4150b9b69e36/Synthetic/1b1c7cec-f5c6-4904-91e9-98064edbe9d1_flux_1789424108.png,urban highways,snowy,clear,buses,very few vehicles,northeast USA,gray,one truck (Ford F150),white,varied colors,overhead,motorcycle,,s3://auto-lora/f5ddba02-4295-48d9-8ad5-ba8583871323/1466b03e-841d-4c45-975e-c6900af67662/lora_weights.safetensors,$txc,train
12b0d6c5-ca17-4c94-bd09-517e93d902cf,"A rural highway in the southeast USA with a high density of buses and one blue Ford F150 truck, the pavement is red-brown, the weather is rainy but visibility is clear, viewed from street level with varied bus colors.",f5ddba02-4295-48d9-8ad5-ba8583871323/bc6ba36c-aa02-4630-a0ea-4150b9b69e36/Synthetic/12b0d6c5-ca17-4c94-bd09-517e93d902cf_flux_1789424224.png,rural highways,rainy,clear,buses,high density of vehicles,southeast USA,red-brown,one truck (Ford F150),blue,varied colors,street-level,bus,,s3://auto-lora/f5ddba02-4295-48d9-8ad5-ba8583871323/1466b03e-841d-4c45-975e-c6900af67662/lora_weights.safetensors,$txc,train
77484b3e-edc4-4060-a25a-591c00cef1fe,"An urban highway in the northeast USA with a sunny but hazy sky, featuring red-brown pavement and very few vehicles, including one blue Ford F150 truck; also visible is a bus on the street-level view.",f5ddba02-4295-48d9-8ad5-ba8583871323/bc6ba36c-aa02-4630-a0ea-4150b9b69e36/Synthetic/77484b3e-edc4-4060-a25a-591c00cef1fe_flux_1789423584.png,urban highways,sunny,hazy,trucks (Ford F150),very few vehicles,northeast USA,red-brown,one truck (Ford F150),blue,varied colors,street-level,bus,,s3://auto-lora/f5ddba02-4295-48d9-8ad5-ba8583871323/1466b03e-841d-4c45-975e-c6900af67662/lora_weights.safetensors,$txc,train
83645253-f92e-45ef-990a-9a43448c80d9,"A foggy rural highway in the northeast USA with a hazy visibility, featuring a high density of SUVs in varied colors and one red Ford F150 truck, all viewed from a street-level angle on gray pavement.",f5ddba02-4295-48d9-8ad5-ba8583871323/bc6ba36c-aa02-4630-a0ea-4150b9b69e36/Synthetic/83645253-f92e-45ef-990a-9a43448c80d9_flux_1789425399.png,rural highways,foggy,hazy,SUVs,high density of vehicles,northeast USA,gray,one truck (Ford F150),red,varied colors,street-level,truck,,s3://auto-lora/f5ddba02-4295-48d9-8ad5-ba8583871323/1466b03e-841d-4c45-975e-c6900af67662/lora_weights.safetensors,$txc,train
85a3622e-bf8a-481c-8b41-f22e06293dfc,"A rural highway in the southeast USA with snowy, hazy conditions, showing a street-level view of very few vehicles including a white Ford F150 truck and varied colored cars, with gray pavement and a single bus as the primary object of interest.",f5ddba02-4295-48d9-8ad5-ba8583871323/bc6ba36c-aa02-4630-a0ea-4150b9b69e36/Synthetic/85a3622e-bf8a-481c-8b41-f22e06293dfc_flux_1789423465.png,rural highways,snowy,hazy,trucks (Ford F150),very few vehicles,southeast USA,gray,one truck (Ford F150),white,varied colors,street-level,bus,,s3://auto-lora/f5ddba02-4295-48d9-8ad5-ba8583871323/1466b03e-841d-4c45-975e-c6900af67662/lora_weights.safetensors,$txc,train
050ae45a-0a71-4920-a5a2-fbd9e41b6302,"An overhead view of a sunny, clear urban highway in the northeast USA with a high density of motorcycles and one blue Ford F150 truck, the pavement is red-brown and motorcycle colors are varied.",f5ddba02-4295-48d9-8ad5-ba8583871323/bc6ba36c-aa02-4630-a0ea-4150b9b69e36/Synthetic/050ae45a-0a71-4920-a5a2-fbd9e41b6302_flux_1789425378.png,urban highways,sunny,clear,motorcycles,high density of vehicles,northeast USA,red-brown,one truck (Ford F150),blue,varied colors,overhead,motorcycle,,s3://auto-lora/f5ddba02-4295-48d9-8ad5-ba8583871323/1466b03e-841d-4c45-975e-c6900af67662/lora_weights.safetensors,$txc,train
5dd34160-6fed-4aec-b57a-85e714f4f805,"An urban highway in the southeast USA with active snow precipitation, featuring a moderate number of varied-colored SUVs and one red Ford F150 truck, viewed from street level, set against a backdrop of red-brown pavement.",f5ddba02-4295-48d9-8ad5-ba8583871323/bc6ba36c-aa02-4630-a0ea-4150b9b69e36/Synthetic/5dd34160-6fed-4aec-b57a-85e714f4f805_flux_1789425733.png,urban highways,snowy,active precipitation,SUVs,moderate number of vehicles,southeast USA,red-brown,one truck (Ford F150),red,varied colors,street-level,car,,s3://auto-lora/f5ddba02-4295-48d9-8ad5-ba8583871323/1466b03e-841d-4c45-975e-c6900af67662/lora_weights.safetensors,$txc,train
2adf3aa7-4cef-4599-83fe-c0abcad55050,"A rural highway in the southeast USA with a high density of sedans and varied vehicle colors, snowy conditions offering clear visibility, one blue Ford F150 truck present, and red-brown pavement viewed from street level focusing on the cars.",f5ddba02-4295-48d9-8ad5-ba8583871323/bc6ba36c-aa02-4630-a0ea-4150b9b69e36/Synthetic/2adf3aa7-4cef-4599-83fe-c0abcad55050_flux_1789425717.png,rural highways,snowy,clear,sedans,high density of vehicles,southeast USA,red-brown,one truck (Ford F150),blue,varied colors,street-level,car,,s3://auto-lora/f5ddba02-4295-48d9-8ad5-ba8583871323/1466b03e-841d-4c45-975e-c6900af67662/lora_weights.safetensors,$txc,train
6a995320-5ac8-4736-828e-d399dccef344,An overhead view of rural highways in the southeast USA with a sunny weather condition and active precipitation; the pavement is red-brown and features a moderate number of varied-colored SUVs and one black Ford F150 truck.,f5ddba02-4295-48d9-8ad5-ba8583871323/bc6ba36c-aa02-4630-a0ea-4150b9b69e36/Synthetic/6a995320-5ac8-4736-828e-d399dccef344_flux_1789423799.png,rural highways,sunny,active precipitation,SUVs,moderate number of vehicles,southeast USA,red-brown,one truck (Ford F150),black,varied colors,overhead,car,,s3://auto-lora/f5ddba02-4295-48d9-8ad5-ba8583871323/1466b03e-841d-4c45-975e-c6900af67662/lora_weights.safetensors,$txc,train
6bd7d7b3-ed2e-4f50-89a2-11f4b5e8f6d5,"An overhead view of a foggy urban highway in the southwest USA with hazy visibility and a high density of SUVs in varied colors, one gray Ford F150 truck, and a bus present on the red-brown pavement.",f5ddba02-4295-48d9-8ad5-ba8583871323/bc6ba36c-aa02-4630-a0ea-4150b9b69e36/Synthetic/6bd7d7b3-ed2e-4f50-89a2-11f4b5e8f6d5_flux_1789424707.png,urban highways,foggy,hazy,SUVs,high density of vehicles,southwest USA,red-brown,one truck (Ford F150),gray,varied colors,overhead,bus,,s3://auto-lora/f5ddba02-4295-48d9-8ad5-ba8583871323/1466b03e-841d-4c45-975e-c6900af67662/lora_weights.safetensors,$txc,train
126163c5-f7d0-44ef-911f-d708981d8a58,"An overhead view of a rainy rural highway in the northeast USA with a high density of buses and a black Ford F150 truck, the pavement is red-brown and visibility is clear.",f5ddba02-4295-48d9-8ad5-ba8583871323/bc6ba36c-aa02-4630-a0ea-4150b9b69e36/Synthetic/126163c5-f7d0-44ef-911f-d708981d8a58_flux_1789424759.png,rural highways,rainy,clear,buses,high density of vehicles,northeast USA,red-brown,one truck (Ford F150),black,varied colors,overhead,truck,,s3://auto-lora/f5ddba02-4295-48d9-8ad5-ba8583871323/1466b03e-841d-4c45-975e-c6900af67662/lora_weights.safetensors,$txc,train
64fdf297-5cd0-4300-a66f-15bbfc2d67ae,"An overhead view of an urban highway in the southeast USA with sunny and clear weather, featuring gray pavement, very few vehicles, and one white Ford F150 truck as the primary object of interest.",f5ddba02-4295-48d9-8ad5-ba8583871323/bc6ba36c-aa02-4630-a0ea-4150b9b69e36/Synthetic/64fdf297-5cd0-4300-a66f-15bbfc2d67ae_flux_1789426256.png,urban highways,sunny,clear,SUVs,very few vehicles,southeast USA,gray,one truck (Ford F150),white,varied colors,overhead,truck,,s3://auto-lora/f5ddba02-4295-48d9-8ad5-ba8583871323/1466b03e-841d-4c45-975e-c6900af67662/lora_weights.safetensors,$txc,train
778a28ed-b387-40dc-9d83-80ab5f72351b,"An overhead view of rural highways in the southeast USA with a foggy, hazy weather condition, featuring a moderate number of buses and one black Ford F150 truck on a red-brown pavement, the buses having varied colors.",f5ddba02-4295-48d9-8ad5-ba8583871323/bc6ba36c-aa02-4630-a0ea-4150b9b69e36/Synthetic/778a28ed-b387-40dc-9d83-80ab5f72351b_flux_1789425992.png,rural highways,foggy,hazy,buses,moderate number of vehicles,southeast USA,red-brown,one truck (Ford F150),black,varied colors,overhead,truck,,s3://auto-lora/f5ddba02-4295-48d9-8ad5-ba8583871323/1466b03e-841d-4c45-975e-c6900af67662/lora_weights.safetensors,$txc,train
adaa2fd5-c6ee-4676-a234-04b2fd8b97fa,"An overhead view of a rural highway in the southeast USA with a high density of SUVs and varied vehicle colors under sunny but hazy conditions; a red-brown pavement stretches between the vehicles, one black Ford F150 truck is present, and amidst this scene, a bus stands out as the object of interest.",f5ddba02-4295-48d9-8ad5-ba8583871323/bc6ba36c-aa02-4630-a0ea-4150b9b69e36/Synthetic/adaa2fd5-c6ee-4676-a234-04b2fd8b97fa_flux_1789425370.png,rural highways,sunny,hazy,SUVs,high density of vehicles,southeast USA,red-brown,one truck (Ford F150),black,varied colors,overhead,bus,,s3://auto-lora/f5ddba02-4295-48d9-8ad5-ba8583871323/1466b03e-841d-4c45-975e-c6900af67662/lora_weights.safetensors,$txc,train
f6442294-d5aa-404f-acd2-78a19a39532d,"A rural highway in the southwest USA with sunny and clear conditions, gray pavement, very few varied-colored sedans, one red Ford F150 truck, and a motorcycle visible at street level.",f5ddba02-4295-48d9-8ad5-ba8583871323/bc6ba36c-aa02-4630-a0ea-4150b9b69e36/Synthetic/f6442294-d5aa-404f-acd2-78a19a39532d_flux_1789425762.png,rural highways,sunny,clear,sedans,very few vehicles,southwest USA,gray,one truck (Ford F150),red,varied colors,street-level,motorcycle,,s3://auto-lora/f5ddba02-4295-48d9-8ad5-ba8583871323/1466b03e-841d-4c45-975e-c6900af67662/lora_weights.safetensors,$txc,train
7d20730e-d45e-4a4c-a30d-7aaed3bc1b0e,"A rural highway in the southeast USA with active precipitation and gray pavement has sedans and a moderate number of vehicles, including a white Ford F150 truck; varied colored vehicles are present from street-level, and a bus is notable among the objects of interest.",f5ddba02-4295-48d9-8ad5-ba8583871323/bc6ba36c-aa02-4630-a0ea-4150b9b69e36/Synthetic/7d20730e-d45e-4a4c-a30d-7aaed3bc1b0e_flux_1789424575.png,rural highways,rainy,active precipitation,sedans,moderate number of vehicles,southeast USA,gray,one truck (Ford F150),white,varied colors,street-level,bus,,s3://auto-lora/f5ddba02-4295-48d9-8ad5-ba8583871323/1466b03e-841d-4c45-975e-c6900af67662/lora_weights.safetensors,$txc,train
35195fbc-3539-4428-92fd-14e6639c9c31,"A sunny day with active precipitation on rural highways in the northeast USA, where red-brown pavements are visible; a moderate number of buses and one gray Ford F150 truck pass by from street level, showcasing varied vehicle colors.",f5ddba02-4295-48d9-8ad5-ba8583871323/bc6ba36c-aa02-4630-a0ea-4150b9b69e36/Synthetic/35195fbc-3539-4428-92fd-14e6639c9c31_flux_1789423968.png,rural highways,sunny,active precipitation,buses,moderate number of vehicles,northeast USA,red-brown,one truck (Ford F150),gray,varied colors,street-level,truck,,s3://auto-lora/f5ddba02-4295-48d9-8ad5-ba8583871323/1466b03e-841d-4c45-975e-c6900af67662/lora_weights.safetensors,$txc,train
e9d5cb39-7102-4f89-9a38-d50c65673888,"A street-level view of an urban highway in the southwest USA with a sunny but hazy sky, high density of motorcycles in varied colors, one black Ford F150 truck, and red-brown pavement.",f5ddba02-4295-48d9-8ad5-ba8583871323/bc6ba36c-aa02-4630-a0ea-4150b9b69e36/Synthetic/e9d5cb39-7102-4f89-9a38-d50c65673888_flux_1789424356.png,urban highways,sunny,hazy,motorcycles,high density of vehicles,southwest USA,red-brown,one truck (Ford F150),black,varied colors,street-level,car,,s3://auto-lora/f5ddba02-4295-48d9-8ad5-ba8583871323/1466b03e-841d-4c45-975e-c6900af67662/lora_weights.safetensors,$txc,train
67f1aef0-66f7-4fbc-b4ba-c22d28192d26,"A rural highway in the southeast USA with a hazy sunny sky, red-brown pavement, and very few motorcycles scattered around; a blue Ford F150 truck is present, and a car is the primary object of interest from a street-level perspective.",f5ddba02-4295-48d9-8ad5-ba8583871323/bc6ba36c-aa02-4630-a0ea-4150b9b69e36/Synthetic/67f1aef0-66f7-4fbc-b4ba-c22d28192d26_flux_1789422739.png,rural highways,sunny,hazy,motorcycles,very few vehicles,southeast USA,red-brown,one truck (Ford F150),blue,varied colors,street-level,car,,s3://auto-lora/f5ddba02-4295-48d9-8ad5-ba8583871323/1466b03e-841d-4c45-975e-c6900af67662/lora_weights.safetensors,$txc,train
103d0e8f-5f31-4451-a6a8-c2c7199a8810,"An overhead view of a hazy, sunny urban highway in the southeast USA with gray pavement and a moderate number of vehicles, including one white Ford F150 truck and various other vehicles of varied colors, with a bus of interest in the scene.",f5ddba02-4295-48d9-8ad5-ba8583871323/bc6ba36c-aa02-4630-a0ea-4150b9b69e36/Synthetic/103d0e8f-5f31-4451-a6a8-c2c7199a8810_flux_1789425890.png,urban highways,sunny,hazy,trucks (Ford F150),moderate number of vehicles,southeast USA,gray,one truck (Ford F150),white,varied colors,overhead,bus,,s3://auto-lora/f5ddba02-4295-48d9-8ad5-ba8583871323/1466b03e-841d-4c45-975e-c6900af67662/lora_weights.safetensors,$txc,train
a62f5511-94d6-4f9e-a811-ea2510f1daed,"An overhead view of a busy highway in the northeast USA with a sunny but hazy sky, featuring a high density of motorcycles in varied colors and one red Ford F150 truck, all行驶在灰色路面的车辆构成了一幅繁忙的城市高速公路景象。",f5ddba02-4295-48d9-8ad5-ba8583871323/bc6ba36c-aa02-4630-a0ea-4150b9b69e36/Synthetic/a62f5511-94d6-4f9e-a811-ea2510f1daed_flux_1789424719.png,urban highways,sunny,hazy,motorcycles,high density of vehicles,northeast USA,gray,one truck (Ford F150),red,varied colors,overhead,motorcycle,,s3://auto-lora/f5ddba02-4295-48d9-8ad5-ba8583871323/1466b03e-841d-4c45-975e-c6900af67662/lora_weights.safetensors,$txc,train
49cb5730-1f40-43cb-9c36-139b609b79b6,"An overhead view of an urban highway in the southeast USA with active snow precipitation, featuring a moderate number of buses and one red Ford F150 truck on a gray pavement, where vehicles display varied colors against a snowy backdrop.",f5ddba02-4295-48d9-8ad5-ba8583871323/bc6ba36c-aa02-4630-a0ea-4150b9b69e36/Synthetic/49cb5730-1f40-43cb-9c36-139b609b79b6_flux_1789426771.png,urban highways,snowy,active precipitation,buses,moderate number of vehicles,southeast USA,gray,one truck (Ford F150),red,varied colors,overhead,bus,,s3://auto-lora/f5ddba02-4295-48d9-8ad5-ba8583871323/1466b03e-841d-4c45-975e-c6900af67662/lora_weights.safetensors,$txc,train
9ee7b0e0-4482-45f8-884a-18a8e729ec76,"An overhead view of rural highways in the northeast USA with a snowy environment and clear visibility; moderate number of SUVs in varied colors are present, alongside one gray Ford F150 truck.",f5ddba02-4295-48d9-8ad5-ba8583871323/bc6ba36c-aa02-4630-a0ea-4150b9b69e36/Synthetic/9ee7b0e0-4482-45f8-884a-18a8e729ec76_flux_1789424150.png,rural highways,snowy,clear,SUVs,moderate number of vehicles,northeast USA,gray,one truck (Ford F150),gray,varied colors,overhead,truck,,s3://auto-lora/f5ddba02-4295-48d9-8ad5-ba8583871323/1466b03e-841d-4c45-975e-c6900af67662/lora_weights.safetensors,$txc,train
eed3e193-b188-41e1-b15d-1347de6db9b7,"A foggy rural highway in the southwest USA with hazy visibility and red-brown pavement features a moderate number of vehicles, including one white Ford F150 truck at street level.",f5ddba02-4295-48d9-8ad5-ba8583871323/bc6ba36c-aa02-4630-a0ea-4150b9b69e36/Synthetic/eed3e193-b188-41e1-b15d-1347de6db9b7_flux_1789423065.png,rural highways,foggy,hazy,trucks (Ford F150),moderate number of vehicles,southwest USA,red-brown,one truck (Ford F150),white,varied colors,street-level,truck,,s3://auto-lora/f5ddba02-4295-48d9-8ad5-ba8583871323/1466b03e-841d-4c45-975e-c6900af67662/lora_weights.safetensors,$txc,train
a61e4d86-b5d3-4a75-9561-929c22a07e89,"An overhead view of rural highways in the southeast USA with foggy weather and clear visibility, featuring a high density of varied-colored sedans and one white Ford F150 truck, the red-brown pavement contrasting against the fog.",f5ddba02-4295-48d9-8ad5-ba8583871323/bc6ba36c-aa02-4630-a0ea-4150b9b69e36/Synthetic/a61e4d86-b5d3-4a75-9561-929c22a07e89_flux_1789425324.png,rural highways,foggy,clear,sedans,high density of vehicles,southeast USA,red-brown,one truck (Ford F150),white,varied colors,overhead,car,,s3://auto-lora/f5ddba02-4295-48d9-8ad5-ba8583871323/1466b03e-841d-4c45-975e-c6900af67662/lora_weights.safetensors,$txc,train
a13fdc11-ea79-4141-8035-414b25cde0d2,"An overhead view of a snowy urban highway in the southeast USA with active precipitation, featuring a high density of buses and varied colored vehicles, including one gray Ford F150 truck, set against a red-brown pavement.",f5ddba02-4295-48d9-8ad5-ba8583871323/bc6ba36c-aa02-4630-a0ea-4150b9b69e36/Synthetic/a13fdc11-ea79-4141-8035-414b25cde0d2_flux_1789423523.png,urban highways,snowy,active precipitation,buses,high density of vehicles,southeast USA,red-brown,one truck (Ford F150),gray,varied colors,overhead,car,,s3://auto-lora/f5ddba02-4295-48d9-8ad5-ba8583871323/1466b03e-841d-4c45-975e-c6900af67662/lora_weights.safetensors,$txc,train
c585234d-05de-4be4-a96d-4f089279382f,"An urban highway in the southwest USA with red-brown pavement and active snow precipitation has very few vehicles, including one gray Ford F150 truck, while objects of interest focus on a bus visible at street-level.",f5ddba02-4295-48d9-8ad5-ba8583871323/bc6ba36c-aa02-4630-a0ea-4150b9b69e36/Synthetic/c585234d-05de-4be4-a96d-4f089279382f_flux_1789424608.png,urban highways,snowy,active precipitation,trucks (Ford F150),very few vehicles,southwest USA,red-brown,one truck (Ford F150),gray,varied colors,street-level,bus,,s3://auto-lora/f5ddba02-4295-48d9-8ad5-ba8583871323/1466b03e-841d-4c45-975e-c6900af67662/lora_weights.safetensors,$txc,train
f60e59a2-fa67-48b5-8611-892012f370b9,"A rural highway in the southeast USA with gray pavement and hazy visibility due to rainy weather, featuring a high density of sedans and one red Ford F150 truck, where varied colored motorcycles are also visible from street level.",f5ddba02-4295-48d9-8ad5-ba8583871323/bc6ba36c-aa02-4630-a0ea-4150b9b69e36/Synthetic/f60e59a2-fa67-48b5-8611-892012f370b9_flux_1789424567.png,rural highways,rainy,hazy,sedans,high density of vehicles,southeast USA,gray,one truck (Ford F150),red,varied colors,street-level,motorcycle,,s3://auto-lora/f5ddba02-4295-48d9-8ad5-ba8583871323/1466b03e-841d-4c45-975e-c6900af67662/lora_weights.safetensors,$txc,train
ccc6969c-8830-4f56-86bb-409fb69ca7f6,"A rural highway in the southwest USA with a sunny but hazy sky, featuring a street-level view of gray pavement and a moderate number of motorcycles in varied colors, including one blue Ford F150 truck, all passing by from a ground-level perspective.",f5ddba02-4295-48d9-8ad5-ba8583871323/bc6ba36c-aa02-4630-a0ea-4150b9b69e36/Synthetic/ccc6969c-8830-4f56-86bb-409fb69ca7f6_flux_1789423311.png,rural highways,sunny,hazy,motorcycles,moderate number of vehicles,southwest USA,gray,one truck (Ford F150),blue,varied colors,street-level,car,,s3://auto-lora/f5ddba02-4295-48d9-8ad5-ba8583871323/1466b03e-841d-4c45-975e-c6900af67662/lora_weights.safetensors,$txc,train
23d1a12e-8a68-4602-8bfc-7e83b253226f,"An urban highway in the northeast USA with a sunny but hazy sky, gray pavement, and a moderate number of varied-colored sedans; one gray Ford F150 truck is also present, and a motorcycle can be seen at street level.",f5ddba02-4295-48d9-8ad5-ba8583871323/bc6ba36c-aa02-4630-a0ea-4150b9b69e36/Synthetic/23d1a12e-8a68-4602-8bfc-7e83b253226f_flux_1789424972.png,urban highways,sunny,hazy,sedans,moderate number of vehicles,northeast USA,gray,one truck (Ford F150),gray,varied colors,street-level,motorcycle,,s3://auto-lora/f5ddba02-4295-48d9-8ad5-ba8583871323/1466b03e-841d-4c45-975e-c6900af67662/lora_weights.safetensors,$txc,train
dea718d5-d676-4aaa-8ae3-af463471f47d,"An overhead view of a rural highway in the southwest USA with sunny weather and active precipitation, featuring a high density of motorcycles in varied colors and one white Ford F150 truck, all against a gray pavement environment.",f5ddba02-4295-48d9-8ad5-ba8583871323/bc6ba36c-aa02-4630-a0ea-4150b9b69e36/Synthetic/dea718d5-d676-4aaa-8ae3-af463471f47d_flux_1789422945.png,rural highways,sunny,active precipitation,motorcycles,high density of vehicles,southwest USA,gray,one truck (Ford F150),white,varied colors,overhead,car,,s3://auto-lora/f5ddba02-4295-48d9-8ad5-ba8583871323/1466b03e-841d-4c45-975e-c6900af67662/lora_weights.safetensors,$txc,train
457b4d70-0c9a-4fa4-82d7-c087e042bef5,"An urban highway in the southwest USA with red-brown pavement and clear visibility despite rainy weather conditions features a moderate number of motorcycles and one red Ford F150 truck, while vehicles display varied colors from street-level perspective focusing on the motorcycles.",f5ddba02-4295-48d9-8ad5-ba8583871323/bc6ba36c-aa02-4630-a0ea-4150b9b69e36/Synthetic/457b4d70-0c9a-4fa4-82d7-c087e042bef5_flux_1789426524.png,urban highways,rainy,clear,motorcycles,moderate number of vehicles,southwest USA,red-brown,one truck (Ford F150),red,varied colors,street-level,motorcycle,,s3://auto-lora/f5ddba02-4295-48d9-8ad5-ba8583871323/1466b03e-841d-4c45-975e-c6900af67662/lora_weights.safetensors,$txc,train
180558ce-79f4-4bb8-8ab8-c5eebdc7f536,"An overhead view of a foggy rural highway in the southwest USA with high density of buses and varied vehicle colors, active precipitation, and one blue Ford F150 truck; the road has a red-brown pavement and a motorcycle is also visible as an object of interest.",f5ddba02-4295-48d9-8ad5-ba8583871323/bc6ba36c-aa02-4630-a0ea-4150b9b69e36/Synthetic/180558ce-79f4-4bb8-8ab8-c5eebdc7f536_flux_1789423852.png,rural highways,foggy,active precipitation,buses,high density of vehicles,southwest USA,red-brown,one truck (Ford F150),blue,varied colors,overhead,motorcycle,,s3://auto-lora/f5ddba02-4295-48d9-8ad5-ba8583871323/1466b03e-841d-4c45-975e-c6900af67662/lora_weights.safetensors,$txc,train
6f28947c-e4bc-4b47-88c3-ee151f13cc74,"An urban highway in the southeast USA with foggy conditions and active precipitation, showing very few vehicles of varied colors, one black Ford F150 truck, and red-brown pavement viewed from street level where cars are the primary focus.",f5ddba02-4295-48d9-8ad5-ba8583871323/bc6ba36c-aa02-4630-a0ea-4150b9b69e36/Synthetic/6f28947c-e4bc-4b47-88c3-ee151f13cc74_flux_1789426520.png,urban highways,foggy,active precipitation,buses,very few vehicles,southeast USA,red-brown,one truck (Ford F150),black,varied colors,street-level,car,,s3://auto-lora/f5ddba02-4295-48d9-8ad5-ba8583871323/1466b03e-841d-4c45-975e-c6900af67662/lora_weights.safetensors,$txc,train
21ed1f62-05a1-435c-85fd-ef4b06160e85,"An overhead view of a sunny urban highway in the northeast USA with clear visibility, featuring a moderate number of buses and varied colored vehicles, including one black Ford F150 truck, set against a red-brown pavement, with cars as the primary objects of interest.",f5ddba02-4295-48d9-8ad5-ba8583871323/bc6ba36c-aa02-4630-a0ea-4150b9b69e36/Synthetic/21ed1f62-05a1-435c-85fd-ef4b06160e85_flux_1789422780.png,urban highways,sunny,clear,buses,moderate number of vehicles,northeast USA,red-brown,one truck (Ford F150),black,varied colors,overhead,car,,s3://auto-lora/f5ddba02-4295-48d9-8ad5-ba8583871323/1466b03e-841d-4c45-975e-c6900af67662/lora_weights.safetensors,$txc,train
ee85396e-8a69-4667-b4a4-3e11fb694206,"An overhead view of a rainy urban highway in the southeast USA with a high density of SUVs and varied vehicle colors, clear visibility, a red-brown pavement, and one gray Ford F150 truck; a motorcycle is also present.",f5ddba02-4295-48d9-8ad5-ba8583871323/bc6ba36c-aa02-4630-a0ea-4150b9b69e36/Synthetic/ee85396e-8a69-4667-b4a4-3e11fb694206_flux_1789423840.png,urban highways,rainy,clear,SUVs,high density of vehicles,southeast USA,red-brown,one truck (Ford F150),gray,varied colors,overhead,motorcycle,,s3://auto-lora/f5ddba02-4295-48d9-8ad5-ba8583871323/1466b03e-841d-4c45-975e-c6900af67662/lora_weights.safetensors,$txc,train
28dfbaf0-22bc-4a2b-a004-01d0017ad211,"An overhead view of a rural highway in the southeast USA with a foggy, hazy weather condition, gray pavement, and very few motorcycles of varied colors visible; one gray Ford F150 truck is present, and a bus stands out as the primary object of interest.",f5ddba02-4295-48d9-8ad5-ba8583871323/bc6ba36c-aa02-4630-a0ea-4150b9b69e36/Synthetic/28dfbaf0-22bc-4a2b-a004-01d0017ad211_flux_1789422933.png,rural highways,foggy,hazy,motorcycles,very few vehicles,southeast USA,gray,one truck (Ford F150),gray,varied colors,overhead,bus,,s3://auto-lora/f5ddba02-4295-48d9-8ad5-ba8583871323/1466b03e-841d-4c45-975e-c6900af67662/lora_weights.safetensors,$txc,train
d467ea57-3894-4a74-9021-77aa0b874058,"An overhead view of a rainy, hazy urban highway in the southeast USA with gray pavement and a moderate number of buses; one white Ford F150 truck is also visible among the varied vehicle colors.",f5ddba02-4295-48d9-8ad5-ba8583871323/bc6ba36c-aa02-4630-a0ea-4150b9b69e36/Synthetic/d467ea57-3894-4a74-9021-77aa0b874058_flux_1789426693.png,urban highways,rainy,hazy,buses,moderate number of vehicles,southeast USA,gray,one truck (Ford F150),white,varied colors,overhead,truck,,s3://auto-lora/f5ddba02-4295-48d9-8ad5-ba8583871323/1466b03e-841d-4c45-975e-c6900af67662/lora_weights.safetensors,$txc,train
5ccc5d3d-f0ab-4cce-b602-8c5d8ad61ea3,"An overhead view of rural highways in the northeast USA with a snowy, clear weather condition showing a moderate number of buses and varied colored vehicles, including one gray Ford F150 truck, and a single motorcycle is visible on the gray pavement.",f5ddba02-4295-48d9-8ad5-ba8583871323/bc6ba36c-aa02-4630-a0ea-4150b9b69e36/Synthetic/5ccc5d3d-f0ab-4cce-b602-8c5d8ad61ea3_flux_1789424625.png,rural highways,snowy,clear,buses,moderate number of vehicles,northeast USA,gray,one truck (Ford F150),gray,varied colors,overhead,motorcycle,,s3://auto-lora/f5ddba02-4295-48d9-8ad5-ba8583871323/1466b03e-841d-4c45-975e-c6900af67662/lora_weights.safetensors,$txc,train
d7b097ab-ebcc-49f3-8bac-cbb3dee64488,"An overhead view of an urban highway in the northeast USA with a snowy, clear weather condition, featuring a moderate number of buses and a black Ford F150 truck, all on a red-brown pavement, showcasing varied vehicle colors.",f5ddba02-4295-48d9-8ad5-ba8583871323/bc6ba36c-aa02-4630-a0ea-4150b9b69e36/Synthetic/d7b097ab-ebcc-49f3-8bac-cbb3dee64488_flux_1789423192.png,urban highways,snowy,clear,buses,moderate number of vehicles,northeast USA,red-brown,one truck (Ford F150),black,varied colors,overhead,truck,,s3://auto-lora/f5ddba02-4295-48d9-8ad5-ba8583871323/1466b03e-841d-4c45-975e-c6900af67662/lora_weights.safetensors,$txc,train
f74a7a2b-e703-4979-a48e-d192b66f0e75,"A foggy rural highway in the northeast USA with hazy visibility and gray pavement, featuring very few vehicles including one blue Ford F150 truck and cars of varied colors, viewed from street level.",f5ddba02-4295-48d9-8ad5-ba8583871323/bc6ba36c-aa02-4630-a0ea-4150b9b69e36/Synthetic/f74a7a2b-e703-4979-a48e-d192b66f0e75_flux_1789424306.png,rural highways,foggy,hazy,trucks (Ford F150),very few vehicles,northeast USA,gray,one truck (Ford F150),blue,varied colors,street-level,car,,s3://auto-lora/f5ddba02-4295-48d9-8ad5-ba8583871323/1466b03e-841d-4c45-975e-c6900af67662/lora_weights.safetensors,$txc,train
4370b621-ea28-4e65-ba0f-74006967378a,"A rural highway in the southeast USA with red-brown pavement, visible under clear rainy weather and street-level angle, features very few vehicles including one blue Ford F150 truck while other vehicles have varied colors.",f5ddba02-4295-48d9-8ad5-ba8583871323/bc6ba36c-aa02-4630-a0ea-4150b9b69e36/Synthetic/4370b621-ea28-4e65-ba0f-74006967378a_flux_1789423704.png,rural highways,rainy,clear,trucks (Ford F150),very few vehicles,southeast USA,red-brown,one truck (Ford F150),blue,varied colors,street-level,car,,s3://auto-lora/f5ddba02-4295-48d9-8ad5-ba8583871323/1466b03e-841d-4c45-975e-c6900af67662/lora_weights.safetensors,$txc,train
fd824256-dcf1-4374-9411-4763757f3144,"A rural highway in the northeast USA with gray pavement and clear visibility despite rainy weather conditions, featuring a moderate number of motorcycles and one red Ford F150 truck, while vehicles display varied colors from street-level perspective, with cars being the primary objects of interest.",f5ddba02-4295-48d9-8ad5-ba8583871323/bc6ba36c-aa02-4630-a0ea-4150b9b69e36/Synthetic/fd824256-dcf1-4374-9411-4763757f3144_flux_1789425152.png,rural highways,rainy,clear,motorcycles,moderate number of vehicles,northeast USA,gray,one truck (Ford F150),red,varied colors,street-level,car,,s3://auto-lora/f5ddba02-4295-48d9-8ad5-ba8583871323/1466b03e-841d-4c45-975e-c6900af67662/lora_weights.safetensors,$txc,train
955ece0e-807c-4742-ba01-f06d3623f584,A foggy rural highway in the southeast USA with red-brown pavement and very few vehicles of varied colors; a street-level view shows one gray Ford F150 truck traveling on the road.,f5ddba02-4295-48d9-8ad5-ba8583871323/bc6ba36c-aa02-4630-a0ea-4150b9b69e36/Synthetic/955ece0e-807c-4742-ba01-f06d3623f584_flux_1789424439.png,rural highways,foggy,clear,SUVs,very few vehicles,southeast USA,red-brown,one truck (Ford F150),gray,varied colors,street-level,truck,,s3://auto-lora/f5ddba02-4295-48d9-8ad5-ba8583871323/1466b03e-841d-4c45-975e-c6900af67662/lora_weights.safetensors,$txc,train
72cd5d3b-42d1-48af-82ea-65ea813ccaf4,A rural highway in the northeast USA with red-brown pavement and active precipitation from rainy weather; street-level view shows very few vehicles including one red Ford F150 truck and a motorcycle.,f5ddba02-4295-48d9-8ad5-ba8583871323/bc6ba36c-aa02-4630-a0ea-4150b9b69e36/Synthetic/72cd5d3b-42d1-48af-82ea-65ea813ccaf4_flux_1789424751.png,rural highways,rainy,active precipitation,trucks (Ford F150),very few vehicles,northeast USA,red-brown,one truck (Ford F150),red,varied colors,street-level,motorcycle,,s3://auto-lora/f5ddba02-4295-48d9-8ad5-ba8583871323/1466b03e-841d-4c45-975e-c6900af67662/lora_weights.safetensors,$txc,train
7a67afe8-3497-4e8c-a215-527664fda027,"A rural highway in the southeast USA with snowy weather and clear visibility features a high density of SUVs in varied colors, one blue Ford F150 truck, and gray pavement from a street-level angle; the objects of interest include a bus.",f5ddba02-4295-48d9-8ad5-ba8583871323/bc6ba36c-aa02-4630-a0ea-4150b9b69e36/Synthetic/7a67afe8-3497-4e8c-a215-527664fda027_flux_1789426742.png,rural highways,snowy,clear,SUVs,high density of vehicles,southeast USA,gray,one truck (Ford F150),blue,varied colors,street-level,bus,,s3://auto-lora/f5ddba02-4295-48d9-8ad5-ba8583871323/1466b03e-841d-4c45-975e-c6900af67662/lora_weights.safetensors,$txc,train
1ec4d917-6ee6-4de2-b770-e14ee3916d36,"An urban highway in the southeast USA with gray pavement and clear visibility despite rainy weather conditions; a street-level view shows very few vehicles, including one white Ford F150 truck, with varied colored vehicles present and a motorcycle of interest.",f5ddba02-4295-48d9-8ad5-ba8583871323/bc6ba36c-aa02-4630-a0ea-4150b9b69e36/Synthetic/1ec4d917-6ee6-4de2-b770-e14ee3916d36_flux_1789422978.png,urban highways,rainy,clear,trucks (Ford F150),very few vehicles,southeast USA,gray,one truck (Ford F150),white,varied colors,street-level,motorcycle,,s3://auto-lora/f5ddba02-4295-48d9-8ad5-ba8583871323/1466b03e-841d-4c45-975e-c6900af67662/lora_weights.safetensors,$txc,train
aa088eb2-7a5b-47d8-8fe4-8d89a828d27f,"A rural highway in the southwest USA with a red-brown pavement, sunny weather and active precipitation, features a moderate number of buses and one white Ford F150 truck, viewed from street level with varied bus colors.",f5ddba02-4295-48d9-8ad5-ba8583871323/bc6ba36c-aa02-4630-a0ea-4150b9b69e36/Synthetic/aa088eb2-7a5b-47d8-8fe4-8d89a828d27f_flux_1789422731.png,rural highways,sunny,active precipitation,buses,moderate number of vehicles,southwest USA,red-brown,one truck (Ford F150),white,varied colors,street-level,bus,,s3://auto-lora/f5ddba02-4295-48d9-8ad5-ba8583871323/1466b03e-841d-4c45-975e-c6900af67662/lora_weights.safetensors,$txc,train
e730eed6-f580-4b2a-a015-f2dd85a7baa6,"An overhead view of an urban highway in the northeast USA during rainy weather with active precipitation, showing very few vehicles including varied colored buses and one white Ford F150 truck.",f5ddba02-4295-48d9-8ad5-ba8583871323/bc6ba36c-aa02-4630-a0ea-4150b9b69e36/Synthetic/e730eed6-f580-4b2a-a015-f2dd85a7baa6_flux_1789426017.png,urban highways,rainy,active precipitation,buses,very few vehicles,northeast USA,gray,one truck (Ford F150),white,varied colors,overhead,truck,,s3://auto-lora/f5ddba02-4295-48d9-8ad5-ba8583871323/1466b03e-841d-4c45-975e-c6900af67662/lora_weights.safetensors,$txc,train
240aadcc-f0b6-49d9-b1ca-38840ccf5c6b,"A foggy rural highway in the southeast USA with red-brown pavement and high density of sedans, one black Ford F150 truck, and varied vehicle colors, visible from street level during active precipitation.",f5ddba02-4295-48d9-8ad5-ba8583871323/bc6ba36c-aa02-4630-a0ea-4150b9b69e36/Synthetic/240aadcc-f0b6-49d9-b1ca-38840ccf5c6b_flux_1789426725.png,rural highways,foggy,active precipitation,sedans,high density of vehicles,southeast USA,red-brown,one truck (Ford F150),black,varied colors,street-level,car,,s3://auto-lora/f5ddba02-4295-48d9-8ad5-ba8583871323/1466b03e-841d-4c45-975e-c6900af67662/lora_weights.safetensors,$txc,train
02b24c34-3bee-4f9a-addc-de8f13d5d746,"A foggy rural highway in the southeast USA with active precipitation, gray pavement, and a moderate number of vehicles including a gray Ford F150 truck; the street-level view shows varied vehicle colors with one prominent Ford F150 truck.",f5ddba02-4295-48d9-8ad5-ba8583871323/bc6ba36c-aa02-4630-a0ea-4150b9b69e36/Synthetic/02b24c34-3bee-4f9a-addc-de8f13d5d746_flux_1789423692.png,rural highways,foggy,active precipitation,trucks (Ford F150),moderate number of vehicles,southeast USA,gray,one truck (Ford F150),gray,varied colors,street-level,car,,s3://auto-lora/f5ddba02-4295-48d9-8ad5-ba8583871323/1466b03e-841d-4c45-975e-c6900af67662/lora_weights.safetensors,$txc,train
b45374f9-a939-407a-b58a-8337574a8637,"An overhead view of a foggy urban highway in the southwest USA with a moderate number of varied-colored SUVs and one white Ford F150 truck, gray pavement, and a bus as the primary object of interest.",f5ddba02-4295-48d9-8ad5-ba8583871323/bc6ba36c-aa02-4630-a0ea-4150b9b69e36/Synthetic/b45374f9-a939-407a-b58a-8337574a8637_flux_1789425709.png,urban highways,foggy,clear,SUVs,moderate number of vehicles,southwest USA,gray,one truck (Ford F150),white,varied colors,overhead,bus,,s3://auto-lora/f5ddba02-4295-48d9-8ad5-ba8583871323/1466b03e-841d-4c45-975e-c6900af67662/lora_weights.safetensors,$txc,train
a0bfbd64-acbb-4dbe-a29e-ac21dcc79386,"A rural highway in the southeast USA with red-brown pavement, visible in a hazy, rainy conditions from street level, shows very few sedans and one blue Ford F150 truck; the vehicles have varied colors and a bus is of particular interest in this scene.",f5ddba02-4295-48d9-8ad5-ba8583871323/bc6ba36c-aa02-4630-a0ea-4150b9b69e36/Synthetic/a0bfbd64-acbb-4dbe-a29e-ac21dcc79386_flux_1789426186.png,rural highways,rainy,hazy,sedans,very few vehicles,southeast USA,red-brown,one truck (Ford F150),blue,varied colors,street-level,bus,,s3://auto-lora/f5ddba02-4295-48d9-8ad5-ba8583871323/1466b03e-841d-4c45-975e-c6900af67662/lora_weights.safetensors,$txc,train
99d5b1f6-f6e0-4d2f-a03c-962b41a4a89d,"A rural highway in the southeast USA with gray pavement and clear visibility despite rainy weather conditions, showing a street-level view of very few vehicles including varied colored buses and one black Ford F150 truck.",f5ddba02-4295-48d9-8ad5-ba8583871323/bc6ba36c-aa02-4630-a0ea-4150b9b69e36/Synthetic/99d5b1f6-f6e0-4d2f-a03c-962b41a4a89d_flux_1789424821.png,rural highways,rainy,clear,buses,very few vehicles,southeast USA,gray,one truck (Ford F150),black,varied colors,street-level,bus,,s3://auto-lora/f5ddba02-4295-48d9-8ad5-ba8583871323/1466b03e-841d-4c45-975e-c6900af67662/lora_weights.safetensors,$txc,train
a12815c5-3bfb-418a-a6cb-08f8f7ee554b,"An urban highway in the southwest USA with foggy weather and clear visibility, featuring a moderate number of buses and one blue Ford F150 truck at street level, where vehicles display varied colors.",f5ddba02-4295-48d9-8ad5-ba8583871323/bc6ba36c-aa02-4630-a0ea-4150b9b69e36/Synthetic/a12815c5-3bfb-418a-a6cb-08f8f7ee554b_flux_1789426351.png,urban highways,foggy,clear,buses,moderate number of vehicles,southwest USA,gray,one truck (Ford F150),blue,varied colors,street-level,truck,,s3://auto-lora/f5ddba02-4295-48d9-8ad5-ba8583871323/1466b03e-841d-4c45-975e-c6900af67662/lora_weights.safetensors,$txc,train
2e2153e5-77b2-4646-9287-04063ae7cab6,"A rural highway in the southeast USA with a sunny but hazy sky, featuring very few vehicles of varied colors and one gray Ford F150 truck, on a red-brown pavement viewed from street level.",f5ddba02-4295-48d9-8ad5-ba8583871323/bc6ba36c-aa02-4630-a0ea-4150b9b69e36/Synthetic/2e2153e5-77b2-4646-9287-04063ae7cab6_flux_1789424385.png,rural highways,sunny,hazy,buses,very few vehicles,southeast USA,red-brown,one truck (Ford F150),gray,varied colors,street-level,truck,,s3://auto-lora/f5ddba02-4295-48d9-8ad5-ba8583871323/1466b03e-841d-4c45-975e-c6900af67662/lora_weights.safetensors,$txc,train
9d7ce3f3-0167-4672-a024-b44ccd2f8a82,"An overhead view of a rainy, hazy urban highway in the southwest USA with gray pavement and a moderate number of vehicles, including one white Ford F150 truck, where the primary focus is a bus present in the scene.",f5ddba02-4295-48d9-8ad5-ba8583871323/bc6ba36c-aa02-4630-a0ea-4150b9b69e36/Synthetic/9d7ce3f3-0167-4672-a024-b44ccd2f8a82_flux_1789426174.png,urban highways,rainy,hazy,trucks (Ford F150),moderate number of vehicles,southwest USA,gray,one truck (Ford F150),white,varied colors,overhead,bus,,s3://auto-lora/f5ddba02-4295-48d9-8ad5-ba8583871323/1466b03e-841d-4c45-975e-c6900af67662/lora_weights.safetensors,$txc,train
8f91968f-3f04-47be-9169-ad9d3b9366d3,"An overhead view of a rainy, hazy urban highway in the northeast USA with gray pavement and very few vehicles, featuring a red Ford F150 truck among SUVs of varied colors.",f5ddba02-4295-48d9-8ad5-ba8583871323/bc6ba36c-aa02-4630-a0ea-4150b9b69e36/Synthetic/8f91968f-3f04-47be-9169-ad9d3b9366d3_flux_1789424117.png,urban highways,rainy,hazy,SUVs,very few vehicles,northeast USA,gray,one truck (Ford F150),red,varied colors,overhead,truck,,s3://auto-lora/f5ddba02-4295-48d9-8ad5-ba8583871323/1466b03e-841d-4c45-975e-c6900af67662/lora_weights.safetensors,$txc,train
2a46a4c1-4355-4577-86ae-2cfc57976b41,"An urban highway in the northeast USA with active precipitation from rainy weather, showing very few vehicles of varied colors, one gray Ford F150 truck, and red-brown pavement from a street-level angle, where the object of interest is a motorcycle.",f5ddba02-4295-48d9-8ad5-ba8583871323/bc6ba36c-aa02-4630-a0ea-4150b9b69e36/Synthetic/2a46a4c1-4355-4577-86ae-2cfc57976b41_flux_1789423811.png,urban highways,rainy,active precipitation,buses,very few vehicles,northeast USA,red-brown,one truck (Ford F150),gray,varied colors,street-level,motorcycle,,s3://auto-lora/f5ddba02-4295-48d9-8ad5-ba8583871323/1466b03e-841d-4c45-975e-c6900af67662/lora_weights.safetensors,$txc,train
5271a324-d5b6-4fc7-ac0b-b0913b3312da,"An overhead view of rural highways in the southwest USA with a foggy, hazy weather condition, featuring a moderate number of SUVs in varied colors and one black Ford F150 truck, with red-brown pavement and a bus as the primary point of interest.",f5ddba02-4295-48d9-8ad5-ba8583871323/bc6ba36c-aa02-4630-a0ea-4150b9b69e36/Synthetic/5271a324-d5b6-4fc7-ac0b-b0913b3312da_flux_1789426437.png,rural highways,foggy,hazy,SUVs,moderate number of vehicles,southwest USA,red-brown,one truck (Ford F150),black,varied colors,overhead,bus,,s3://auto-lora/f5ddba02-4295-48d9-8ad5-ba8583871323/1466b03e-841d-4c45-975e-c6900af67662/lora_weights.safetensors,$txc,train
e2f113c2-9d32-46a5-9090-a2e4098a6ca9,"An urban highway in the northeast USA with a high density of SUVs and varied vehicle colors, the scene is hazy and rainy, street-level view showing red-brown pavement and one red Ford F150 truck among the vehicles.",f5ddba02-4295-48d9-8ad5-ba8583871323/bc6ba36c-aa02-4630-a0ea-4150b9b69e36/Synthetic/e2f113c2-9d32-46a5-9090-a2e4098a6ca9_flux_1789423378.png,urban highways,rainy,hazy,SUVs,high density of vehicles,northeast USA,red-brown,one truck (Ford F150),red,varied colors,street-level,car,,s3://auto-lora/f5ddba02-4295-48d9-8ad5-ba8583871323/1466b03e-841d-4c45-975e-c6900af67662/lora_weights.safetensors,$txc,train
7fb43e39-5e2f-4452-a601-8bf2f5cb7722,"An overhead view of an urban highway in the southeast USA with a sunny but hazy sky, featuring very few varied-colored sedans and one gray Ford F150 truck on a red-brown pavement.",f5ddba02-4295-48d9-8ad5-ba8583871323/bc6ba36c-aa02-4630-a0ea-4150b9b69e36/Synthetic/7fb43e39-5e2f-4452-a601-8bf2f5cb7722_flux_1789424232.png,urban highways,sunny,hazy,sedans,very few vehicles,southeast USA,red-brown,one truck (Ford F150),gray,varied colors,overhead,car,,s3://auto-lora/f5ddba02-4295-48d9-8ad5-ba8583871323/1466b03e-841d-4c45-975e-c6900af67662/lora_weights.safetensors,$txc,train
5b5a03ab-66e0-4273-ba0e-0671916d0441,"A rural highway in the southeast USA with a high density of sedans and varied vehicle colors, the scene is rainy and hazy, the pavement is red-brown, and a street-level view shows one red Ford F150 truck among the vehicles.",f5ddba02-4295-48d9-8ad5-ba8583871323/bc6ba36c-aa02-4630-a0ea-4150b9b69e36/Synthetic/5b5a03ab-66e0-4273-ba0e-0671916d0441_flux_1789425800.png,rural highways,rainy,hazy,sedans,high density of vehicles,southeast USA,red-brown,one truck (Ford F150),red,varied colors,street-level,car,,s3://auto-lora/f5ddba02-4295-48d9-8ad5-ba8583871323/1466b03e-841d-4c45-975e-c6900af67662/lora_weights.safetensors,$txc,train
aedf8f31-d0e4-4b3b-84e7-6a604ca5ee74,"An urban highway in the northeast USA with active snow precipitation and high density of vehicles, predominantly trucks including one black Ford F150, displayed from a street-level angle; the gray pavement is visible, and among the varied vehicle colors, a bus stands out as the object of interest.",f5ddba02-4295-48d9-8ad5-ba8583871323/bc6ba36c-aa02-4630-a0ea-4150b9b69e36/Synthetic/aedf8f31-d0e4-4b3b-84e7-6a604ca5ee74_flux_1789425189.png,urban highways,snowy,active precipitation,trucks (Ford F150),high density of vehicles,northeast USA,gray,one truck (Ford F150),black,varied colors,street-level,bus,,s3://auto-lora/f5ddba02-4295-48d9-8ad5-ba8583871323/1466b03e-841d-4c45-975e-c6900af67662/lora_weights.safetensors,$txc,train
74713a13-e121-4c72-bd71-88bfce7b6604,"An overhead view of rural highways in the northeast USA with sunny and clear conditions, featuring a moderate number of motorcycles in varied colors and one black Ford F150 truck, all set against a backdrop of red-brown pavement.",f5ddba02-4295-48d9-8ad5-ba8583871323/bc6ba36c-aa02-4630-a0ea-4150b9b69e36/Synthetic/74713a13-e121-4c72-bd71-88bfce7b6604_flux_1789423345.png,rural highways,sunny,clear,motorcycles,moderate number of vehicles,northeast USA,red-brown,one truck (Ford F150),black,varied colors,overhead,truck,,s3://auto-lora/f5ddba02-4295-48d9-8ad5-ba8583871323/1466b03e-841d-4c45-975e-c6900af67662/lora_weights.safetensors,$txc,train
1a0d5367-ddba-425b-93ca-3ec54c429c86,"An overhead view of a foggy urban highway in the northeast USA with high density of motorcycles and varied vehicle colors, active precipitation, red-brown pavement, and one gray Ford F150 truck.",f5ddba02-4295-48d9-8ad5-ba8583871323/bc6ba36c-aa02-4630-a0ea-4150b9b69e36/Synthetic/1a0d5367-ddba-425b-93ca-3ec54c429c86_flux_1789426096.png,urban highways,foggy,active precipitation,motorcycles,high density of vehicles,northeast USA,red-brown,one truck (Ford F150),gray,varied colors,overhead,motorcycle,,s3://auto-lora/f5ddba02-4295-48d9-8ad5-ba8583871323/1466b03e-841d-4c45-975e-c6900af67662/lora_weights.safetensors,$txc,train
270d8341-c622-45fc-a0c7-9292bf63eaea,"An overhead view of rural highways in the southeast USA with a high density of vehicles, including a blue Ford F150 truck on a red-brown pavement, under clear snowy conditions and varied vehicle colors.",f5ddba02-4295-48d9-8ad5-ba8583871323/bc6ba36c-aa02-4630-a0ea-4150b9b69e36/Synthetic/270d8341-c622-45fc-a0c7-9292bf63eaea_flux_1789422999.png,rural highways,snowy,clear,trucks (Ford F150),high density of vehicles,southeast USA,red-brown,one truck (Ford F150),blue,varied colors,overhead,car,,s3://auto-lora/f5ddba02-4295-48d9-8ad5-ba8583871323/1466b03e-841d-4c45-975e-c6900af67662/lora_weights.safetensors,$txc,train
d57d40da-aa70-48fc-8bb7-f595fec58975,"An urban highway in the southeast USA with a snowy but clear environment, featuring a street-level view of moderate number of varied-colored SUVs and one red Ford F150 truck on gray pavement.",f5ddba02-4295-48d9-8ad5-ba8583871323/bc6ba36c-aa02-4630-a0ea-4150b9b69e36/Synthetic/d57d40da-aa70-48fc-8bb7-f595fec58975_flux_1789424792.png,urban highways,snowy,clear,SUVs,moderate number of vehicles,southeast USA,gray,one truck (Ford F150),red,varied colors,street-level,truck,,s3://auto-lora/f5ddba02-4295-48d9-8ad5-ba8583871323/1466b03e-841d-4c45-975e-c6900af67662/lora_weights.safetensors,$txc,train
608b384b-8027-4f1c-a01f-69fd9328ca83,"A rural highway in the northeast USA with a snowy, hazy environment, features red-brown pavement, and very few vehicles including one blue Ford F150 truck; an object of interest is a bus visible in the scene from street level.",f5ddba02-4295-48d9-8ad5-ba8583871323/bc6ba36c-aa02-4630-a0ea-4150b9b69e36/Synthetic/608b384b-8027-4f1c-a01f-69fd9328ca83_flux_1789426260.png,rural highways,snowy,hazy,trucks (Ford F150),very few vehicles,northeast USA,red-brown,one truck (Ford F150),blue,varied colors,street-level,bus,,s3://auto-lora/f5ddba02-4295-48d9-8ad5-ba8583871323/1466b03e-841d-4c45-975e-c6900af67662/lora_weights.safetensors,$txc,train
1ae2dbdf-d947-400e-9b0a-d46f8a0c30db,"A rural highway in the northeast USA with a high density of sedans and a gray Ford F150 truck, the scene is sunny but hazy, the pavement is red-brown, and vehicles display varied colors from street level.",f5ddba02-4295-48d9-8ad5-ba8583871323/bc6ba36c-aa02-4630-a0ea-4150b9b69e36/Synthetic/1ae2dbdf-d947-400e-9b0a-d46f8a0c30db_flux_1789422694.png,rural highways,sunny,hazy,sedans,high density of vehicles,northeast USA,red-brown,one truck (Ford F150),gray,varied colors,street-level,truck,,s3://auto-lora/f5ddba02-4295-48d9-8ad5-ba8583871323/1466b03e-841d-4c45-975e-c6900af67662/lora_weights.safetensors,$txc,train
3b738c83-6ded-43de-9f1a-9c62c5024a50,An overhead view of a busy highway in the northeast USA with a high density of buses and varied vehicle colors under sunny but hazy conditions; one gray Ford F150 truck is also visible on the gray pavement.,f5ddba02-4295-48d9-8ad5-ba8583871323/bc6ba36c-aa02-4630-a0ea-4150b9b69e36/Synthetic/3b738c83-6ded-43de-9f1a-9c62c5024a50_flux_1789424698.png,urban highways,sunny,hazy,buses,high density of vehicles,northeast USA,gray,one truck (Ford F150),gray,varied colors,overhead,truck,,s3://auto-lora/f5ddba02-4295-48d9-8ad5-ba8583871323/1466b03e-841d-4c45-975e-c6900af67662/lora_weights.safetensors,$txc,train
e877d89d-c6cc-4d83-9f29-1fc444b2880e,"An overhead view of a rural highway in the southeast USA with a high density of vehicles, mostly trucks including one gray Ford F150, and varied colored cars, set against a hazy sunny background where the gray pavement is barely visible, featuring a bus as the object of interest.",f5ddba02-4295-48d9-8ad5-ba8583871323/bc6ba36c-aa02-4630-a0ea-4150b9b69e36/Synthetic/e877d89d-c6cc-4d83-9f29-1fc444b2880e_flux_1789425837.png,rural highways,sunny,hazy,trucks (Ford F150),high density of vehicles,southeast USA,gray,one truck (Ford F150),gray,varied colors,overhead,bus,,s3://auto-lora/f5ddba02-4295-48d9-8ad5-ba8583871323/1466b03e-841d-4c45-975e-c6900af67662/lora_weights.safetensors,$txc,train
dc088460-87bd-4fb6-b2c0-dd31ce0d5774,"An overhead view of a rural highway in the southwest USA with red-brown pavement, foggy weather and active precipitation, very few motorcycles and one black Ford F150 truck present, showcasing varied vehicle colors.",f5ddba02-4295-48d9-8ad5-ba8583871323/bc6ba36c-aa02-4630-a0ea-4150b9b69e36/Synthetic/dc088460-87bd-4fb6-b2c0-dd31ce0d5774_flux_1789424711.png,rural highways,foggy,active precipitation,motorcycles,very few vehicles,southwest USA,red-brown,one truck (Ford F150),black,varied colors,overhead,car,,s3://auto-lora/f5ddba02-4295-48d9-8ad5-ba8583871323/1466b03e-841d-4c45-975e-c6900af67662/lora_weights.safetensors,$txc,train
26142541-eef5-4cdf-b894-acdc93bdd2d3,"A foggy rural highway in the southwest USA with hazy visibility and gray pavement, featuring very few vehicles, one gray Ford F150 truck at street level, and other vehicles of varied colors.",f5ddba02-4295-48d9-8ad5-ba8583871323/bc6ba36c-aa02-4630-a0ea-4150b9b69e36/Synthetic/26142541-eef5-4cdf-b894-acdc93bdd2d3_flux_1789425610.png,rural highways,foggy,hazy,trucks (Ford F150),very few vehicles,southwest USA,gray,one truck (Ford F150),gray,varied colors,street-level,truck,,s3://auto-lora/f5ddba02-4295-48d9-8ad5-ba8583871323/1466b03e-841d-4c45-975e-c6900af67662/lora_weights.safetensors,$txc,train
7c82ec81-6d81-404f-87e9-c4ac0b026bba,"A foggy rural highway in the southeast USA with hazy visibility, gray pavement, and a street-level view showing a moderate number of varied-colored SUVs and one gray Ford F150 truck driving on the road.",f5ddba02-4295-48d9-8ad5-ba8583871323/bc6ba36c-aa02-4630-a0ea-4150b9b69e36/Synthetic/7c82ec81-6d81-404f-87e9-c4ac0b026bba_flux_1789426248.png,rural highways,foggy,hazy,SUVs,moderate number of vehicles,southeast USA,gray,one truck (Ford F150),gray,varied colors,street-level,car,,s3://auto-lora/f5ddba02-4295-48d9-8ad5-ba8583871323/1466b03e-841d-4c45-975e-c6900af67662/lora_weights.safetensors,$txc,train
b1b03aef-9102-4033-bc50-b05c01b1287f,"An overhead view of rural highways in the southeast USA with a high density of motorcycles and a blue Ford F150 truck, set against a snowy, clear sky and red-brown pavement.",f5ddba02-4295-48d9-8ad5-ba8583871323/bc6ba36c-aa02-4630-a0ea-4150b9b69e36/Synthetic/b1b03aef-9102-4033-bc50-b05c01b1287f_flux_1789426223.png,rural highways,snowy,clear,motorcycles,high density of vehicles,southeast USA,red-brown,one truck (Ford F150),blue,varied colors,overhead,truck,,s3://auto-lora/f5ddba02-4295-48d9-8ad5-ba8583871323/1466b03e-841d-4c45-975e-c6900af67662/lora_weights.safetensors,$txc,train
8da08b60-2579-4f8a-898d-8e655b06c1c2,"An overhead view of a rural highway in the northeast USA with a high density of buses and varied vehicle colors under sunny but hazy conditions; a black Ford F150 truck is also present, and a single motorcycle can be seen among the red-brown pavement.",f5ddba02-4295-48d9-8ad5-ba8583871323/bc6ba36c-aa02-4630-a0ea-4150b9b69e36/Synthetic/8da08b60-2579-4f8a-898d-8e655b06c1c2_flux_1789424348.png,rural highways,sunny,hazy,buses,high density of vehicles,northeast USA,red-brown,one truck (Ford F150),black,varied colors,overhead,motorcycle,,s3://auto-lora/f5ddba02-4295-48d9-8ad5-ba8583871323/1466b03e-841d-4c45-975e-c6900af67662/lora_weights.safetensors,$txc,train
435e08bb-4ad9-43c6-b25d-745131c9edd2,"An urban highway in the southwest USA with active precipitation from rainy weather, featuring very few vehicles of varied colors, a street-level view showing a red-brown pavement, and one black Ford F150 truck; cars are the primary objects of interest.",f5ddba02-4295-48d9-8ad5-ba8583871323/bc6ba36c-aa02-4630-a0ea-4150b9b69e36/Synthetic/435e08bb-4ad9-43c6-b25d-745131c9edd2_flux_1789423204.png,urban highways,rainy,active precipitation,motorcycles,very few vehicles,southwest USA,red-brown,one truck (Ford F150),black,varied colors,street-level,car,,s3://auto-lora/f5ddba02-4295-48d9-8ad5-ba8583871323/1466b03e-841d-4c45-975e-c6900af67662/lora_weights.safetensors,$txc,train
c7a7c3bd-7daa-4956-adca-75a7fa99e53a,"An overhead view of a foggy urban highway in the southwest USA with high density of sedans and varied vehicle colors, active precipitation, and one white Ford F150 truck; the pavement is red-brown and there is an additional motorcycle present.",f5ddba02-4295-48d9-8ad5-ba8583871323/bc6ba36c-aa02-4630-a0ea-4150b9b69e36/Synthetic/c7a7c3bd-7daa-4956-adca-75a7fa99e53a_flux_1789422817.png,urban highways,foggy,active precipitation,sedans,high density of vehicles,southwest USA,red-brown,one truck (Ford F150),white,varied colors,overhead,motorcycle,,s3://auto-lora/f5ddba02-4295-48d9-8ad5-ba8583871323/1466b03e-841d-4c45-975e-c6900af67662/lora_weights.safetensors,$txc,train
9e9cf58a-1085-44d6-80a5-d9655e2c6227,A foggy rural highway in the southwest USA with hazy visibility and gray pavement features a moderate number of varied-colored sedans and one gray Ford F150 truck; a motorcycle is also visible from a street-level angle.,f5ddba02-4295-48d9-8ad5-ba8583871323/bc6ba36c-aa02-4630-a0ea-4150b9b69e36/Synthetic/9e9cf58a-1085-44d6-80a5-d9655e2c6227_flux_1789426030.png,rural highways,foggy,hazy,sedans,moderate number of vehicles,southwest USA,gray,one truck (Ford F150),gray,varied colors,street-level,motorcycle,,s3://auto-lora/f5ddba02-4295-48d9-8ad5-ba8583871323/1466b03e-841d-4c45-975e-c6900af67662/lora_weights.safetensors,$txc,train
792f0fc5-c854-4b5c-8575-1766435c8be2,"A rural highway in the southeast USA with sunny and clear weather, featuring a high density of motorcycles in varied colors and one red Ford F150 truck, the pavement is red-brown and viewed from street level, with a bus as the object of interest.",f5ddba02-4295-48d9-8ad5-ba8583871323/bc6ba36c-aa02-4630-a0ea-4150b9b69e36/Synthetic/792f0fc5-c854-4b5c-8575-1766435c8be2_flux_1789425234.png,rural highways,sunny,clear,motorcycles,high density of vehicles,southeast USA,red-brown,one truck (Ford F150),red,varied colors,street-level,bus,,s3://auto-lora/f5ddba02-4295-48d9-8ad5-ba8583871323/1466b03e-841d-4c45-975e-c6900af67662/lora_weights.safetensors,$txc,train
0d11b422-680f-4cff-b57e-35fba4187a65,An overhead view of rural highways in the northeast USA during rainy weather with clear visibility and a moderate number of motorcycles of varied colors; one gray Ford F150 truck is also visible on the gray pavement.,f5ddba02-4295-48d9-8ad5-ba8583871323/bc6ba36c-aa02-4630-a0ea-4150b9b69e36/Synthetic/0d11b422-680f-4cff-b57e-35fba4187a65_flux_1789425922.png,rural highways,rainy,clear,motorcycles,moderate number of vehicles,northeast USA,gray,one truck (Ford F150),gray,varied colors,overhead,truck,,s3://auto-lora/f5ddba02-4295-48d9-8ad5-ba8583871323/1466b03e-841d-4c45-975e-c6900af67662/lora_weights.safetensors,$txc,train
cd1f2a9b-b13a-468a-97b9-6c5dffb6ac21,"A rural highway in the southeast USA with red-brown pavement and active snowy weather conditions, showing very few motorcycles and one red Ford F150 truck, while vehicles have varied colors; viewed from street level with focus on a car.",f5ddba02-4295-48d9-8ad5-ba8583871323/bc6ba36c-aa02-4630-a0ea-4150b9b69e36/Synthetic/cd1f2a9b-b13a-468a-97b9-6c5dffb6ac21_flux_1789423200.png,rural highways,snowy,active precipitation,motorcycles,very few vehicles,southeast USA,red-brown,one truck (Ford F150),red,varied colors,street-level,car,,s3://auto-lora/f5ddba02-4295-48d9-8ad5-ba8583871323/1466b03e-841d-4c45-975e-c6900af67662/lora_weights.safetensors,$txc,train
e134ba78-ddec-40fb-98f9-420c3841be21,"An overhead view of a rainy, hazy highway in the southwest USA with a high density of SUVs and a single blue Ford F150 truck, the pavement is red-brown and there is a bus present among the vehicles.",f5ddba02-4295-48d9-8ad5-ba8583871323/bc6ba36c-aa02-4630-a0ea-4150b9b69e36/Synthetic/e134ba78-ddec-40fb-98f9-420c3841be21_flux_1789423659.png,urban highways,rainy,hazy,SUVs,high density of vehicles,southwest USA,red-brown,one truck (Ford F150),blue,varied colors,overhead,bus,,s3://auto-lora/f5ddba02-4295-48d9-8ad5-ba8583871323/1466b03e-841d-4c45-975e-c6900af67662/lora_weights.safetensors,$txc,train
6709b38f-410f-4663-b1ac-d9f111208d47,"An overhead view of a rainy, hazy urban highway in the southwest USA with gray pavement and very few vehicles, including varied-colored buses and one red Ford F150 truck, where the primary point of interest is a motorcycle present on the road.",f5ddba02-4295-48d9-8ad5-ba8583871323/bc6ba36c-aa02-4630-a0ea-4150b9b69e36/Synthetic/6709b38f-410f-4663-b1ac-d9f111208d47_flux_1789426738.png,urban highways,rainy,hazy,buses,very few vehicles,southwest USA,gray,one truck (Ford F150),red,varied colors,overhead,motorcycle,,s3://auto-lora/f5ddba02-4295-48d9-8ad5-ba8583871323/1466b03e-841d-4c45-975e-c6900af67662/lora_weights.safetensors,$txc,train
6b63aabf-db04-40ac-b7e6-d15b248ae390,"A rural highway in the southeast USA with a snowy but clear environment, featuring a moderate number of motorcycles of varied colors and one gray Ford F150 truck, all set against a backdrop of red-brown pavement, viewed from street level with motorcycles as the primary points of interest.",f5ddba02-4295-48d9-8ad5-ba8583871323/bc6ba36c-aa02-4630-a0ea-4150b9b69e36/Synthetic/6b63aabf-db04-40ac-b7e6-d15b248ae390_flux_1789425016.png,rural highways,snowy,clear,motorcycles,moderate number of vehicles,southeast USA,red-brown,one truck (Ford F150),gray,varied colors,street-level,motorcycle,,s3://auto-lora/f5ddba02-4295-48d9-8ad5-ba8583871323/1466b03e-841d-4c45-975e-c6900af67662/lora_weights.safetensors,$txc,train
588b99cc-ea08-46cf-9eee-1d53f3076bcd,"An overhead view of a rural highway in the southwest USA with foggy weather and clear visibility, showing very few motorcycles of varied colors and one white Ford F150 truck, all set against a gray pavement.",f5ddba02-4295-48d9-8ad5-ba8583871323/bc6ba36c-aa02-4630-a0ea-4150b9b69e36/Synthetic/588b99cc-ea08-46cf-9eee-1d53f3076bcd_flux_1789423081.png,rural highways,foggy,clear,motorcycles,very few vehicles,southwest USA,gray,one truck (Ford F150),white,varied colors,overhead,motorcycle,,s3://auto-lora/f5ddba02-4295-48d9-8ad5-ba8583871323/1466b03e-841d-4c45-975e-c6900af67662/lora_weights.safetensors,$txc,train
6e1a0222-9160-4a81-9596-9e5730628829,"An urban highway in the southeast USA with a sunny weather condition and active precipitation, featuring a street-level view of a moderate number of SUVs with varied colors, one black Ford F150 truck, and visible motorcycles on a gray pavement.",f5ddba02-4295-48d9-8ad5-ba8583871323/bc6ba36c-aa02-4630-a0ea-4150b9b69e36/Synthetic/6e1a0222-9160-4a81-9596-9e5730628829_flux_1789424121.png,urban highways,sunny,active precipitation,SUVs,moderate number of vehicles,southeast USA,gray,one truck (Ford F150),black,varied colors,street-level,motorcycle,,s3://auto-lora/f5ddba02-4295-48d9-8ad5-ba8583871323/1466b03e-841d-4c45-975e-c6900af67662/lora_weights.safetensors,$txc,train
1f8efdc5-4ca2-48d6-8fbf-45b5cf241991,"An overhead view of a rainy urban highway in the northeast USA with a high density of sedans and varied vehicle colors, a red Ford F150 truck, clear visibility, and red-brown pavement.",f5ddba02-4295-48d9-8ad5-ba8583871323/bc6ba36c-aa02-4630-a0ea-4150b9b69e36/Synthetic/1f8efdc5-4ca2-48d6-8fbf-45b5cf241991_flux_1789423398.png,urban highways,rainy,clear,sedans,high density of vehicles,northeast USA,red-brown,one truck (Ford F150),red,varied colors,overhead,car,,s3://auto-lora/f5ddba02-4295-48d9-8ad5-ba8583871323/1466b03e-841d-4c45-975e-c6900af67662/lora_weights.safetensors,$txc,train
2c2fd205-d196-4532-a0bd-761345b54e02,"An overhead view of a snowy urban highway in the southwest USA with clear visibility, gray pavement, and very few motorcycles present; one red Ford F150 truck is also visible, while motorcycles come in varied colors.",f5ddba02-4295-48d9-8ad5-ba8583871323/bc6ba36c-aa02-4630-a0ea-4150b9b69e36/Synthetic/2c2fd205-d196-4532-a0bd-761345b54e02_flux_1789423477.png,urban highways,snowy,clear,motorcycles,very few vehicles,southwest USA,gray,one truck (Ford F150),red,varied colors,overhead,motorcycle,,s3://auto-lora/f5ddba02-4295-48d9-8ad5-ba8583871323/1466b03e-841d-4c45-975e-c6900af67662/lora_weights.safetensors,$txc,train
ec68c86b-b1f5-466e-a787-4e6ffe045301,"An overhead view of rural highways in the southeast USA with a foggy weather condition resulting in hazy visibility; there is a moderate number of sedans of varied colors and one blue Ford F150 truck, all driving on a gray pavement.",f5ddba02-4295-48d9-8ad5-ba8583871323/bc6ba36c-aa02-4630-a0ea-4150b9b69e36/Synthetic/ec68c86b-b1f5-466e-a787-4e6ffe045301_flux_1789425349.png,rural highways,foggy,hazy,sedans,moderate number of vehicles,southeast USA,gray,one truck (Ford F150),blue,varied colors,overhead,car,,s3://auto-lora/f5ddba02-4295-48d9-8ad5-ba8583871323/1466b03e-841d-4c45-975e-c6900af67662/lora_weights.safetensors,$txc,train
861ed8f2-41d1-4428-969f-08a88530dc4d,"An overhead view of a rainy, hazy urban highway in the northeast USA with a high density of SUVs and a gray Ford F150 truck in the background, all driving on a gray pavement.",f5ddba02-4295-48d9-8ad5-ba8583871323/bc6ba36c-aa02-4630-a0ea-4150b9b69e36/Synthetic/861ed8f2-41d1-4428-969f-08a88530dc4d_flux_1789425529.png,urban highways,rainy,hazy,SUVs,high density of vehicles,northeast USA,gray,one truck (Ford F150),gray,varied colors,overhead,truck,,s3://auto-lora/f5ddba02-4295-48d9-8ad5-ba8583871323/1466b03e-841d-4c45-975e-c6900af67662/lora_weights.safetensors,$txc,train
51f8cb7a-3095-432c-afd5-9863c6360711,"An urban highway in the southwest USA with gray pavement and active snow precipitation has very few vehicles, including one gray Ford F150 truck, while varied color motorcycles are also present; the scene is captured from a street-level angle.",f5ddba02-4295-48d9-8ad5-ba8583871323/bc6ba36c-aa02-4630-a0ea-4150b9b69e36/Synthetic/51f8cb7a-3095-432c-afd5-9863c6360711_flux_1789423324.png,urban highways,snowy,active precipitation,trucks (Ford F150),very few vehicles,southwest USA,gray,one truck (Ford F150),gray,varied colors,street-level,motorcycle,,s3://auto-lora/f5ddba02-4295-48d9-8ad5-ba8583871323/1466b03e-841d-4c45-975e-c6900af67662/lora_weights.safetensors,$txc,train
0e82f9ae-7761-4197-98f1-4c8422717a3e,"An overhead view of rural highways in the southwest USA during rainy weather with active precipitation, featuring a moderate number of sedans in varied colors, one red Ford F150 truck, and visible gray pavement, where the primary point of interest is a bus present on the scene.",f5ddba02-4295-48d9-8ad5-ba8583871323/bc6ba36c-aa02-4630-a0ea-4150b9b69e36/Synthetic/0e82f9ae-7761-4197-98f1-4c8422717a3e_flux_1789425545.png,rural highways,rainy,active precipitation,sedans,moderate number of vehicles,southwest USA,gray,one truck (Ford F150),red,varied colors,overhead,bus,,s3://auto-lora/f5ddba02-4295-48d9-8ad5-ba8583871323/1466b03e-841d-4c45-975e-c6900af67662/lora_weights.safetensors,$txc,train
bfcbd100-b5f6-4f31-9b40-6f091cf217eb,"An overhead view of rural highways in the northeast USA covered in snowy conditions with active precipitation, featuring a high density of motorcycles in varied colors and one red Ford F150 truck, all on a gray pavement.",f5ddba02-4295-48d9-8ad5-ba8583871323/bc6ba36c-aa02-4630-a0ea-4150b9b69e36/Synthetic/bfcbd100-b5f6-4f31-9b40-6f091cf217eb_flux_1789423118.png,rural highways,snowy,active precipitation,motorcycles,high density of vehicles,northeast USA,gray,one truck (Ford F150),red,varied colors,overhead,motorcycle,,s3://auto-lora/f5ddba02-4295-48d9-8ad5-ba8583871323/1466b03e-841d-4c45-975e-c6900af67662/lora_weights.safetensors,$txc,train
ed4d5ca3-bfa3-48fe-b621-128696135f6c,"An overhead view of foggy urban highways in the southwest USA with clear patches of red-brown pavement and a moderate number of vehicles, featuring one gray Ford F150 truck among them.",f5ddba02-4295-48d9-8ad5-ba8583871323/bc6ba36c-aa02-4630-a0ea-4150b9b69e36/Synthetic/ed4d5ca3-bfa3-48fe-b621-128696135f6c_flux_1789424988.png,urban highways,foggy,clear,trucks (Ford F150),moderate number of vehicles,southwest USA,red-brown,one truck (Ford F150),gray,varied colors,overhead,truck,,s3://auto-lora/f5ddba02-4295-48d9-8ad5-ba8583871323/1466b03e-841d-4c45-975e-c6900af67662/lora_weights.safetensors,$txc,train
2868c4b6-e498-4ed9-a08b-0436167afadf,"An urban highway in the northeast USA with sunny and clear weather conditions, featuring a street-level view of a moderate number of sedans in varied colors, one white Ford F150 truck, and red-brown pavement, with a bus as the object of interest.",f5ddba02-4295-48d9-8ad5-ba8583871323/bc6ba36c-aa02-4630-a0ea-4150b9b69e36/Synthetic/2868c4b6-e498-4ed9-a08b-0436167afadf_flux_1789424928.png,urban highways,sunny,clear,sedans,moderate number of vehicles,northeast USA,red-brown,one truck (Ford F150),white,varied colors,street-level,bus,,s3://auto-lora/f5ddba02-4295-48d9-8ad5-ba8583871323/1466b03e-841d-4c45-975e-c6900af67662/lora_weights.safetensors,$txc,train
ccc33a3e-62c7-4574-80c5-955f2370aa0b,"An overhead view of a rainy rural highway in the northeast USA with active precipitation, featuring a high density of varied-colored sedans and one red Ford F150 truck, where the red-brown pavement is visible, and a motorcycle is of particular interest.",f5ddba02-4295-48d9-8ad5-ba8583871323/bc6ba36c-aa02-4630-a0ea-4150b9b69e36/Synthetic/ccc33a3e-62c7-4574-80c5-955f2370aa0b_flux_1789425914.png,rural highways,rainy,active precipitation,sedans,high density of vehicles,northeast USA,red-brown,one truck (Ford F150),red,varied colors,overhead,motorcycle,,s3://auto-lora/f5ddba02-4295-48d9-8ad5-ba8583871323/1466b03e-841d-4c45-975e-c6900af67662/lora_weights.safetensors,$txc,train
29dbe46b-ca22-440f-a40c-dcadfadd0846,"An overhead view of a rainy, hazy urban highway in the southwest USA with a moderate number of SUVs and one black Ford F150 truck on a red-brown pavement, the primary focus being the truck.",f5ddba02-4295-48d9-8ad5-ba8583871323/bc6ba36c-aa02-4630-a0ea-4150b9b69e36/Synthetic/29dbe46b-ca22-440f-a40c-dcadfadd0846_flux_1789422970.png,urban highways,rainy,hazy,SUVs,moderate number of vehicles,southwest USA,red-brown,one truck (Ford F150),black,varied colors,overhead,truck,,s3://auto-lora/f5ddba02-4295-48d9-8ad5-ba8583871323/1466b03e-841d-4c45-975e-c6900af67662/lora_weights.safetensors,$txc,train
e987ae19-cf2d-47a5-ae0f-6dee85529cd6,"An overhead view of a foggy urban highway in the northeast USA with a high density of sedans and varied vehicle colors, one blue Ford F150 truck, and clear visibility, where a motorcycle is also visible.",f5ddba02-4295-48d9-8ad5-ba8583871323/bc6ba36c-aa02-4630-a0ea-4150b9b69e36/Synthetic/e987ae19-cf2d-47a5-ae0f-6dee85529cd6_flux_1789424344.png,urban highways,foggy,clear,sedans,high density of vehicles,northeast USA,gray,one truck (Ford F150),blue,varied colors,overhead,motorcycle,,s3://auto-lora/f5ddba02-4295-48d9-8ad5-ba8583871323/1466b03e-841d-4c45-975e-c6900af67662/lora_weights.safetensors,$txc,train
35776490-ac73-47c9-8dc1-e41a57636cd5,"An urban highway in the southwest USA with a snowy, hazy environment features red-brown pavement and a moderate number of motorcycles at street-level; one red Ford F150 truck is also present, and motorcycles vary in color.",f5ddba02-4295-48d9-8ad5-ba8583871323/bc6ba36c-aa02-4630-a0ea-4150b9b69e36/Synthetic/35776490-ac73-47c9-8dc1-e41a57636cd5_flux_1789424394.png,urban highways,snowy,hazy,motorcycles,moderate number of vehicles,southwest USA,red-brown,one truck (Ford F150),red,varied colors,street-level,motorcycle,,s3://auto-lora/f5ddba02-4295-48d9-8ad5-ba8583871323/1466b03e-841d-4c45-975e-c6900af67662/lora_weights.safetensors,$txc,train
2547d95d-ff30-4d5b-acdf-9a8b68a046e7,"An urban highway in the southeast USA with snowy, hazy conditions features red-brown pavement and a moderate number of buses; a blue Ford F150 truck is also visible at street level among the varied vehicle colors.",f5ddba02-4295-48d9-8ad5-ba8583871323/bc6ba36c-aa02-4630-a0ea-4150b9b69e36/Synthetic/2547d95d-ff30-4d5b-acdf-9a8b68a046e7_flux_1789425193.png,urban highways,snowy,hazy,buses,moderate number of vehicles,southeast USA,red-brown,one truck (Ford F150),blue,varied colors,street-level,truck,,s3://auto-lora/f5ddba02-4295-48d9-8ad5-ba8583871323/1466b03e-841d-4c45-975e-c6900af67662/lora_weights.safetensors,$txc,train
0a8b2e0b-b063-46f4-9690-eed106ed088d,"An overhead view of a rainy rural highway in the southeast USA with a high density of buses and varied vehicle colors, clear visibility, a gray pavement, and one white Ford F150 truck present.",f5ddba02-4295-48d9-8ad5-ba8583871323/bc6ba36c-aa02-4630-a0ea-4150b9b69e36/Synthetic/0a8b2e0b-b063-46f4-9690-eed106ed088d_flux_1789424666.png,rural highways,rainy,clear,buses,high density of vehicles,southeast USA,gray,one truck (Ford F150),white,varied colors,overhead,bus,,s3://auto-lora/f5ddba02-4295-48d9-8ad5-ba8583871323/1466b03e-841d-4c45-975e-c6900af67662/lora_weights.safetensors,$txc,train
d4639af4-d961-44b9-87c8-05aaa4e7f029,"An overhead view of an urban highway in the southwest USA with a snowy and hazy environment, featuring very few vehicles including a white Ford F150 truck and cars of varied colors on a gray pavement.",f5ddba02-4295-48d9-8ad5-ba8583871323/bc6ba36c-aa02-4630-a0ea-4150b9b69e36/Synthetic/d4639af4-d961-44b9-87c8-05aaa4e7f029_flux_1789423992.png,urban highways,snowy,hazy,trucks (Ford F150),very few vehicles,southwest USA,gray,one truck (Ford F150),white,varied colors,overhead,car,,s3://auto-lora/f5ddba02-4295-48d9-8ad5-ba8583871323/1466b03e-841d-4c45-975e-c6900af67662/lora_weights.safetensors,$txc,train
4b353b96-6c71-408f-a429-7cb4971b0b43,"A rural highway in the southeast USA with a snowy but clear environment, red-brown pavement, and very few vehicles including one white Ford F150 truck; a motorcycle is also visible from a street-level angle.",f5ddba02-4295-48d9-8ad5-ba8583871323/bc6ba36c-aa02-4630-a0ea-4150b9b69e36/Synthetic/4b353b96-6c71-408f-a429-7cb4971b0b43_flux_1789423910.png,rural highways,snowy,clear,trucks (Ford F150),very few vehicles,southeast USA,red-brown,one truck (Ford F150),white,varied colors,street-level,motorcycle,,s3://auto-lora/f5ddba02-4295-48d9-8ad5-ba8583871323/1466b03e-841d-4c45-975e-c6900af67662/lora_weights.safetensors,$txc,train
f234e33c-6827-40e1-a394-27f9fb7ba721,"A foggy rural highway in the southwest USA with hazy visibility and a high density of vehicles, predominantly trucks including one black Ford F150, seen from street level; the pavement is gray and vehicles have varied colors.",f5ddba02-4295-48d9-8ad5-ba8583871323/bc6ba36c-aa02-4630-a0ea-4150b9b69e36/Synthetic/f234e33c-6827-40e1-a394-27f9fb7ba721_flux_1789425647.png,rural highways,foggy,hazy,trucks (Ford F150),high density of vehicles,southwest USA,gray,one truck (Ford F150),black,varied colors,street-level,car,,s3://auto-lora/f5ddba02-4295-48d9-8ad5-ba8583871323/1466b03e-841d-4c45-975e-c6900af67662/lora_weights.safetensors,$txc,train
edea646b-c110-4f92-8ed3-49ea8ec39534,"An overhead view of a busy highway in the southwest USA with a high density of varied-colored sedans, clear sunny weather and red-brown pavement, one gray Ford F150 truck, and a motorcycle present.",f5ddba02-4295-48d9-8ad5-ba8583871323/bc6ba36c-aa02-4630-a0ea-4150b9b69e36/Synthetic/edea646b-c110-4f92-8ed3-49ea8ec39534_flux_1789425655.png,urban highways,sunny,clear,sedans,high density of vehicles,southwest USA,red-brown,one truck (Ford F150),gray,varied colors,overhead,motorcycle,,s3://auto-lora/f5ddba02-4295-48d9-8ad5-ba8583871323/1466b03e-841d-4c45-975e-c6900af67662/lora_weights.safetensors,$txc,train
2de425a0-4dac-47b5-a2a6-1ae0ec81bd58,"An urban highway in the southeast USA with a high density of vehicles and trucks, including one gray Ford F150, under rainy, hazy conditions; the street-level view shows varied vehicle colors and a motorcycle present on red-brown pavement.",f5ddba02-4295-48d9-8ad5-ba8583871323/bc6ba36c-aa02-4630-a0ea-4150b9b69e36/Synthetic/2de425a0-4dac-47b5-a2a6-1ae0ec81bd58_flux_1789425251.png,urban highways,rainy,hazy,trucks (Ford F150),high density of vehicles,southeast USA,red-brown,one truck (Ford F150),gray,varied colors,street-level,motorcycle,,s3://auto-lora/f5ddba02-4295-48d9-8ad5-ba8583871323/1466b03e-841d-4c45-975e-c6900af67662/lora_weights.safetensors,$txc,train
b904734c-3471-4a6a-a2e4-b180aa9d3b9f,An overhead view of rural highways in the southwest USA with a high density of SUVs and hazy sunny conditions; the pavement is red-brown and features one black Ford F150 truck among vehicles of varied colors.,f5ddba02-4295-48d9-8ad5-ba8583871323/bc6ba36c-aa02-4630-a0ea-4150b9b69e36/Synthetic/b904734c-3471-4a6a-a2e4-b180aa9d3b9f_flux_1789423919.png,rural highways,sunny,hazy,SUVs,high density of vehicles,southwest USA,red-brown,one truck (Ford F150),black,varied colors,overhead,truck,,s3://auto-lora/f5ddba02-4295-48d9-8ad5-ba8583871323/1466b03e-841d-4c45-975e-c6900af67662/lora_weights.safetensors,$txc,train
03c9b515-e61c-493f-90e3-d4834573fbaa,"An overhead view of a rural highway in the southeast USA with a foggy weather condition and hazy visibility, featuring a moderate number of motorcycles in varied colors and one blue Ford F150 truck, where the focus is on a car that stands out among the scene.",f5ddba02-4295-48d9-8ad5-ba8583871323/bc6ba36c-aa02-4630-a0ea-4150b9b69e36/Synthetic/03c9b515-e61c-493f-90e3-d4834573fbaa_flux_1789426689.png,rural highways,foggy,hazy,motorcycles,moderate number of vehicles,southeast USA,gray,one truck (Ford F150),blue,varied colors,overhead,car,,s3://auto-lora/f5ddba02-4295-48d9-8ad5-ba8583871323/1466b03e-841d-4c45-975e-c6900af67662/lora_weights.safetensors,$txc,train
d5043a07-529b-4ee1-8fb8-601c6dcf2918,"An urban highway in the southwest USA with foggy weather and hazy visibility features a moderate number of buses and one black Ford F150 truck; the pavement is red-brown and viewed from street level, focusing on the buses as objects of interest.",f5ddba02-4295-48d9-8ad5-ba8583871323/bc6ba36c-aa02-4630-a0ea-4150b9b69e36/Synthetic/d5043a07-529b-4ee1-8fb8-601c6dcf2918_flux_1789426762.png,urban highways,foggy,hazy,buses,moderate number of vehicles,southwest USA,red-brown,one truck (Ford F150),black,varied colors,street-level,bus,,s3://auto-lora/f5ddba02-4295-48d9-8ad5-ba8583871323/1466b03e-841d-4c45-975e-c6900af67662/lora_weights.safetensors,$txc,train
3d6300f2-5df5-4874-b625-07564411e057,"An urban highway in the southwest USA with red-brown pavement, visible in a hazy, rainy environment from street level; very few vehicles are present, including varied colored buses and one blue Ford F150 truck, with cars being the primary objects of interest.",f5ddba02-4295-48d9-8ad5-ba8583871323/bc6ba36c-aa02-4630-a0ea-4150b9b69e36/Synthetic/3d6300f2-5df5-4874-b625-07564411e057_flux_1789426178.png,urban highways,rainy,hazy,buses,very few vehicles,southwest USA,red-brown,one truck (Ford F150),blue,varied colors,street-level,car,,s3://auto-lora/f5ddba02-4295-48d9-8ad5-ba8583871323/1466b03e-841d-4c45-975e-c6900af67662/lora_weights.safetensors,$txc,train
52d9321d-e760-444b-83b2-210c21439229,"A foggy scene on a rural highway in the northeast USA with active precipitation, featuring a moderate number of SUVs in varied colors, one black Ford F150 truck, and red-brown pavement, viewed from street level, with a bus as the object of interest.",f5ddba02-4295-48d9-8ad5-ba8583871323/bc6ba36c-aa02-4630-a0ea-4150b9b69e36/Synthetic/52d9321d-e760-444b-83b2-210c21439229_flux_1789424216.png,rural highways,foggy,active precipitation,SUVs,moderate number of vehicles,northeast USA,red-brown,one truck (Ford F150),black,varied colors,street-level,bus,,s3://auto-lora/f5ddba02-4295-48d9-8ad5-ba8583871323/1466b03e-841d-4c45-975e-c6900af67662/lora_weights.safetensors,$txc,train
80bfa77c-ebfb-421a-a1d7-05ca86ed8b3c,"A rural highway in the southeast USA with active snow precipitation, gray pavement, and varied-colored sedans and a gray Ford F150 truck moving at street level; moderate number of vehicles present with a motorcycle also visible.",f5ddba02-4295-48d9-8ad5-ba8583871323/bc6ba36c-aa02-4630-a0ea-4150b9b69e36/Synthetic/80bfa77c-ebfb-421a-a1d7-05ca86ed8b3c_flux_1789422772.png,rural highways,snowy,active precipitation,sedans,moderate number of vehicles,southeast USA,gray,one truck (Ford F150),gray,varied colors,street-level,motorcycle,,s3://auto-lora/f5ddba02-4295-48d9-8ad5-ba8583871323/1466b03e-841d-4c45-975e-c6900af67662/lora_weights.safetensors,$txc,train
39791777-cffa-49a7-b0b4-4b34663c899c,"An urban highway in the southeast USA with foggy weather and clear visibility, featuring a street-level view of very few vehicles, one red Ford F150 truck on the red-brown pavement, and varied vehicle colors.",f5ddba02-4295-48d9-8ad5-ba8583871323/bc6ba36c-aa02-4630-a0ea-4150b9b69e36/Synthetic/39791777-cffa-49a7-b0b4-4b34663c899c_flux_1789425345.png,urban highways,foggy,clear,trucks (Ford F150),very few vehicles,southeast USA,red-brown,one truck (Ford F150),red,varied colors,street-level,truck,,s3://auto-lora/f5ddba02-4295-48d9-8ad5-ba8583871323/1466b03e-841d-4c45-975e-c6900af67662/lora_weights.safetensors,$txc,train
403425ad-7354-4649-b0c1-689dbc82061d,"A rural highway in the southeast USA with active precipitation, red-brown pavement, and high density of varied-colored SUVs from street level; one gray Ford F150 truck is also present amidst the scene.",f5ddba02-4295-48d9-8ad5-ba8583871323/bc6ba36c-aa02-4630-a0ea-4150b9b69e36/Synthetic/403425ad-7354-4649-b0c1-689dbc82061d_flux_1789424686.png,rural highways,rainy,active precipitation,SUVs,high density of vehicles,southeast USA,red-brown,one truck (Ford F150),gray,varied colors,street-level,car,,s3://auto-lora/f5ddba02-4295-48d9-8ad5-ba8583871323/1466b03e-841d-4c45-975e-c6900af67662/lora_weights.safetensors,$txc,train
60f91b7c-104e-48eb-aea3-124a5841d214,"A rural highway in the southwest USA with gray pavement and hazy visibility due to rainy weather conditions; street-level view shows a moderate number of motorcycles and one red Ford F150 truck, the primary points of interest.",f5ddba02-4295-48d9-8ad5-ba8583871323/bc6ba36c-aa02-4630-a0ea-4150b9b69e36/Synthetic/60f91b7c-104e-48eb-aea3-124a5841d214_flux_1789425464.png,rural highways,rainy,hazy,motorcycles,moderate number of vehicles,southwest USA,gray,one truck (Ford F150),red,varied colors,street-level,truck,,s3://auto-lora/f5ddba02-4295-48d9-8ad5-ba8583871323/1466b03e-841d-4c45-975e-c6900af67662/lora_weights.safetensors,$txc,train
5bd834fe-a0b1-4820-8946-24e3c8e4c54e,"An overhead view of a rural highway in the southeast USA with sunny weather and active precipitation, featuring a high density of varied-colored SUVs and one black Ford F150 truck, where the gray pavement is visible and a bus stands out as an object of interest.",f5ddba02-4295-48d9-8ad5-ba8583871323/bc6ba36c-aa02-4630-a0ea-4150b9b69e36/Synthetic/5bd834fe-a0b1-4820-8946-24e3c8e4c54e_flux_1789425700.png,rural highways,sunny,active precipitation,SUVs,high density of vehicles,southeast USA,gray,one truck (Ford F150),black,varied colors,overhead,bus,,s3://auto-lora/f5ddba02-4295-48d9-8ad5-ba8583871323/1466b03e-841d-4c45-975e-c6900af67662/lora_weights.safetensors,$txc,train
f9f9bb66-617d-432b-b135-1cff1185723a,"An urban highway in the southwest USA with red-brown pavement, snowy but clear conditions, features very few vehicles of varied colors and one blue Ford F150 truck, viewed from street level, with a motorcycle as an object of interest.",f5ddba02-4295-48d9-8ad5-ba8583871323/bc6ba36c-aa02-4630-a0ea-4150b9b69e36/Synthetic/f9f9bb66-617d-432b-b135-1cff1185723a_flux_1789424489.png,urban highways,snowy,clear,buses,very few vehicles,southwest USA,red-brown,one truck (Ford F150),blue,varied colors,street-level,motorcycle,,s3://auto-lora/f5ddba02-4295-48d9-8ad5-ba8583871323/1466b03e-841d-4c45-975e-c6900af67662/lora_weights.safetensors,$txc,train
276218ea-6641-4f01-96d5-df129278fbfd,"An overhead view of an urban highway in the southwest USA with snowy conditions and clear visibility, featuring very few vehicles of varied colors, one red Ford F150 truck, and a bus as the primary objects of interest, set against a gray pavement backdrop.",f5ddba02-4295-48d9-8ad5-ba8583871323/bc6ba36c-aa02-4630-a0ea-4150b9b69e36/Synthetic/276218ea-6641-4f01-96d5-df129278fbfd_flux_1789423700.png,urban highways,snowy,clear,motorcycles,very few vehicles,southwest USA,gray,one truck (Ford F150),red,varied colors,overhead,bus,,s3://auto-lora/f5ddba02-4295-48d9-8ad5-ba8583871323/1466b03e-841d-4c45-975e-c6900af67662/lora_weights.safetensors,$txc,train
0c948909-b2b8-4d2b-8294-070f04042c7b,"An overhead view of a rural highway in the southeast USA with a snowy, hazy environment; very few motorcycles and one red Ford F150 truck are visible on the gray pavement, while a bus stands out as an object of interest.",f5ddba02-4295-48d9-8ad5-ba8583871323/bc6ba36c-aa02-4630-a0ea-4150b9b69e36/Synthetic/0c948909-b2b8-4d2b-8294-070f04042c7b_flux_1789424253.png,rural highways,snowy,hazy,motorcycles,very few vehicles,southeast USA,gray,one truck (Ford F150),red,varied colors,overhead,bus,,s3://auto-lora/f5ddba02-4295-48d9-8ad5-ba8583871323/1466b03e-841d-4c45-975e-c6900af67662/lora_weights.safetensors,$txc,train
e67400b7-ad25-4f64-a43a-7a04be585854,"An overhead view of a rainy, hazy urban highway in the northeast USA with a high density of sedans and one red Ford F150 truck in the foreground, the pavement is gray and vehicles come in various colors.",f5ddba02-4295-48d9-8ad5-ba8583871323/bc6ba36c-aa02-4630-a0ea-4150b9b69e36/Synthetic/e67400b7-ad25-4f64-a43a-7a04be585854_flux_1789424538.png,urban highways,rainy,hazy,sedans,high density of vehicles,northeast USA,gray,one truck (Ford F150),red,varied colors,overhead,truck,,s3://auto-lora/f5ddba02-4295-48d9-8ad5-ba8583871323/1466b03e-841d-4c45-975e-c6900af67662/lora_weights.safetensors,$txc,train
bbaaed34-9756-4a39-a3fc-b7de860767a5,"A foggy rural highway in the northeast USA with gray pavement and very few vehicles of varied colors, featuring a street-level view where a white Ford F150 truck is visible and a motorcycle is the primary object of interest.",f5ddba02-4295-48d9-8ad5-ba8583871323/bc6ba36c-aa02-4630-a0ea-4150b9b69e36/Synthetic/bbaaed34-9756-4a39-a3fc-b7de860767a5_flux_1789424956.png,rural highways,foggy,clear,SUVs,very few vehicles,northeast USA,gray,one truck (Ford F150),white,varied colors,street-level,motorcycle,,s3://auto-lora/f5ddba02-4295-48d9-8ad5-ba8583871323/1466b03e-841d-4c45-975e-c6900af67662/lora_weights.safetensors,$txc,train
5df56ff7-424a-4945-bc87-dd5bcd72b5f4,An overhead view of a busy highway in the northeast USA with a high density of buses and varied colored vehicles under sunny but hazy conditions; a red Ford F150 truck is also visible on the red-brown pavement.,f5ddba02-4295-48d9-8ad5-ba8583871323/bc6ba36c-aa02-4630-a0ea-4150b9b69e36/Synthetic/5df56ff7-424a-4945-bc87-dd5bcd72b5f4_flux_1789424616.png,urban highways,sunny,hazy,buses,high density of vehicles,northeast USA,red-brown,one truck (Ford F150),red,varied colors,overhead,truck,,s3://auto-lora/f5ddba02-4295-48d9-8ad5-ba8583871323/1466b03e-841d-4c45-975e-c6900af67662/lora_weights.safetensors,$txc,train
48305c7d-ec2e-4f4c-97e4-5f0bd30374e6,"An overhead view of a snowy urban highway in the southwest USA with active precipitation, featuring a high density of SUVs in varied colors and one blue Ford F150 truck.",f5ddba02-4295-48d9-8ad5-ba8583871323/bc6ba36c-aa02-4630-a0ea-4150b9b69e36/Synthetic/48305c7d-ec2e-4f4c-97e4-5f0bd30374e6_flux_1789423040.png,urban highways,snowy,active precipitation,SUVs,high density of vehicles,southwest USA,gray,one truck (Ford F150),blue,varied colors,overhead,truck,,s3://auto-lora/f5ddba02-4295-48d9-8ad5-ba8583871323/1466b03e-841d-4c45-975e-c6900af67662/lora_weights.safetensors,$txc,train
69975bd0-913f-41b8-bd07-647b1cf55b90,"An overhead view of an urban highway in the northeast USA with a sunny weather condition and active precipitation, featuring a gray pavement, very few vehicles including one red Ford F150 truck, and a motorcycle present in the scene.",f5ddba02-4295-48d9-8ad5-ba8583871323/bc6ba36c-aa02-4630-a0ea-4150b9b69e36/Synthetic/69975bd0-913f-41b8-bd07-647b1cf55b90_flux_1789423683.png,urban highways,sunny,active precipitation,trucks (Ford F150),very few vehicles,northeast USA,gray,one truck (Ford F150),red,varied colors,overhead,motorcycle,,s3://auto-lora/f5ddba02-4295-48d9-8ad5-ba8583871323/1466b03e-841d-4c45-975e-c6900af67662/lora_weights.safetensors,$txc,train
fa763560-8335-4417-9d7c-9e886179c94a,"An overhead view of a foggy urban highway in the northeast USA with hazy visibility, featuring very few vehicles including varied colored buses and one red Ford F150 truck, and a single motorcycle present.",f5ddba02-4295-48d9-8ad5-ba8583871323/bc6ba36c-aa02-4630-a0ea-4150b9b69e36/Synthetic/fa763560-8335-4417-9d7c-9e886179c94a_flux_1789426384.png,urban highways,foggy,hazy,buses,very few vehicles,northeast USA,red-brown,one truck (Ford F150),red,varied colors,overhead,motorcycle,,s3://auto-lora/f5ddba02-4295-48d9-8ad5-ba8583871323/1466b03e-841d-4c45-975e-c6900af67662/lora_weights.safetensors,$txc,train
81f8e56d-ccd2-431f-984d-b6dcd0dee7f5,"An urban highway in the southeast USA with a rainy, hazy environment; vehicles, predominantly sedans of varied colors, are present in a moderate number, while a gray Ford F150 truck is also visible at street level.",f5ddba02-4295-48d9-8ad5-ba8583871323/bc6ba36c-aa02-4630-a0ea-4150b9b69e36/Synthetic/81f8e56d-ccd2-431f-984d-b6dcd0dee7f5_flux_1789426544.png,urban highways,rainy,hazy,sedans,moderate number of vehicles,southeast USA,gray,one truck (Ford F150),gray,varied colors,street-level,truck,,s3://auto-lora/f5ddba02-4295-48d9-8ad5-ba8583871323/1466b03e-841d-4c45-975e-c6900af67662/lora_weights.safetensors,$txc,train
1d0d1589-16f0-4c74-be7a-26eb49643f73,"A foggy rural highway in the northeast USA with a moderate number of buses and a black Ford F150 truck, the pavement is red-brown and the vehicles vary in color, viewed from street level.",f5ddba02-4295-48d9-8ad5-ba8583871323/bc6ba36c-aa02-4630-a0ea-4150b9b69e36/Synthetic/1d0d1589-16f0-4c74-be7a-26eb49643f73_flux_1789424670.png,rural highways,foggy,clear,buses,moderate number of vehicles,northeast USA,red-brown,one truck (Ford F150),black,varied colors,street-level,car,,s3://auto-lora/f5ddba02-4295-48d9-8ad5-ba8583871323/1466b03e-841d-4c45-975e-c6900af67662/lora_weights.safetensors,$txc,train
46c192af-9645-444e-919a-ec2016a5669a,"An overhead view of a busy highway in the southeast USA with a sunny but hazy sky, featuring a high density of motorcycles in varied colors and one white Ford F150 truck, the gray pavement stretching under an overhead perspective where a bus stands out as the primary object of interest.",f5ddba02-4295-48d9-8ad5-ba8583871323/bc6ba36c-aa02-4630-a0ea-4150b9b69e36/Synthetic/46c192af-9645-444e-919a-ec2016a5669a_flux_1789423411.png,urban highways,sunny,hazy,motorcycles,high density of vehicles,southeast USA,gray,one truck (Ford F150),white,varied colors,overhead,bus,,s3://auto-lora/f5ddba02-4295-48d9-8ad5-ba8583871323/1466b03e-841d-4c45-975e-c6900af67662/lora_weights.safetensors,$txc,train
8d091bab-c034-456f-af35-02fb2600d4fe,"A rural highway in the northeast USA with sunny and clear conditions, featuring a street-level view of very few vehicles, including one gray Ford F150 truck on a red-brown pavement, and various colored cars in the background.",f5ddba02-4295-48d9-8ad5-ba8583871323/bc6ba36c-aa02-4630-a0ea-4150b9b69e36/Synthetic/8d091bab-c034-456f-af35-02fb2600d4fe_flux_1789424431.png,rural highways,sunny,clear,trucks (Ford F150),very few vehicles,northeast USA,red-brown,one truck (Ford F150),gray,varied colors,street-level,car,,s3://auto-lora/f5ddba02-4295-48d9-8ad5-ba8583871323/1466b03e-841d-4c45-975e-c6900af67662/lora_weights.safetensors,$txc,train
608e4402-d7d5-4c9d-9305-e230c4bbd69d,"A rural highway in the southeast USA with gray pavement and clear visibility despite rainy weather conditions; very few varied-colored SUVs are present, one gray Ford F150 truck is also visible, and a bus stands out as an object of interest from a street-level perspective.",f5ddba02-4295-48d9-8ad5-ba8583871323/bc6ba36c-aa02-4630-a0ea-4150b9b69e36/Synthetic/608e4402-d7d5-4c9d-9305-e230c4bbd69d_flux_1789424501.png,rural highways,rainy,clear,SUVs,very few vehicles,southeast USA,gray,one truck (Ford F150),gray,varied colors,street-level,bus,,s3://auto-lora/f5ddba02-4295-48d9-8ad5-ba8583871323/1466b03e-841d-4c45-975e-c6900af67662/lora_weights.safetensors,$txc,train
7a25d40b-2125-41d9-a5b8-e51e644db626,"A rural highway in the southwest USA with a rainy, hazy environment, featuring red-brown pavement and a moderate number of sedans; a white Ford F150 truck is also visible at street-level.",f5ddba02-4295-48d9-8ad5-ba8583871323/bc6ba36c-aa02-4630-a0ea-4150b9b69e36/Synthetic/7a25d40b-2125-41d9-a5b8-e51e644db626_flux_1789426334.png,rural highways,rainy,hazy,sedans,moderate number of vehicles,southwest USA,red-brown,one truck (Ford F150),white,varied colors,street-level,truck,,s3://auto-lora/f5ddba02-4295-48d9-8ad5-ba8583871323/1466b03e-841d-4c45-975e-c6900af67662/lora_weights.safetensors,$txc,train
a77942c8-e309-4928-9b02-193e4982ebb4,"A rural highway in the southeast USA with active snow precipitation and low visibility; numerous motorcycles densely packed on the red-brown pavement, including a black Ford F150 truck, which is the primary point of interest from a street-level perspective.",f5ddba02-4295-48d9-8ad5-ba8583871323/bc6ba36c-aa02-4630-a0ea-4150b9b69e36/Synthetic/a77942c8-e309-4928-9b02-193e4982ebb4_flux_1789425168.png,rural highways,snowy,active precipitation,motorcycles,high density of vehicles,southeast USA,red-brown,one truck (Ford F150),black,varied colors,street-level,truck,,s3://auto-lora/f5ddba02-4295-48d9-8ad5-ba8583871323/1466b03e-841d-4c45-975e-c6900af67662/lora_weights.safetensors,$txc,train
02d91436-111a-4f0f-a1f3-e5f4cce4c2bc,"An overhead view of a rural highway in the southeast USA with a snowy, clear weather condition, featuring very few motorcycles of varied colors and one black Ford F150 truck, set against a red-brown pavement, with a focus on an approaching car.",f5ddba02-4295-48d9-8ad5-ba8583871323/bc6ba36c-aa02-4630-a0ea-4150b9b69e36/Synthetic/02d91436-111a-4f0f-a1f3-e5f4cce4c2bc_flux_1789425242.png,rural highways,snowy,clear,motorcycles,very few vehicles,southeast USA,red-brown,one truck (Ford F150),black,varied colors,overhead,car,,s3://auto-lora/f5ddba02-4295-48d9-8ad5-ba8583871323/1466b03e-841d-4c45-975e-c6900af67662/lora_weights.safetensors,$txc,train
a2a7a1c1-6675-4d41-bc3c-dcad58ae96b8,"An urban highway in the northeast USA with a sunny but hazy sky, featuring a moderate number of buses and varied colored vehicles, including a gray Ford F150 truck, and a street-level view where a motorcycle is distinctly visible.",f5ddba02-4295-48d9-8ad5-ba8583871323/bc6ba36c-aa02-4630-a0ea-4150b9b69e36/Synthetic/a2a7a1c1-6675-4d41-bc3c-dcad58ae96b8_flux_1789423316.png,urban highways,sunny,hazy,buses,moderate number of vehicles,northeast USA,red-brown,one truck (Ford F150),gray,varied colors,street-level,motorcycle,,s3://auto-lora/f5ddba02-4295-48d9-8ad5-ba8583871323/1466b03e-841d-4c45-975e-c6900af67662/lora_weights.safetensors,$txc,train
c61a5bf7-a0cd-4f70-8b1c-cecc7fb8f513,"An overhead view of a foggy urban highway in the southeast USA with a moderate number of vehicles and one red Ford F150 truck, the pavement is red-brown, and objects of interest include a motorcycle.",f5ddba02-4295-48d9-8ad5-ba8583871323/bc6ba36c-aa02-4630-a0ea-4150b9b69e36/Synthetic/c61a5bf7-a0cd-4f70-8b1c-cecc7fb8f513_flux_1789425279.png,urban highways,foggy,clear,trucks (Ford F150),moderate number of vehicles,southeast USA,red-brown,one truck (Ford F150),red,varied colors,overhead,motorcycle,,s3://auto-lora/f5ddba02-4295-48d9-8ad5-ba8583871323/1466b03e-841d-4c45-975e-c6900af67662/lora_weights.safetensors,$txc,train
da264524-e4da-4124-825d-bd42503b8ee1,"A sunny day with hazy visibility on rural highways in the southeast USA, featuring a red-brown pavement; very few vehicles are present, including one blue Ford F150 truck, while buses also appear in the scene from a street-level perspective.",f5ddba02-4295-48d9-8ad5-ba8583871323/bc6ba36c-aa02-4630-a0ea-4150b9b69e36/Synthetic/da264524-e4da-4124-825d-bd42503b8ee1_flux_1789425238.png,rural highways,sunny,hazy,buses,very few vehicles,southeast USA,red-brown,one truck (Ford F150),blue,varied colors,street-level,truck,,s3://auto-lora/f5ddba02-4295-48d9-8ad5-ba8583871323/1466b03e-841d-4c45-975e-c6900af67662/lora_weights.safetensors,$txc,train
883c9e72-6b6e-417c-821e-a78e44fdf9de,"An urban highway in the southwest USA with active precipitation creating rainy conditions, featuring a high density of buses and varied colored vehicles from street level, including one black Ford F150 truck, all moving under gray pavement.",f5ddba02-4295-48d9-8ad5-ba8583871323/bc6ba36c-aa02-4630-a0ea-4150b9b69e36/Synthetic/883c9e72-6b6e-417c-821e-a78e44fdf9de_flux_1789425606.png,urban highways,rainy,active precipitation,buses,high density of vehicles,southwest USA,gray,one truck (Ford F150),black,varied colors,street-level,car,,s3://auto-lora/f5ddba02-4295-48d9-8ad5-ba8583871323/1466b03e-841d-4c45-975e-c6900af67662/lora_weights.safetensors,$txc,train
3fb8cbb1-0356-443f-a996-a90cb7a73170,"An urban highway in the southeast USA with gray pavement and clear snowy weather, showing a street-level view of a moderate number of sedans in varied colors and one black Ford F150 truck.",f5ddba02-4295-48d9-8ad5-ba8583871323/bc6ba36c-aa02-4630-a0ea-4150b9b69e36/Synthetic/3fb8cbb1-0356-443f-a996-a90cb7a73170_flux_1789424484.png,urban highways,snowy,clear,sedans,moderate number of vehicles,southeast USA,gray,one truck (Ford F150),black,varied colors,street-level,car,,s3://auto-lora/f5ddba02-4295-48d9-8ad5-ba8583871323/1466b03e-841d-4c45-975e-c6900af67662/lora_weights.safetensors,$txc,train
7c00233f-7d70-48cf-ae9a-96e22a4ba5b9,"An urban highway in the southwest USA with active precipitation creating rainy conditions, featuring very few vehicles including varied colored buses and one gray Ford F150 truck, viewed from street level.",f5ddba02-4295-48d9-8ad5-ba8583871323/bc6ba36c-aa02-4630-a0ea-4150b9b69e36/Synthetic/7c00233f-7d70-48cf-ae9a-96e22a4ba5b9_flux_1789424542.png,urban highways,rainy,active precipitation,buses,very few vehicles,southwest USA,gray,one truck (Ford F150),gray,varied colors,street-level,truck,,s3://auto-lora/f5ddba02-4295-48d9-8ad5-ba8583871323/1466b03e-841d-4c45-975e-c6900af67662/lora_weights.safetensors,$txc,train
060f9886-dc4e-4a03-ac42-7189d335c577,"A rural highway in the southwest USA with red-brown pavement, sunny weather and active precipitation, features very few sedans and one red Ford F150 truck at street-level.",f5ddba02-4295-48d9-8ad5-ba8583871323/bc6ba36c-aa02-4630-a0ea-4150b9b69e36/Synthetic/060f9886-dc4e-4a03-ac42-7189d335c577_flux_1789424104.png,rural highways,sunny,active precipitation,sedans,very few vehicles,southwest USA,red-brown,one truck (Ford F150),red,varied colors,street-level,truck,,s3://auto-lora/f5ddba02-4295-48d9-8ad5-ba8583871323/1466b03e-841d-4c45-975e-c6900af67662/lora_weights.safetensors,$txc,train
9ac5e401-ad61-4098-8021-a64ffab715a6,An overhead view of a busy highway in the southeast USA with a high density of sedans and active precipitation; a gray Ford F150 truck is visible among the varied colored vehicles on the gray pavement under sunny conditions.,f5ddba02-4295-48d9-8ad5-ba8583871323/bc6ba36c-aa02-4630-a0ea-4150b9b69e36/Synthetic/9ac5e401-ad61-4098-8021-a64ffab715a6_flux_1789423869.png,urban highways,sunny,active precipitation,sedans,high density of vehicles,southeast USA,gray,one truck (Ford F150),gray,varied colors,overhead,truck,,s3://auto-lora/f5ddba02-4295-48d9-8ad5-ba8583871323/1466b03e-841d-4c45-975e-c6900af67662/lora_weights.safetensors,$txc,train
bc3a6107-768a-4354-93ef-351898579b5d,"A rural highway in the northeast USA with active snow precipitation, gray pavement, and very few motorcycles visible; a black Ford F150 truck is present at street-level.",f5ddba02-4295-48d9-8ad5-ba8583871323/bc6ba36c-aa02-4630-a0ea-4150b9b69e36/Synthetic/bc3a6107-768a-4354-93ef-351898579b5d_flux_1789423778.png,rural highways,snowy,active precipitation,motorcycles,very few vehicles,northeast USA,gray,one truck (Ford F150),black,varied colors,street-level,truck,,s3://auto-lora/f5ddba02-4295-48d9-8ad5-ba8583871323/1466b03e-841d-4c45-975e-c6900af67662/lora_weights.safetensors,$txc,train
2e960c0d-65d8-4e8c-a419-95481a0aa56e,"An overhead view of rural highways in the southeast USA during rainy weather with active precipitation, featuring a moderate number of SUVs in varied colors, one gray Ford F150 truck, and visible red-brown pavement, with a bus as the primary point of interest.",f5ddba02-4295-48d9-8ad5-ba8583871323/bc6ba36c-aa02-4630-a0ea-4150b9b69e36/Synthetic/2e960c0d-65d8-4e8c-a419-95481a0aa56e_flux_1789424377.png,rural highways,rainy,active precipitation,SUVs,moderate number of vehicles,southeast USA,red-brown,one truck (Ford F150),gray,varied colors,overhead,bus,,s3://auto-lora/f5ddba02-4295-48d9-8ad5-ba8583871323/1466b03e-841d-4c45-975e-c6900af67662/lora_weights.safetensors,$txc,train
66cacc5d-b207-41a4-9571-87a815fab516,"A foggy rural highway in the northeast USA with active precipitation, featuring a street-level view of very few varied-colored SUVs and one white Ford F150 truck, set against a backdrop of red-brown pavement.",f5ddba02-4295-48d9-8ad5-ba8583871323/bc6ba36c-aa02-4630-a0ea-4150b9b69e36/Synthetic/66cacc5d-b207-41a4-9571-87a815fab516_flux_1789424920.png,rural highways,foggy,active precipitation,SUVs,very few vehicles,northeast USA,red-brown,one truck (Ford F150),white,varied colors,street-level,truck,,s3://auto-lora/f5ddba02-4295-48d9-8ad5-ba8583871323/1466b03e-841d-4c45-975e-c6900af67662/lora_weights.safetensors,$txc,train
3424ff29-2add-4a0c-96f5-7be9fb705e8c,"A rural highway in the southeast USA with a red-brown pavement, visible under clear rainy weather and street-level angle, features a moderate number of sedans in varied colors, one black Ford F150 truck, and a bus as the primary objects of interest.",f5ddba02-4295-48d9-8ad5-ba8583871323/bc6ba36c-aa02-4630-a0ea-4150b9b69e36/Synthetic/3424ff29-2add-4a0c-96f5-7be9fb705e8c_flux_1789425148.png,rural highways,rainy,clear,sedans,moderate number of vehicles,southeast USA,red-brown,one truck (Ford F150),black,varied colors,street-level,bus,,s3://auto-lora/f5ddba02-4295-48d9-8ad5-ba8583871323/1466b03e-841d-4c45-975e-c6900af67662/lora_weights.safetensors,$txc,train
013dd2ec-e811-4b60-811c-79b3b4f9dc02,A rural highway in the northeast USA with active precipitation and gray pavement has a high density of motorcycles and one black Ford F150 truck; the street-level view shows varied motorcycle colors and a bus as points of interest during rainy conditions.,f5ddba02-4295-48d9-8ad5-ba8583871323/bc6ba36c-aa02-4630-a0ea-4150b9b69e36/Synthetic/013dd2ec-e811-4b60-811c-79b3b4f9dc02_flux_1789425873.png,rural highways,rainy,active precipitation,motorcycles,high density of vehicles,northeast USA,gray,one truck (Ford F150),black,varied colors,street-level,bus,,s3://auto-lora/f5ddba02-4295-48d9-8ad5-ba8583871323/1466b03e-841d-4c45-975e-c6900af67662/lora_weights.safetensors,$txc,train
d8daa74b-e266-401a-9faf-d22c0fd3d1f6,"An overhead view of an urban highway in the southwest USA with snowy conditions and clear visibility, featuring a moderate number of vehicles with varied colors, one white Ford F150 truck, and a red-brown pavement.",f5ddba02-4295-48d9-8ad5-ba8583871323/bc6ba36c-aa02-4630-a0ea-4150b9b69e36/Synthetic/d8daa74b-e266-401a-9faf-d22c0fd3d1f6_flux_1789423386.png,urban highways,snowy,clear,trucks (Ford F150),moderate number of vehicles,southwest USA,red-brown,one truck (Ford F150),white,varied colors,overhead,car,,s3://auto-lora/f5ddba02-4295-48d9-8ad5-ba8583871323/1466b03e-841d-4c45-975e-c6900af67662/lora_weights.safetensors,$txc,train
dfef9f1b-9259-4be9-804c-0b67975beee1,"A street-level view of an urban highway in the northeast USA during rainy weather with clear visibility and high density of vehicles, featuring one red Ford F150 truck among various colored cars.",f5ddba02-4295-48d9-8ad5-ba8583871323/bc6ba36c-aa02-4630-a0ea-4150b9b69e36/Synthetic/dfef9f1b-9259-4be9-804c-0b67975beee1_flux_1789424418.png,urban highways,rainy,clear,trucks (Ford F150),high density of vehicles,northeast USA,red-brown,one truck (Ford F150),red,varied colors,street-level,truck,,s3://auto-lora/f5ddba02-4295-48d9-8ad5-ba8583871323/1466b03e-841d-4c45-975e-c6900af67662/lora_weights.safetensors,$txc,train
4b63ac20-130c-452f-8b9d-d67dcf3d7704,"A rural highway in the southeast USA with a snowy but clear environment, featuring a street-level view of moderate number of varied-colored SUVs and one red Ford F150 truck, with red-brown pavement and a motorcycle present.",f5ddba02-4295-48d9-8ad5-ba8583871323/bc6ba36c-aa02-4630-a0ea-4150b9b69e36/Synthetic/4b63ac20-130c-452f-8b9d-d67dcf3d7704_flux_1789423749.png,rural highways,snowy,clear,SUVs,moderate number of vehicles,southeast USA,red-brown,one truck (Ford F150),red,varied colors,street-level,motorcycle,,s3://auto-lora/f5ddba02-4295-48d9-8ad5-ba8583871323/1466b03e-841d-4c45-975e-c6900af67662/lora_weights.safetensors,$txc,train
80178c90-8b2a-49d2-93cd-29a59078ada8,"An overhead view of a rainy, hazy urban highway in the southeast USA with a high density of buses and varied colored vehicles, featuring one blue Ford F150 truck, and red-brown pavement.",f5ddba02-4295-48d9-8ad5-ba8583871323/bc6ba36c-aa02-4630-a0ea-4150b9b69e36/Synthetic/80178c90-8b2a-49d2-93cd-29a59078ada8_flux_1789424402.png,urban highways,rainy,hazy,buses,high density of vehicles,southeast USA,red-brown,one truck (Ford F150),blue,varied colors,overhead,car,,s3://auto-lora/f5ddba02-4295-48d9-8ad5-ba8583871323/1466b03e-841d-4c45-975e-c6900af67662/lora_weights.safetensors,$txc,train
9e7be853-7e1c-40f0-9d8f-bc3c4eda2901,"An urban highway in the northeast USA with active precipitation creating rainy conditions and reduced visibility; the street-level view shows a high density of motorcycles in varied colors and one red Ford F150 truck, all moving along a gray pavement.",f5ddba02-4295-48d9-8ad5-ba8583871323/bc6ba36c-aa02-4630-a0ea-4150b9b69e36/Synthetic/9e7be853-7e1c-40f0-9d8f-bc3c4eda2901_flux_1789426244.png,urban highways,rainy,active precipitation,motorcycles,high density of vehicles,northeast USA,gray,one truck (Ford F150),red,varied colors,street-level,car,,s3://auto-lora/f5ddba02-4295-48d9-8ad5-ba8583871323/1466b03e-841d-4c45-975e-c6900af67662/lora_weights.safetensors,$txc,train
740e2534-5f63-49dd-a99d-5f1b0da5a435,"An overhead view of an urban highway in the southeast USA with sunny and clear weather, featuring a red-brown paved road, very few vehicles, and one blue Ford F150 truck as the primary object of interest.",f5ddba02-4295-48d9-8ad5-ba8583871323/bc6ba36c-aa02-4630-a0ea-4150b9b69e36/Synthetic/740e2534-5f63-49dd-a99d-5f1b0da5a435_flux_1789424764.png,urban highways,sunny,clear,buses,very few vehicles,southeast USA,red-brown,one truck (Ford F150),blue,varied colors,overhead,truck,,s3://auto-lora/f5ddba02-4295-48d9-8ad5-ba8583871323/1466b03e-841d-4c45-975e-c6900af67662/lora_weights.safetensors,$txc,train
2d751f89-3ca1-4425-b0c1-97c54d73edd9,"An overhead view of a rural highway in the northeast USA with a high density of buses and varied vehicle colors under sunny conditions, active precipitation reducing visibility, and one white Ford F150 truck present.",f5ddba02-4295-48d9-8ad5-ba8583871323/bc6ba36c-aa02-4630-a0ea-4150b9b69e36/Synthetic/2d751f89-3ca1-4425-b0c1-97c54d73edd9_flux_1789426503.png,rural highways,sunny,active precipitation,buses,high density of vehicles,northeast USA,red-brown,one truck (Ford F150),white,varied colors,overhead,car,,s3://auto-lora/f5ddba02-4295-48d9-8ad5-ba8583871323/1466b03e-841d-4c45-975e-c6900af67662/lora_weights.safetensors,$txc,train
c01796af-43d7-4c6c-bd0f-034b2dd46c53,"An urban highway in the northeast USA with a snowy, clear weather condition and red-brown pavement has a moderate number of varied-colored SUVs and one blue Ford F150 truck, viewed from street level, where a motorcycle is also visible.",f5ddba02-4295-48d9-8ad5-ba8583871323/bc6ba36c-aa02-4630-a0ea-4150b9b69e36/Synthetic/c01796af-43d7-4c6c-bd0f-034b2dd46c53_flux_1789423245.png,urban highways,snowy,clear,SUVs,moderate number of vehicles,northeast USA,red-brown,one truck (Ford F150),blue,varied colors,street-level,motorcycle,,s3://auto-lora/f5ddba02-4295-48d9-8ad5-ba8583871323/1466b03e-841d-4c45-975e-c6900af67662/lora_weights.safetensors,$txc,train
e6fd302d-80c6-4f36-b81f-e54f41c9cf5b,"A rural highway in the southeast USA with red-brown pavement, sunny weather and active precipitation, shows very few vehicles including varied colored buses and one white Ford F150 truck at street level.",f5ddba02-4295-48d9-8ad5-ba8583871323/bc6ba36c-aa02-4630-a0ea-4150b9b69e36/Synthetic/e6fd302d-80c6-4f36-b81f-e54f41c9cf5b_flux_1789422686.png,rural highways,sunny,active precipitation,buses,very few vehicles,southeast USA,red-brown,one truck (Ford F150),white,varied colors,street-level,bus,,s3://auto-lora/f5ddba02-4295-48d9-8ad5-ba8583871323/1466b03e-841d-4c45-975e-c6900af67662/lora_weights.safetensors,$txc,train
6d407b45-2f14-4ffb-afac-d70901a8e04d,"A rural highway in the southwest USA with sunny and clear weather, featuring a high density of varied-colored sedans and one black Ford F150 truck, gray pavement, and a street-level view where a motorcycle is also visible.",f5ddba02-4295-48d9-8ad5-ba8583871323/bc6ba36c-aa02-4630-a0ea-4150b9b69e36/Synthetic/6d407b45-2f14-4ffb-afac-d70901a8e04d_flux_1789424166.png,rural highways,sunny,clear,sedans,high density of vehicles,southwest USA,gray,one truck (Ford F150),black,varied colors,street-level,motorcycle,,s3://auto-lora/f5ddba02-4295-48d9-8ad5-ba8583871323/1466b03e-841d-4c45-975e-c6900af67662/lora_weights.safetensors,$txc,train
183962d8-19e7-4ae2-9054-0111428fea47,"A foggy rural highway in the southwest USA with hazy visibility and a street-level view showing a moderate number of SUVs in varied colors, one black Ford F150 truck, and red-brown pavement.",f5ddba02-4295-48d9-8ad5-ba8583871323/bc6ba36c-aa02-4630-a0ea-4150b9b69e36/Synthetic/183962d8-19e7-4ae2-9054-0111428fea47_flux_1789425638.png,rural highways,foggy,hazy,SUVs,moderate number of vehicles,southwest USA,red-brown,one truck (Ford F150),black,varied colors,street-level,car,,s3://auto-lora/f5ddba02-4295-48d9-8ad5-ba8583871323/1466b03e-841d-4c45-975e-c6900af67662/lora_weights.safetensors,$txc,train
9c72a73a-218a-4b86-96e4-638a815ae65d,"An overhead view of an urban highway in the southeast USA with a snowy, hazy environment; very few vehicles are present, including several buses of varied colors and one white Ford F150 truck, set against a red-brown pavement.",f5ddba02-4295-48d9-8ad5-ba8583871323/bc6ba36c-aa02-4630-a0ea-4150b9b69e36/Synthetic/9c72a73a-218a-4b86-96e4-638a815ae65d_flux_1789423213.png,urban highways,snowy,hazy,buses,very few vehicles,southeast USA,red-brown,one truck (Ford F150),white,varied colors,overhead,bus,,s3://auto-lora/f5ddba02-4295-48d9-8ad5-ba8583871323/1466b03e-841d-4c45-975e-c6900af67662/lora_weights.safetensors,$txc,train
49a96443-e797-485a-9bf6-6fc74a138685,"An overhead view of a hazy, sunny urban highway in the southwest USA with gray pavement and a moderate number of vehicles, including one red Ford F150 truck and various colored vehicles, where the objects of interest are motorcycles scattered among the traffic.",f5ddba02-4295-48d9-8ad5-ba8583871323/bc6ba36c-aa02-4630-a0ea-4150b9b69e36/Synthetic/49a96443-e797-485a-9bf6-6fc74a138685_flux_1789423336.png,urban highways,sunny,hazy,trucks (Ford F150),moderate number of vehicles,southwest USA,gray,one truck (Ford F150),red,varied colors,overhead,motorcycle,,s3://auto-lora/f5ddba02-4295-48d9-8ad5-ba8583871323/1466b03e-841d-4c45-975e-c6900af67662/lora_weights.safetensors,$txc,train
24d125b7-ca20-4a49-a5c9-0e18bc7de537,"An overhead view of rural highways in the southwest USA with a snowy, hazy environment; multiple SUVs and one black Ford F150 truck are visible on the gray pavement, creating a moderate number of vehicles on the scene.",f5ddba02-4295-48d9-8ad5-ba8583871323/bc6ba36c-aa02-4630-a0ea-4150b9b69e36/Synthetic/24d125b7-ca20-4a49-a5c9-0e18bc7de537_flux_1789423708.png,rural highways,snowy,hazy,SUVs,moderate number of vehicles,southwest USA,gray,one truck (Ford F150),black,varied colors,overhead,truck,,s3://auto-lora/f5ddba02-4295-48d9-8ad5-ba8583871323/1466b03e-841d-4c45-975e-c6900af67662/lora_weights.safetensors,$txc,train
f2b4e6a9-e835-453f-9ebf-6c4269491f33,"A rural highway in the southwest USA with a high density of vehicles, including many trucks like a black Ford F150, under rainy and hazy conditions, viewed from street level, where the gray pavement is visible and a motorcycle is of particular interest among varied vehicle colors.",f5ddba02-4295-48d9-8ad5-ba8583871323/bc6ba36c-aa02-4630-a0ea-4150b9b69e36/Synthetic/f2b4e6a9-e835-453f-9ebf-6c4269491f33_flux_1789423626.png,rural highways,rainy,hazy,trucks (Ford F150),high density of vehicles,southwest USA,gray,one truck (Ford F150),black,varied colors,street-level,motorcycle,,s3://auto-lora/f5ddba02-4295-48d9-8ad5-ba8583871323/1466b03e-841d-4c45-975e-c6900af67662/lora_weights.safetensors,$txc,train
d833be87-8891-4478-ba1e-afb92e2935d3,"An overhead view of a snowy rural highway in the southwest USA with active precipitation, featuring a gray pavement, very few varied-colored SUVs, and one red Ford F150 truck.",f5ddba02-4295-48d9-8ad5-ba8583871323/bc6ba36c-aa02-4630-a0ea-4150b9b69e36/Synthetic/d833be87-8891-4478-ba1e-afb92e2935d3_flux_1789423456.png,rural highways,snowy,active precipitation,SUVs,very few vehicles,southwest USA,gray,one truck (Ford F150),red,varied colors,overhead,truck,,s3://auto-lora/f5ddba02-4295-48d9-8ad5-ba8583871323/1466b03e-841d-4c45-975e-c6900af67662/lora_weights.safetensors,$txc,train
08c50d2a-defe-44ea-868a-7e25864ee718,"An urban highway in the southeast USA with a rainy weather condition and clear visibility, featuring a street-level view of moderate number of SUVs with varied colors, one gray Ford F150 truck, and a motorcycle present in the scene on a red-brown pavement.",f5ddba02-4295-48d9-8ad5-ba8583871323/bc6ba36c-aa02-4630-a0ea-4150b9b69e36/Synthetic/08c50d2a-defe-44ea-868a-7e25864ee718_flux_1789425577.png,urban highways,rainy,clear,SUVs,moderate number of vehicles,southeast USA,red-brown,one truck (Ford F150),gray,varied colors,street-level,motorcycle,,s3://auto-lora/f5ddba02-4295-48d9-8ad5-ba8583871323/1466b03e-841d-4c45-975e-c6900af67662/lora_weights.safetensors,$txc,train
d143c32d-8ffe-4c9d-97be-f458cf4acbfa,"An overhead view of a rural highway in the southwest USA with a high density of vehicles, including numerous trucks and cars of varied colors, set against a hazy, rainy backdrop; the pavement is red-brown and one specific Ford F150 truck stands out as gray among the other vehicles.",f5ddba02-4295-48d9-8ad5-ba8583871323/bc6ba36c-aa02-4630-a0ea-4150b9b69e36/Synthetic/d143c32d-8ffe-4c9d-97be-f458cf4acbfa_flux_1789423980.png,rural highways,rainy,hazy,trucks (Ford F150),high density of vehicles,southwest USA,red-brown,one truck (Ford F150),gray,varied colors,overhead,car,,s3://auto-lora/f5ddba02-4295-48d9-8ad5-ba8583871323/1466b03e-841d-4c45-975e-c6900af67662/lora_weights.safetensors,$txc,train
a7d275a0-5c5e-44a3-b085-fe44cd4dac76,"An overhead view of an urban highway in the southeast USA with a sunny weather condition and active precipitation, featuring a gray pavement, very few vehicles of varied colors, and one blue Ford F150 truck, with the primary focus on a car in the scene.",f5ddba02-4295-48d9-8ad5-ba8583871323/bc6ba36c-aa02-4630-a0ea-4150b9b69e36/Synthetic/a7d275a0-5c5e-44a3-b085-fe44cd4dac76_flux_1789424063.png,urban highways,sunny,active precipitation,trucks (Ford F150),very few vehicles,southeast USA,gray,one truck (Ford F150),blue,varied colors,overhead,car,,s3://auto-lora/f5ddba02-4295-48d9-8ad5-ba8583871323/1466b03e-841d-4c45-975e-c6900af67662/lora_weights.safetensors,$txc,train
8ba64c05-5bba-4736-bf3a-c93624ea6466,"An urban highway in the southwest USA with active snow precipitation, featuring a red-brown pavement and a moderate number of varied-colored sedans; one blue Ford F150 truck is also present, and a bus stands out as an object of interest from a street-level view.",f5ddba02-4295-48d9-8ad5-ba8583871323/bc6ba36c-aa02-4630-a0ea-4150b9b69e36/Synthetic/8ba64c05-5bba-4736-bf3a-c93624ea6466_flux_1789426606.png,urban highways,snowy,active precipitation,sedans,moderate number of vehicles,southwest USA,red-brown,one truck (Ford F150),blue,varied colors,street-level,bus,,s3://auto-lora/f5ddba02-4295-48d9-8ad5-ba8583871323/1466b03e-841d-4c45-975e-c6900af67662/lora_weights.safetensors,$txc,train
538d603a-4edd-47e0-8c1d-84f222346dda,"A rural highway in the southwest USA with sunny and clear conditions, gray pavement, very few varied-colored sedans, one gray Ford F150 truck, and a bus visible at street level.",f5ddba02-4295-48d9-8ad5-ba8583871323/bc6ba36c-aa02-4630-a0ea-4150b9b69e36/Synthetic/538d603a-4edd-47e0-8c1d-84f222346dda_flux_1789424162.png,rural highways,sunny,clear,sedans,very few vehicles,southwest USA,gray,one truck (Ford F150),gray,varied colors,street-level,bus,,s3://auto-lora/f5ddba02-4295-48d9-8ad5-ba8583871323/1466b03e-841d-4c45-975e-c6900af67662/lora_weights.safetensors,$txc,train
6be2fdcd-8afb-4659-9e06-3501504fef03,"An overhead view of a snowy urban highway in the southeast USA with a high density of buses and varied vehicle colors, clear visibility, red-brown pavement, and one white Ford F150 truck; a motorcycle is also of interest.",f5ddba02-4295-48d9-8ad5-ba8583871323/bc6ba36c-aa02-4630-a0ea-4150b9b69e36/Synthetic/6be2fdcd-8afb-4659-9e06-3501504fef03_flux_1789424493.png,urban highways,snowy,clear,buses,high density of vehicles,southeast USA,red-brown,one truck (Ford F150),white,varied colors,overhead,motorcycle,,s3://auto-lora/f5ddba02-4295-48d9-8ad5-ba8583871323/1466b03e-841d-4c45-975e-c6900af67662/lora_weights.safetensors,$txc,train
7a426995-16d7-4152-a251-6f53c537aef6,"An urban highway in the northeast USA with foggy weather and clear visibility, featuring a moderate number of buses and one white Ford F150 truck, all on gray pavement, viewed from street level with varied bus colors as the primary objects of interest.",f5ddba02-4295-48d9-8ad5-ba8583871323/bc6ba36c-aa02-4630-a0ea-4150b9b69e36/Synthetic/7a426995-16d7-4152-a251-6f53c537aef6_flux_1789423597.png,urban highways,foggy,clear,buses,moderate number of vehicles,northeast USA,gray,one truck (Ford F150),white,varied colors,street-level,bus,,s3://auto-lora/f5ddba02-4295-48d9-8ad5-ba8583871323/1466b03e-841d-4c45-975e-c6900af67662/lora_weights.safetensors,$txc,train
2b310d1b-09e3-47d1-ab5a-713ee5f07248,"An overhead view of a foggy urban highway in the southeast USA with a high density of SUVs and varied vehicle colors, a red Ford F150 truck, and red-brown pavement stretching into the distance.",f5ddba02-4295-48d9-8ad5-ba8583871323/bc6ba36c-aa02-4630-a0ea-4150b9b69e36/Synthetic/2b310d1b-09e3-47d1-ab5a-713ee5f07248_flux_1789423135.png,urban highways,foggy,clear,SUVs,high density of vehicles,southeast USA,red-brown,one truck (Ford F150),red,varied colors,overhead,car,,s3://auto-lora/f5ddba02-4295-48d9-8ad5-ba8583871323/1466b03e-841d-4c45-975e-c6900af67662/lora_weights.safetensors,$txc,train
77650b73-1f96-4e84-b9e7-9a208cb40df1,"An overhead view of an urban highway in the northeast USA with a rainy weather condition and clear visibility, featuring a moderate number of SUVs in varied colors, one gray Ford F150 truck, and red-brown pavement.",f5ddba02-4295-48d9-8ad5-ba8583871323/bc6ba36c-aa02-4630-a0ea-4150b9b69e36/Synthetic/77650b73-1f96-4e84-b9e7-9a208cb40df1_flux_1789425696.png,urban highways,rainy,clear,SUVs,moderate number of vehicles,northeast USA,red-brown,one truck (Ford F150),gray,varied colors,overhead,car,,s3://auto-lora/f5ddba02-4295-48d9-8ad5-ba8583871323/1466b03e-841d-4c45-975e-c6900af67662/lora_weights.safetensors,$txc,train
68409138-f76b-424b-a9f0-369497204078,"An urban highway in the southwest USA with gray pavement and hazy rainy conditions features a moderate number of vehicles, including one blue Ford F150 truck, with varied colored cars and trucks; a bus is also visible from street level.",f5ddba02-4295-48d9-8ad5-ba8583871323/bc6ba36c-aa02-4630-a0ea-4150b9b69e36/Synthetic/68409138-f76b-424b-a9f0-369497204078_flux_1789425062.png,urban highways,rainy,hazy,trucks (Ford F150),moderate number of vehicles,southwest USA,gray,one truck (Ford F150),blue,varied colors,street-level,bus,,s3://auto-lora/f5ddba02-4295-48d9-8ad5-ba8583871323/1466b03e-841d-4c45-975e-c6900af67662/lora_weights.safetensors,$txc,train
db027e77-835b-48c6-8dd7-6d61ef361cf1,"An overhead view of rural highways in the southeast USA with a rainy, hazy environment; multiple SUVs and one red Ford F150 truck are visible on the red-brown pavement, creating a moderate number of vehicles in the scene.",f5ddba02-4295-48d9-8ad5-ba8583871323/bc6ba36c-aa02-4630-a0ea-4150b9b69e36/Synthetic/db027e77-835b-48c6-8dd7-6d61ef361cf1_flux_1789425382.png,rural highways,rainy,hazy,SUVs,moderate number of vehicles,southeast USA,red-brown,one truck (Ford F150),red,varied colors,overhead,car,,s3://auto-lora/f5ddba02-4295-48d9-8ad5-ba8583871323/1466b03e-841d-4c45-975e-c6900af67662/lora_weights.safetensors,$txc,train
12b6a35f-04b5-4ce8-b6c8-fda42738edd1,"A rural highway in the southeast USA with gray pavement and hazy sunny conditions features a street-level view of very few vehicles, including one gray Ford F150 truck, which is the primary object of interest.",f5ddba02-4295-48d9-8ad5-ba8583871323/bc6ba36c-aa02-4630-a0ea-4150b9b69e36/Synthetic/12b6a35f-04b5-4ce8-b6c8-fda42738edd1_flux_1789426672.png,rural highways,sunny,hazy,trucks (Ford F150),very few vehicles,southeast USA,gray,one truck (Ford F150),gray,varied colors,street-level,truck,,s3://auto-lora/f5ddba02-4295-48d9-8ad5-ba8583871323/1466b03e-841d-4c45-975e-c6900af67662/lora_weights.safetensors,$txc,train
5fd7fdea-0b7e-4e28-bb46-eff1084a89ac,"An overhead view of a rural highway in the southeast USA with sunny and clear conditions, featuring very few vehicles, varied motorcycle colors, one blue Ford F150 truck, and gray pavement.",f5ddba02-4295-48d9-8ad5-ba8583871323/bc6ba36c-aa02-4630-a0ea-4150b9b69e36/Synthetic/5fd7fdea-0b7e-4e28-bb46-eff1084a89ac_flux_1789426668.png,rural highways,sunny,clear,motorcycles,very few vehicles,southeast USA,gray,one truck (Ford F150),blue,varied colors,overhead,motorcycle,,s3://auto-lora/f5ddba02-4295-48d9-8ad5-ba8583871323/1466b03e-841d-4c45-975e-c6900af67662/lora_weights.safetensors,$txc,train
961755c1-0c75-4b18-80e2-feb782e84784,"An overhead view of a rural highway in the northeast USA with a rainy, hazy environment; very few varied-colored sedans are visible, one black Ford F150 truck is present, and a bus stands out as the primary object of interest on the red-brown pavement.",f5ddba02-4295-48d9-8ad5-ba8583871323/bc6ba36c-aa02-4630-a0ea-4150b9b69e36/Synthetic/961755c1-0c75-4b18-80e2-feb782e84784_flux_1789423617.png,rural highways,rainy,hazy,sedans,very few vehicles,northeast USA,red-brown,one truck (Ford F150),black,varied colors,overhead,bus,,s3://auto-lora/f5ddba02-4295-48d9-8ad5-ba8583871323/1466b03e-841d-4c45-975e-c6900af67662/lora_weights.safetensors,$txc,train
2710a59c-f1ce-4141-b1e4-798c835b13b6,"An overhead view of rural highways in the northeast USA with foggy weather and active precipitation, showing moderate number of vehicles including a black Ford F150 truck on red-brown pavement, objects of interest focusing on the truck.",f5ddba02-4295-48d9-8ad5-ba8583871323/bc6ba36c-aa02-4630-a0ea-4150b9b69e36/Synthetic/2710a59c-f1ce-4141-b1e4-798c835b13b6_flux_1789422698.png,rural highways,foggy,active precipitation,trucks (Ford F150),moderate number of vehicles,northeast USA,red-brown,one truck (Ford F150),black,varied colors,overhead,truck,,s3://auto-lora/f5ddba02-4295-48d9-8ad5-ba8583871323/1466b03e-841d-4c45-975e-c6900af67662/lora_weights.safetensors,$txc,train
27fb9484-1dd6-429f-accf-9ee44d96aaba,"An urban highway in the southwest USA with gray pavement, visible in a rainy and hazy environment from street level, features a moderate number of sedans in varied colors and one blue Ford F150 truck.",f5ddba02-4295-48d9-8ad5-ba8583871323/bc6ba36c-aa02-4630-a0ea-4150b9b69e36/Synthetic/27fb9484-1dd6-429f-accf-9ee44d96aaba_flux_1789423184.png,urban highways,rainy,hazy,sedans,moderate number of vehicles,southwest USA,gray,one truck (Ford F150),blue,varied colors,street-level,car,,s3://auto-lora/f5ddba02-4295-48d9-8ad5-ba8583871323/1466b03e-841d-4c45-975e-c6900af67662/lora_weights.safetensors,$txc,train
4dbfb96f-79f3-4e59-aa20-25723c5201f1,"An overhead view of rural highways in the southwest USA with foggy weather and clear visibility; there is a high density of sedans, one blue Ford F150 truck, and vehicles of varied colors on gray pavement.",f5ddba02-4295-48d9-8ad5-ba8583871323/bc6ba36c-aa02-4630-a0ea-4150b9b69e36/Synthetic/4dbfb96f-79f3-4e59-aa20-25723c5201f1_flux_1789423877.png,rural highways,foggy,clear,sedans,high density of vehicles,southwest USA,gray,one truck (Ford F150),blue,varied colors,overhead,truck,,s3://auto-lora/f5ddba02-4295-48d9-8ad5-ba8583871323/1466b03e-841d-4c45-975e-c6900af67662/lora_weights.safetensors,$txc,train
5f11324f-2d52-4a1d-92b4-09bc6728a302,"An urban highway in the southeast USA with active snow precipitation, showing red-brown pavement and moderate number of vehicles including one black Ford F150 truck, with varied colored cars and trucks; viewed from street level, a motorcycle is also visible.",f5ddba02-4295-48d9-8ad5-ba8583871323/bc6ba36c-aa02-4630-a0ea-4150b9b69e36/Synthetic/5f11324f-2d52-4a1d-92b4-09bc6728a302_flux_1789424772.png,urban highways,snowy,active precipitation,trucks (Ford F150),moderate number of vehicles,southeast USA,red-brown,one truck (Ford F150),black,varied colors,street-level,motorcycle,,s3://auto-lora/f5ddba02-4295-48d9-8ad5-ba8583871323/1466b03e-841d-4c45-975e-c6900af67662/lora_weights.safetensors,$txc,train
40125b8b-b84d-437f-8b15-972a84913eba,"An urban highway in the southwest USA with gray pavement and foggy weather conditions, active precipitation, and moderate number of vehicles including varied-colored motorcycles and one gray Ford F150 truck; viewed from street level with focus on cars.",f5ddba02-4295-48d9-8ad5-ba8583871323/bc6ba36c-aa02-4630-a0ea-4150b9b69e36/Synthetic/40125b8b-b84d-437f-8b15-972a84913eba_flux_1789425115.png,urban highways,foggy,active precipitation,motorcycles,moderate number of vehicles,southwest USA,gray,one truck (Ford F150),gray,varied colors,street-level,car,,s3://auto-lora/f5ddba02-4295-48d9-8ad5-ba8583871323/1466b03e-841d-4c45-975e-c6900af67662/lora_weights.safetensors,$txc,train
a6e15244-f4a7-456e-ab4a-5a9d05fbf580,"A foggy rural highway in the northeast USA with gray pavement and very few vehicles of varied colors, including an SUV and one red Ford F150 truck, viewed from street level, where a motorcycle is the primary point of interest.",f5ddba02-4295-48d9-8ad5-ba8583871323/bc6ba36c-aa02-4630-a0ea-4150b9b69e36/Synthetic/a6e15244-f4a7-456e-ab4a-5a9d05fbf580_flux_1789422821.png,rural highways,foggy,clear,SUVs,very few vehicles,northeast USA,gray,one truck (Ford F150),red,varied colors,street-level,motorcycle,,s3://auto-lora/f5ddba02-4295-48d9-8ad5-ba8583871323/1466b03e-841d-4c45-975e-c6900af67662/lora_weights.safetensors,$txc,train
7af6d160-44db-41b8-96ab-b82d95f0950a,"An overhead view of a rural highway in the southwest USA with gray pavement, foggy weather and active precipitation, showing very few vehicles and one black Ford F150 truck as the primary object of interest.",f5ddba02-4295-48d9-8ad5-ba8583871323/bc6ba36c-aa02-4630-a0ea-4150b9b69e36/Synthetic/7af6d160-44db-41b8-96ab-b82d95f0950a_flux_1789425861.png,rural highways,foggy,active precipitation,trucks (Ford F150),very few vehicles,southwest USA,gray,one truck (Ford F150),black,varied colors,overhead,truck,,s3://auto-lora/f5ddba02-4295-48d9-8ad5-ba8583871323/1466b03e-841d-4c45-975e-c6900af67662/lora_weights.safetensors,$txc,train
faa9164a-2826-4581-a18b-d0417909c437,"An urban highway in the northeast USA with a sunny but hazy sky, featuring red-brown pavement and very few varied-colored sedans; one black Ford F150 truck is present, and a motorcycle is the primary object of interest from a street-level perspective.",f5ddba02-4295-48d9-8ad5-ba8583871323/bc6ba36c-aa02-4630-a0ea-4150b9b69e36/Synthetic/faa9164a-2826-4581-a18b-d0417909c437_flux_1789424398.png,urban highways,sunny,hazy,sedans,very few vehicles,northeast USA,red-brown,one truck (Ford F150),black,varied colors,street-level,motorcycle,,s3://auto-lora/f5ddba02-4295-48d9-8ad5-ba8583871323/1466b03e-841d-4c45-975e-c6900af67662/lora_weights.safetensors,$txc,train
04a1ce4c-0d51-4772-aabf-82682453c72f,"An urban highway in the southwest USA with a high density of SUVs and varied vehicle colors under sunny conditions, active precipitation reducing visibility, and a gray-paved road; a single gray Ford F150 truck is visible at street level.",f5ddba02-4295-48d9-8ad5-ba8583871323/bc6ba36c-aa02-4630-a0ea-4150b9b69e36/Synthetic/04a1ce4c-0d51-4772-aabf-82682453c72f_flux_1789424084.png,urban highways,sunny,active precipitation,SUVs,high density of vehicles,southwest USA,gray,one truck (Ford F150),gray,varied colors,street-level,truck,,s3://auto-lora/f5ddba02-4295-48d9-8ad5-ba8583871323/1466b03e-841d-4c45-975e-c6900af67662/lora_weights.safetensors,$txc,train
6193a98c-5c40-4136-bd94-9563ff98b1ec,An urban highway in the southwest USA with a high density of sedans in a snowy environment and clear visibility; the pavement is red-brown and a white Ford F150 truck is visible at street level among the varied colored vehicles.,f5ddba02-4295-48d9-8ad5-ba8583871323/bc6ba36c-aa02-4630-a0ea-4150b9b69e36/Synthetic/6193a98c-5c40-4136-bd94-9563ff98b1ec_flux_1789426190.png,urban highways,snowy,clear,sedans,high density of vehicles,southwest USA,red-brown,one truck (Ford F150),white,varied colors,street-level,truck,,s3://auto-lora/f5ddba02-4295-48d9-8ad5-ba8583871323/1466b03e-841d-4c45-975e-c6900af67662/lora_weights.safetensors,$txc,train
7fcf64df-2d21-4e4e-b0d9-fd2ecd7853e2,"An overhead view of a sunny but hazy urban highway in the southeast USA with a moderate number of buses and varied colored vehicles, including one blue Ford F150 truck, where the pavement has a red-brown color and cars are the primary objects of interest.",f5ddba02-4295-48d9-8ad5-ba8583871323/bc6ba36c-aa02-4630-a0ea-4150b9b69e36/Synthetic/7fcf64df-2d21-4e4e-b0d9-fd2ecd7853e2_flux_1789423745.png,urban highways,sunny,hazy,buses,moderate number of vehicles,southeast USA,red-brown,one truck (Ford F150),blue,varied colors,overhead,car,,s3://auto-lora/f5ddba02-4295-48d9-8ad5-ba8583871323/1466b03e-841d-4c45-975e-c6900af67662/lora_weights.safetensors,$txc,train
a244d88f-9ead-4485-b051-47b9fe96c2f1,"An urban highway in the northeast USA with a high density of sedans and one blue Ford F150 truck visible, all under sunny and clear conditions, the pavement is red-brown, viewed from street level.",f5ddba02-4295-48d9-8ad5-ba8583871323/bc6ba36c-aa02-4630-a0ea-4150b9b69e36/Synthetic/a244d88f-9ead-4485-b051-47b9fe96c2f1_flux_1789423502.png,urban highways,sunny,clear,sedans,high density of vehicles,northeast USA,red-brown,one truck (Ford F150),blue,varied colors,street-level,truck,,s3://auto-lora/f5ddba02-4295-48d9-8ad5-ba8583871323/1466b03e-841d-4c45-975e-c6900af67662/lora_weights.safetensors,$txc,train
ba07db2b-7b0b-4414-a594-8e478c54f21a,"A snowy, hazy urban highway in the southwest USA with a high density of vehicles, predominantly trucks including one white Ford F150, on a gray pavement from street level.",f5ddba02-4295-48d9-8ad5-ba8583871323/bc6ba36c-aa02-4630-a0ea-4150b9b69e36/Synthetic/ba07db2b-7b0b-4414-a594-8e478c54f21a_flux_1789424025.png,urban highways,snowy,hazy,trucks (Ford F150),high density of vehicles,southwest USA,gray,one truck (Ford F150),white,varied colors,street-level,truck,,s3://auto-lora/f5ddba02-4295-48d9-8ad5-ba8583871323/1466b03e-841d-4c45-975e-c6900af67662/lora_weights.safetensors,$txc,train
772064a3-51a9-477d-abba-7f9b211e6350,"A street-level image of an urban highway in the southeast USA with sunny and clear weather, showing high density of vehicles and one blue Ford F150 truck on a gray pavement.",f5ddba02-4295-48d9-8ad5-ba8583871323/bc6ba36c-aa02-4630-a0ea-4150b9b69e36/Synthetic/772064a3-51a9-477d-abba-7f9b211e6350_flux_1789423650.png,urban highways,sunny,clear,trucks (Ford F150),high density of vehicles,southeast USA,gray,one truck (Ford F150),blue,varied colors,street-level,truck,,s3://auto-lora/f5ddba02-4295-48d9-8ad5-ba8583871323/1466b03e-841d-4c45-975e-c6900af67662/lora_weights.safetensors,$txc,train
f1d91803-d795-4c4d-952c-9e1dd41e3b42,"An overhead view of a rural highway in the northeast USA during rainy weather with clear visibility and very few vehicles, featuring varied colored buses and one white Ford F150 truck.",f5ddba02-4295-48d9-8ad5-ba8583871323/bc6ba36c-aa02-4630-a0ea-4150b9b69e36/Synthetic/f1d91803-d795-4c4d-952c-9e1dd41e3b42_flux_1789426676.png,rural highways,rainy,clear,buses,very few vehicles,northeast USA,gray,one truck (Ford F150),white,varied colors,overhead,truck,,s3://auto-lora/f5ddba02-4295-48d9-8ad5-ba8583871323/1466b03e-841d-4c45-975e-c6900af67662/lora_weights.safetensors,$txc,train
a1847956-655d-4dcc-976e-e255112e81fb,"An overhead view of a rural highway in the northeast USA with gray pavement and rainy weather, offering clear visibility; very few motorcycles and one gray Ford F150 truck are present, while varied-colored vehicles including a bus are also visible.",f5ddba02-4295-48d9-8ad5-ba8583871323/bc6ba36c-aa02-4630-a0ea-4150b9b69e36/Synthetic/a1847956-655d-4dcc-976e-e255112e81fb_flux_1789423415.png,rural highways,rainy,clear,motorcycles,very few vehicles,northeast USA,gray,one truck (Ford F150),gray,varied colors,overhead,bus,,s3://auto-lora/f5ddba02-4295-48d9-8ad5-ba8583871323/1466b03e-841d-4c45-975e-c6900af67662/lora_weights.safetensors,$txc,train
370d16e2-28e5-44ef-b5a9-76819a0f5eb1,"A rural highway in the southeast USA with red-brown pavement, visible in a hazy, rainy conditions from street level, shows very few varied-colored sedans and one gray Ford F150 truck.",f5ddba02-4295-48d9-8ad5-ba8583871323/bc6ba36c-aa02-4630-a0ea-4150b9b69e36/Synthetic/370d16e2-28e5-44ef-b5a9-76819a0f5eb1_flux_1789425602.png,rural highways,rainy,hazy,sedans,very few vehicles,southeast USA,red-brown,one truck (Ford F150),gray,varied colors,street-level,car,,s3://auto-lora/f5ddba02-4295-48d9-8ad5-ba8583871323/1466b03e-841d-4c45-975e-c6900af67662/lora_weights.safetensors,$txc,train
b7434991-99ca-4593-b41f-7cce782032cb,"An overhead view of rural highways in the southwest USA with sunny and clear weather, featuring a high density of varied-colored sedans and one black Ford F150 truck.",f5ddba02-4295-48d9-8ad5-ba8583871323/bc6ba36c-aa02-4630-a0ea-4150b9b69e36/Synthetic/b7434991-99ca-4593-b41f-7cce782032cb_flux_1789424092.png,rural highways,sunny,clear,sedans,high density of vehicles,southwest USA,gray,one truck (Ford F150),black,varied colors,overhead,truck,,s3://auto-lora/f5ddba02-4295-48d9-8ad5-ba8583871323/1466b03e-841d-4c45-975e-c6900af67662/lora_weights.safetensors,$txc,train
8011314d-6332-4e88-be9c-f8326fa51ab8,"An overhead view of rural highways in the southwest USA with active snowy weather and high density of vehicles, featuring a white Ford F150 truck amidst varied colored cars and trucks on a red-brown pavement.",f5ddba02-4295-48d9-8ad5-ba8583871323/bc6ba36c-aa02-4630-a0ea-4150b9b69e36/Synthetic/8011314d-6332-4e88-be9c-f8326fa51ab8_flux_1789425127.png,rural highways,snowy,active precipitation,trucks (Ford F150),high density of vehicles,southwest USA,red-brown,one truck (Ford F150),white,varied colors,overhead,truck,,s3://auto-lora/f5ddba02-4295-48d9-8ad5-ba8583871323/1466b03e-841d-4c45-975e-c6900af67662/lora_weights.safetensors,$txc,train
ef0d9fb1-f66d-47d6-855d-4052f72a3513,"An overhead view of a rural highway in the southeast USA during rainy weather with active precipitation, featuring a high density of vehicles including various colored cars and a white Ford F150 truck, and a single bus visible in the scene on a gray pavement.",f5ddba02-4295-48d9-8ad5-ba8583871323/bc6ba36c-aa02-4630-a0ea-4150b9b69e36/Synthetic/ef0d9fb1-f66d-47d6-855d-4052f72a3513_flux_1789424352.png,rural highways,rainy,active precipitation,trucks (Ford F150),high density of vehicles,southeast USA,gray,one truck (Ford F150),white,varied colors,overhead,bus,,s3://auto-lora/f5ddba02-4295-48d9-8ad5-ba8583871323/1466b03e-841d-4c45-975e-c6900af67662/lora_weights.safetensors,$txc,train
27e2cfe0-4335-4fab-ba51-23986626744c,"An overhead view of an urban highway in the southwest USA with sunny and clear conditions, featuring gray pavement, very few varied-colored sedans, one red Ford F150 truck, and a motorcycle present.",f5ddba02-4295-48d9-8ad5-ba8583871323/bc6ba36c-aa02-4630-a0ea-4150b9b69e36/Synthetic/27e2cfe0-4335-4fab-ba51-23986626744c_flux_1789424723.png,urban highways,sunny,clear,sedans,very few vehicles,southwest USA,gray,one truck (Ford F150),red,varied colors,overhead,motorcycle,,s3://auto-lora/f5ddba02-4295-48d9-8ad5-ba8583871323/1466b03e-841d-4c45-975e-c6900af67662/lora_weights.safetensors,$txc,train
7d48bce6-6470-4c5c-bbdb-8e1f0ded91b7,"An overhead view of rural highways in the southwest USA with active precipitation, high density of buses and varied colored vehicles, one gray Ford F150 truck, and visible red-brown pavement where a motorcycle is also present.",f5ddba02-4295-48d9-8ad5-ba8583871323/bc6ba36c-aa02-4630-a0ea-4150b9b69e36/Synthetic/7d48bce6-6470-4c5c-bbdb-8e1f0ded91b7_flux_1789425107.png,rural highways,rainy,active precipitation,buses,high density of vehicles,southwest USA,red-brown,one truck (Ford F150),gray,varied colors,overhead,motorcycle,,s3://auto-lora/f5ddba02-4295-48d9-8ad5-ba8583871323/1466b03e-841d-4c45-975e-c6900af67662/lora_weights.safetensors,$txc,train
d84d8972-f921-48af-bce6-e343ee129386,"An overhead view of rural highways in the southwest USA with a high density of sedans and varied vehicle colors in a snowy, hazy environment; one white Ford F150 truck is also visible, and the pavement is gray.",f5ddba02-4295-48d9-8ad5-ba8583871323/bc6ba36c-aa02-4630-a0ea-4150b9b69e36/Synthetic/d84d8972-f921-48af-bce6-e343ee129386_flux_1789425500.png,rural highways,snowy,hazy,sedans,high density of vehicles,southwest USA,gray,one truck (Ford F150),white,varied colors,overhead,car,,s3://auto-lora/f5ddba02-4295-48d9-8ad5-ba8583871323/1466b03e-841d-4c45-975e-c6900af67662/lora_weights.safetensors,$txc,train
f488fe63-5655-437e-8d9c-6e3905e25f3f,"An overhead view of rural highways in the southeast USA with a foggy weather condition and clear visibility; moderate number of SUVs in varied colors are present, one blue Ford F150 truck is also visible, and a bus stands out as the primary object of interest on the gray pavement.",f5ddba02-4295-48d9-8ad5-ba8583871323/bc6ba36c-aa02-4630-a0ea-4150b9b69e36/Synthetic/f488fe63-5655-437e-8d9c-6e3905e25f3f_flux_1789424009.png,rural highways,foggy,clear,SUVs,moderate number of vehicles,southeast USA,gray,one truck (Ford F150),blue,varied colors,overhead,bus,,s3://auto-lora/f5ddba02-4295-48d9-8ad5-ba8583871323/1466b03e-841d-4c45-975e-c6900af67662/lora_weights.safetensors,$txc,train
6626a1d1-d540-4b05-860e-10fb29317ef4,An overhead view of rural highways in the southwest USA with a high density of buses and clear visibility despite rainy weather; the pavement is red-brown and a red Ford F150 truck is visible among the vehicles.,f5ddba02-4295-48d9-8ad5-ba8583871323/bc6ba36c-aa02-4630-a0ea-4150b9b69e36/Synthetic/6626a1d1-d540-4b05-860e-10fb29317ef4_flux_1789425898.png,rural highways,rainy,clear,buses,high density of vehicles,southwest USA,red-brown,one truck (Ford F150),red,varied colors,overhead,truck,,s3://auto-lora/f5ddba02-4295-48d9-8ad5-ba8583871323/1466b03e-841d-4c45-975e-c6900af67662/lora_weights.safetensors,$txc,train
9b8ff706-f383-4739-aebc-2c89d4fe9086,"An urban highway in the southeast USA with red-brown pavement, rainy and hazy weather, moderate number of buses and varied colored vehicles, one white Ford F150 truck, and reduced visibility; a motorcycle is also visible at street level.",f5ddba02-4295-48d9-8ad5-ba8583871323/bc6ba36c-aa02-4630-a0ea-4150b9b69e36/Synthetic/9b8ff706-f383-4739-aebc-2c89d4fe9086_flux_1789425259.png,urban highways,rainy,hazy,buses,moderate number of vehicles,southeast USA,red-brown,one truck (Ford F150),white,varied colors,street-level,motorcycle,,s3://auto-lora/f5ddba02-4295-48d9-8ad5-ba8583871323/1466b03e-841d-4c45-975e-c6900af67662/lora_weights.safetensors,$txc,train
d319328c-ddeb-433a-91ff-9755b84edb79,"An overhead view of an urban highway in the southwest USA with active precipitation from rainy weather, featuring very few vehicles of varied colors and one gray Ford F150 truck, all set against a gray pavement environment.",f5ddba02-4295-48d9-8ad5-ba8583871323/bc6ba36c-aa02-4630-a0ea-4150b9b69e36/Synthetic/d319328c-ddeb-433a-91ff-9755b84edb79_flux_1789426153.png,urban highways,rainy,active precipitation,SUVs,very few vehicles,southwest USA,gray,one truck (Ford F150),gray,varied colors,overhead,car,,s3://auto-lora/f5ddba02-4295-48d9-8ad5-ba8583871323/1466b03e-841d-4c45-975e-c6900af67662/lora_weights.safetensors,$txc,train
27b8895a-4259-47c7-919e-672d3123c1a5,"A rural highway in the southeast USA with red-brown pavement and snowy weather has very few vehicles, including varied colored buses and one white Ford F150 truck at street level.",f5ddba02-4295-48d9-8ad5-ba8583871323/bc6ba36c-aa02-4630-a0ea-4150b9b69e36/Synthetic/27b8895a-4259-47c7-919e-672d3123c1a5_flux_1789423143.png,rural highways,snowy,clear,buses,very few vehicles,southeast USA,red-brown,one truck (Ford F150),white,varied colors,street-level,truck,,s3://auto-lora/f5ddba02-4295-48d9-8ad5-ba8583871323/1466b03e-841d-4c45-975e-c6900af67662/lora_weights.safetensors,$txc,train
22a57011-7b71-461f-8f20-827d32351d77,"A sunny day with clear visibility on rural highways in the southeast USA, featuring a street-level view of moderate number of varied-colored SUVs and one black Ford F150 truck, all driving on gray pavement.",f5ddba02-4295-48d9-8ad5-ba8583871323/bc6ba36c-aa02-4630-a0ea-4150b9b69e36/Synthetic/22a57011-7b71-461f-8f20-827d32351d77_flux_1789425267.png,rural highways,sunny,clear,SUVs,moderate number of vehicles,southeast USA,gray,one truck (Ford F150),black,varied colors,street-level,car,,s3://auto-lora/f5ddba02-4295-48d9-8ad5-ba8583871323/1466b03e-841d-4c45-975e-c6900af67662/lora_weights.safetensors,$txc,train
56a2424e-b977-4f4d-8a55-dbed9ba39b76,"A rural highway in the southwest USA with sunny and clear conditions, featuring gray pavement and very few vehicles of varied colors, including an SUV and one gray Ford F150 truck, while a bus is the primary object of interest from a street-level perspective.",f5ddba02-4295-48d9-8ad5-ba8583871323/bc6ba36c-aa02-4630-a0ea-4150b9b69e36/Synthetic/56a2424e-b977-4f4d-8a55-dbed9ba39b76_flux_1789426091.png,rural highways,sunny,clear,SUVs,very few vehicles,southwest USA,gray,one truck (Ford F150),gray,varied colors,street-level,bus,,s3://auto-lora/f5ddba02-4295-48d9-8ad5-ba8583871323/1466b03e-841d-4c45-975e-c6900af67662/lora_weights.safetensors,$txc,train
94568d0e-dbee-4053-b823-96da4de2ab61,"An overhead view of a rural highway in the southeast USA with a foggy weather condition and hazy visibility, featuring very few vehicles including one white Ford F150 truck, while other vehicles have varied colors.",f5ddba02-4295-48d9-8ad5-ba8583871323/bc6ba36c-aa02-4630-a0ea-4150b9b69e36/Synthetic/94568d0e-dbee-4053-b823-96da4de2ab61_flux_1789424480.png,rural highways,foggy,hazy,trucks (Ford F150),very few vehicles,southeast USA,gray,one truck (Ford F150),white,varied colors,overhead,truck,,s3://auto-lora/f5ddba02-4295-48d9-8ad5-ba8583871323/1466b03e-841d-4c45-975e-c6900af67662/lora_weights.safetensors,$txc,train
451141ad-4f85-49c9-bb1f-9ae5b2cf30bf,A rural highway in the southeast USA with gray pavement and snowy weather has a moderate number of buses and one black Ford F150 truck driving on it; the street-level view shows clear visibility and varied bus colors with a motorcycle also present.,f5ddba02-4295-48d9-8ad5-ba8583871323/bc6ba36c-aa02-4630-a0ea-4150b9b69e36/Synthetic/451141ad-4f85-49c9-bb1f-9ae5b2cf30bf_flux_1789423886.png,rural highways,snowy,clear,buses,moderate number of vehicles,southeast USA,gray,one truck (Ford F150),black,varied colors,street-level,motorcycle,,s3://auto-lora/f5ddba02-4295-48d9-8ad5-ba8583871323/1466b03e-841d-4c45-975e-c6900af67662/lora_weights.safetensors,$txc,train
c2336dfd-24d4-4d0c-8bfb-1b380a40dc67,"An overhead view of a foggy urban highway in the northeast USA with active precipitation, featuring a moderate number of vehicles including varied colored cars and one red Ford F150 truck, and a bus visible in the scene on a red-brown pavement.",f5ddba02-4295-48d9-8ad5-ba8583871323/bc6ba36c-aa02-4630-a0ea-4150b9b69e36/Synthetic/c2336dfd-24d4-4d0c-8bfb-1b380a40dc67_flux_1789426289.png,urban highways,foggy,active precipitation,trucks (Ford F150),moderate number of vehicles,northeast USA,red-brown,one truck (Ford F150),red,varied colors,overhead,bus,,s3://auto-lora/f5ddba02-4295-48d9-8ad5-ba8583871323/1466b03e-841d-4c45-975e-c6900af67662/lora_weights.safetensors,$txc,train
289475ae-05e7-4943-b884-d2089f68a298,"An overhead view of rural highways in the northeast USA with a foggy weather condition resulting in hazy visibility; there is a moderate number of sedans and one black Ford F150 truck, with varied vehicle colors present.",f5ddba02-4295-48d9-8ad5-ba8583871323/bc6ba36c-aa02-4630-a0ea-4150b9b69e36/Synthetic/289475ae-05e7-4943-b884-d2089f68a298_flux_1789424278.png,rural highways,foggy,hazy,sedans,moderate number of vehicles,northeast USA,gray,one truck (Ford F150),black,varied colors,overhead,truck,,s3://auto-lora/f5ddba02-4295-48d9-8ad5-ba8583871323/1466b03e-841d-4c45-975e-c6900af67662/lora_weights.safetensors,$txc,train
424a56f1-066d-48db-9680-1792db9f764f,"An urban highway in the southwest USA with a high density of sedans and varied vehicle colors, the scene is rainy and hazy with gray pavement, one red Ford F150 truck visible, and the perspective is from street level focusing on the cars.",f5ddba02-4295-48d9-8ad5-ba8583871323/bc6ba36c-aa02-4630-a0ea-4150b9b69e36/Synthetic/424a56f1-066d-48db-9680-1792db9f764f_flux_1789426685.png,urban highways,rainy,hazy,sedans,high density of vehicles,southwest USA,gray,one truck (Ford F150),red,varied colors,street-level,car,,s3://auto-lora/f5ddba02-4295-48d9-8ad5-ba8583871323/1466b03e-841d-4c45-975e-c6900af67662/lora_weights.safetensors,$txc,train
355d77a4-971a-454c-9296-29640c4dd941,"An overhead view of a sunny urban highway in the northeast USA with clear visibility, featuring a moderate number of motorcycles in varied colors and one black Ford F150 truck, set against a red-brown pavement.",f5ddba02-4295-48d9-8ad5-ba8583871323/bc6ba36c-aa02-4630-a0ea-4150b9b69e36/Synthetic/355d77a4-971a-454c-9296-29640c4dd941_flux_1789425549.png,urban highways,sunny,clear,motorcycles,moderate number of vehicles,northeast USA,red-brown,one truck (Ford F150),black,varied colors,overhead,motorcycle,,s3://auto-lora/f5ddba02-4295-48d9-8ad5-ba8583871323/1466b03e-841d-4c45-975e-c6900af67662/lora_weights.safetensors,$txc,train
d0e58474-8623-4c93-be01-428dc8d159a0,"An overhead view of a rural highway in the southwest USA with a high density of buses and varied vehicle colors under sunny but hazy conditions, featuring a black Ford F150 truck, and red-brown pavement.",f5ddba02-4295-48d9-8ad5-ba8583871323/bc6ba36c-aa02-4630-a0ea-4150b9b69e36/Synthetic/d0e58474-8623-4c93-be01-428dc8d159a0_flux_1789422682.png,rural highways,sunny,hazy,buses,high density of vehicles,southwest USA,red-brown,one truck (Ford F150),black,varied colors,overhead,car,,s3://auto-lora/f5ddba02-4295-48d9-8ad5-ba8583871323/1466b03e-841d-4c45-975e-c6900af67662/lora_weights.safetensors,$txc,train
744df57d-6f47-4a3b-ab98-0368acd695ae,"A rural highway in the southwest USA with a snowy, hazy environment; street-level view shows red-brown pavement and a moderate number of motorcycles of varied colors, one gray Ford F150 truck, and the road conditions are challenging due to snow and haze.",f5ddba02-4295-48d9-8ad5-ba8583871323/bc6ba36c-aa02-4630-a0ea-4150b9b69e36/Synthetic/744df57d-6f47-4a3b-ab98-0368acd695ae_flux_1789425943.png,rural highways,snowy,hazy,motorcycles,moderate number of vehicles,southwest USA,red-brown,one truck (Ford F150),gray,varied colors,street-level,motorcycle,,s3://auto-lora/f5ddba02-4295-48d9-8ad5-ba8583871323/1466b03e-841d-4c45-975e-c6900af67662/lora_weights.safetensors,$txc,train
64be0dfe-ad31-4c0d-8ab7-c2c6bd4dcda1,"An overhead view of rural highways in the southeast USA during rainy weather with active precipitation, showing moderate number of vehicles including varied colored cars and one gray Ford F150 truck on red-brown pavement.",f5ddba02-4295-48d9-8ad5-ba8583871323/bc6ba36c-aa02-4630-a0ea-4150b9b69e36/Synthetic/64be0dfe-ad31-4c0d-8ab7-c2c6bd4dcda1_flux_1789423720.png,rural highways,rainy,active precipitation,trucks (Ford F150),moderate number of vehicles,southeast USA,red-brown,one truck (Ford F150),gray,varied colors,overhead,car,,s3://auto-lora/f5ddba02-4295-48d9-8ad5-ba8583871323/1466b03e-841d-4c45-975e-c6900af67662/lora_weights.safetensors,$txc,train
391783d5-a910-4862-8bfc-2a67ab8e4104,"An urban highway in the northeast USA with active precipitation and gray Ford F150 truck among varied colored vehicles on red-brown pavement, viewed from street level, featuring one motorcycle as a point of interest during moderate traffic conditions.",f5ddba02-4295-48d9-8ad5-ba8583871323/bc6ba36c-aa02-4630-a0ea-4150b9b69e36/Synthetic/391783d5-a910-4862-8bfc-2a67ab8e4104_flux_1789424940.png,urban highways,rainy,active precipitation,trucks (Ford F150),moderate number of vehicles,northeast USA,red-brown,one truck (Ford F150),gray,varied colors,street-level,motorcycle,,s3://auto-lora/f5ddba02-4295-48d9-8ad5-ba8583871323/1466b03e-841d-4c45-975e-c6900af67662/lora_weights.safetensors,$txc,train
7fccdf9c-c90a-48f9-9ca0-6dd73947e992,"A street-level view of an urban highway in the southwest USA with a sunny but hazy sky, red-brown pavement, and very few vehicles including one blue Ford F150 truck; other vehicles have varied colors.",f5ddba02-4295-48d9-8ad5-ba8583871323/bc6ba36c-aa02-4630-a0ea-4150b9b69e36/Synthetic/7fccdf9c-c90a-48f9-9ca0-6dd73947e992_flux_1789425939.png,urban highways,sunny,hazy,trucks (Ford F150),very few vehicles,southwest USA,red-brown,one truck (Ford F150),blue,varied colors,street-level,car,,s3://auto-lora/f5ddba02-4295-48d9-8ad5-ba8583871323/1466b03e-841d-4c45-975e-c6900af67662/lora_weights.safetensors,$txc,train
8023b207-c575-40f7-a740-7ce442cc2416,"An overhead view of a sunny urban highway in the southeast USA with clear visibility, featuring a moderate number of motorcycles in varied colors and one blue Ford F150 truck, all行驶在灰色沥青路面上。",f5ddba02-4295-48d9-8ad5-ba8583871323/bc6ba36c-aa02-4630-a0ea-4150b9b69e36/Synthetic/8023b207-c575-40f7-a740-7ce442cc2416_flux_1789423568.png,urban highways,sunny,clear,motorcycles,moderate number of vehicles,southeast USA,gray,one truck (Ford F150),blue,varied colors,overhead,car,,s3://auto-lora/f5ddba02-4295-48d9-8ad5-ba8583871323/1466b03e-841d-4c45-975e-c6900af67662/lora_weights.safetensors,$txc,train
c56a9f41-aa90-4e91-ba80-65d41d5155a4,"An urban highway in the southeast USA with a snowy, hazy environment; very few vehicles present, including varied colored buses and one red Ford F150 truck, viewed from street level.",f5ddba02-4295-48d9-8ad5-ba8583871323/bc6ba36c-aa02-4630-a0ea-4150b9b69e36/Synthetic/c56a9f41-aa90-4e91-ba80-65d41d5155a4_flux_1789422850.png,urban highways,snowy,hazy,buses,very few vehicles,southeast USA,gray,one truck (Ford F150),red,varied colors,street-level,car,,s3://auto-lora/f5ddba02-4295-48d9-8ad5-ba8583871323/1466b03e-841d-4c45-975e-c6900af67662/lora_weights.safetensors,$txc,train
bb1f659b-188a-49c3-95aa-99a64c08e9f9,"A rural highway in the southwest USA with active precipitation and red-brown pavement has a high density of SUVs at street-level, including one blue Ford F150 truck, and varied vehicle colors; a motorcycle is also visible.",f5ddba02-4295-48d9-8ad5-ba8583871323/bc6ba36c-aa02-4630-a0ea-4150b9b69e36/Synthetic/bb1f659b-188a-49c3-95aa-99a64c08e9f9_flux_1789423481.png,rural highways,rainy,active precipitation,SUVs,high density of vehicles,southwest USA,red-brown,one truck (Ford F150),blue,varied colors,street-level,motorcycle,,s3://auto-lora/f5ddba02-4295-48d9-8ad5-ba8583871323/1466b03e-841d-4c45-975e-c6900af67662/lora_weights.safetensors,$txc,train
a31103ec-915c-42e5-a829-c044c1dbee1e,"An overhead view of a rainy urban highway in the northeast USA with active precipitation, featuring a high density of vehicles including various colors and one blue Ford F150 truck, set against a red-brown pavement environment.",f5ddba02-4295-48d9-8ad5-ba8583871323/bc6ba36c-aa02-4630-a0ea-4150b9b69e36/Synthetic/a31103ec-915c-42e5-a829-c044c1dbee1e_flux_1789422759.png,urban highways,rainy,active precipitation,trucks (Ford F150),high density of vehicles,northeast USA,red-brown,one truck (Ford F150),blue,varied colors,overhead,car,,s3://auto-lora/f5ddba02-4295-48d9-8ad5-ba8583871323/1466b03e-841d-4c45-975e-c6900af67662/lora_weights.safetensors,$txc,train
b51adfa2-ba9c-4cbd-95e7-7138e5480820,"An urban highway in the northeast USA with a sunny but hazy sky, featuring a street-level view of gray pavement and a moderate number of motorcycles in varied colors, one gray Ford F150 truck, and a bus standing out as the primary object of interest.",f5ddba02-4295-48d9-8ad5-ba8583871323/bc6ba36c-aa02-4630-a0ea-4150b9b69e36/Synthetic/b51adfa2-ba9c-4cbd-95e7-7138e5480820_flux_1789425614.png,urban highways,sunny,hazy,motorcycles,moderate number of vehicles,northeast USA,gray,one truck (Ford F150),gray,varied colors,street-level,bus,,s3://auto-lora/f5ddba02-4295-48d9-8ad5-ba8583871323/1466b03e-841d-4c45-975e-c6900af67662/lora_weights.safetensors,$txc,train
f6ab0816-3a3d-4852-9622-7a54aa009eef,"An overhead view of an urban highway in the southeast USA with gray pavement, foggy weather and active precipitation reducing visibility, very few sedans of varied colors present, and one black Ford F150 truck overhead.",f5ddba02-4295-48d9-8ad5-ba8583871323/bc6ba36c-aa02-4630-a0ea-4150b9b69e36/Synthetic/f6ab0816-3a3d-4852-9622-7a54aa009eef_flux_1789426330.png,urban highways,foggy,active precipitation,sedans,very few vehicles,southeast USA,gray,one truck (Ford F150),black,varied colors,overhead,car,,s3://auto-lora/f5ddba02-4295-48d9-8ad5-ba8583871323/1466b03e-841d-4c45-975e-c6900af67662/lora_weights.safetensors,$txc,train
bf3649a6-a172-4e00-bd44-0775f6eeaba3,"A sunny day with clear visibility on rural highways in the southeast USA, where red-brown paved roads are shared by a moderate number of buses and one white Ford F150 truck, the buses displaying varied colors.",f5ddba02-4295-48d9-8ad5-ba8583871323/bc6ba36c-aa02-4630-a0ea-4150b9b69e36/Synthetic/bf3649a6-a172-4e00-bd44-0775f6eeaba3_flux_1789426610.png,rural highways,sunny,clear,buses,moderate number of vehicles,southeast USA,red-brown,one truck (Ford F150),white,varied colors,street-level,bus,,s3://auto-lora/f5ddba02-4295-48d9-8ad5-ba8583871323/1466b03e-841d-4c45-975e-c6900af67662/lora_weights.safetensors,$txc,train
6edf6393-29ad-4b33-84c3-de3069d392b4,"A rural highway in the southwest USA with active precipitation, gray pavement, and varied-colored motorcycles moving at street level; one blue Ford F150 truck is also present, and in the scene, a bus stands out as the object of interest.",f5ddba02-4295-48d9-8ad5-ba8583871323/bc6ba36c-aa02-4630-a0ea-4150b9b69e36/Synthetic/6edf6393-29ad-4b33-84c3-de3069d392b4_flux_1789424842.png,rural highways,rainy,active precipitation,motorcycles,moderate number of vehicles,southwest USA,gray,one truck (Ford F150),blue,varied colors,street-level,bus,,s3://auto-lora/f5ddba02-4295-48d9-8ad5-ba8583871323/1466b03e-841d-4c45-975e-c6900af67662/lora_weights.safetensors,$txc,train
497b274c-7d83-4664-a222-2a4c61c6e7e8,"An overhead view of an urban highway in the southeast USA with red-brown pavement, showing rainy weather and clear visibility; very few vehicles are present, including one blue Ford F150 truck, while other vehicles have varied colors.",f5ddba02-4295-48d9-8ad5-ba8583871323/bc6ba36c-aa02-4630-a0ea-4150b9b69e36/Synthetic/497b274c-7d83-4664-a222-2a4c61c6e7e8_flux_1789425881.png,urban highways,rainy,clear,trucks (Ford F150),very few vehicles,southeast USA,red-brown,one truck (Ford F150),blue,varied colors,overhead,car,,s3://auto-lora/f5ddba02-4295-48d9-8ad5-ba8583871323/1466b03e-841d-4c45-975e-c6900af67662/lora_weights.safetensors,$txc,train
7cdde15a-d467-4e9a-880f-e6a1854e2fcb,A rural highway in the northeast USA with active precipitation and red-brown pavement has a high density of sedans and one gray Ford F150 truck driving under a street-level view.,f5ddba02-4295-48d9-8ad5-ba8583871323/bc6ba36c-aa02-4630-a0ea-4150b9b69e36/Synthetic/7cdde15a-d467-4e9a-880f-e6a1854e2fcb_flux_1789424912.png,rural highways,rainy,active precipitation,sedans,high density of vehicles,northeast USA,red-brown,one truck (Ford F150),gray,varied colors,street-level,car,,s3://auto-lora/f5ddba02-4295-48d9-8ad5-ba8583871323/1466b03e-841d-4c45-975e-c6900af67662/lora_weights.safetensors,$txc,train
71eca7b5-ca01-4b04-ad52-6de4c951ec6e,"An urban highway in the northeast USA with foggy weather and clear visibility, featuring a street-level view of a gray Ford F150 truck among very few vehicles of varied colors on a gray pavement.",f5ddba02-4295-48d9-8ad5-ba8583871323/bc6ba36c-aa02-4630-a0ea-4150b9b69e36/Synthetic/71eca7b5-ca01-4b04-ad52-6de4c951ec6e_flux_1789426614.png,urban highways,foggy,clear,trucks (Ford F150),very few vehicles,northeast USA,gray,one truck (Ford F150),gray,varied colors,street-level,truck,,s3://auto-lora/f5ddba02-4295-48d9-8ad5-ba8583871323/1466b03e-841d-4c45-975e-c6900af67662/lora_weights.safetensors,$txc,train
cd78edba-446e-48d6-827b-265baafae80d,"An urban highway in the northeast USA with a high density of SUVs and varied vehicle colors, photographed from street level during rainy weather with clear visibility, featuring one white Ford F150 truck among the vehicles on a red-brown pavement.",f5ddba02-4295-48d9-8ad5-ba8583871323/bc6ba36c-aa02-4630-a0ea-4150b9b69e36/Synthetic/cd78edba-446e-48d6-827b-265baafae80d_flux_1789424319.png,urban highways,rainy,clear,SUVs,high density of vehicles,northeast USA,red-brown,one truck (Ford F150),white,varied colors,street-level,truck,,s3://auto-lora/f5ddba02-4295-48d9-8ad5-ba8583871323/1466b03e-841d-4c45-975e-c6900af67662/lora_weights.safetensors,$txc,train
ead95c08-ea97-4aec-98ab-a927ce682011,"An overhead view of rural highways in the southwest USA with active snowy weather and high density of varied-colored SUVs, one white Ford F150 truck, and visible bus on gray pavement.",f5ddba02-4295-48d9-8ad5-ba8583871323/bc6ba36c-aa02-4630-a0ea-4150b9b69e36/Synthetic/ead95c08-ea97-4aec-98ab-a927ce682011_flux_1789425832.png,rural highways,snowy,active precipitation,SUVs,high density of vehicles,southwest USA,gray,one truck (Ford F150),white,varied colors,overhead,bus,,s3://auto-lora/f5ddba02-4295-48d9-8ad5-ba8583871323/1466b03e-841d-4c45-975e-c6900af67662/lora_weights.safetensors,$txc,train
ada4c85b-4276-4ec6-b132-8996cd69590c,"An overhead view of a rural highway in the northeast USA during rainy weather with active precipitation, featuring a high density of vehicles including varied colored cars and one gray Ford F150 truck on red-brown pavement.",f5ddba02-4295-48d9-8ad5-ba8583871323/bc6ba36c-aa02-4630-a0ea-4150b9b69e36/Synthetic/ada4c85b-4276-4ec6-b132-8996cd69590c_flux_1789424410.png,rural highways,rainy,active precipitation,trucks (Ford F150),high density of vehicles,northeast USA,red-brown,one truck (Ford F150),gray,varied colors,overhead,car,,s3://auto-lora/f5ddba02-4295-48d9-8ad5-ba8583871323/1466b03e-841d-4c45-975e-c6900af67662/lora_weights.safetensors,$txc,train
26ad01b8-488e-4d1f-b636-49012a44c1ad,"An overhead view of a rural highway in the northeast USA with gray pavement and rainy weather, offering clear visibility; very few vehicles are present, including one gray Ford F150 truck, while other vehicles have varied colors.",f5ddba02-4295-48d9-8ad5-ba8583871323/bc6ba36c-aa02-4630-a0ea-4150b9b69e36/Synthetic/26ad01b8-488e-4d1f-b636-49012a44c1ad_flux_1789424323.png,rural highways,rainy,clear,trucks (Ford F150),very few vehicles,northeast USA,gray,one truck (Ford F150),gray,varied colors,overhead,car,,s3://auto-lora/f5ddba02-4295-48d9-8ad5-ba8583871323/1466b03e-841d-4c45-975e-c6900af67662/lora_weights.safetensors,$txc,train
4c1cff4d-537b-4e84-9865-22a6c27a5f74,"An overhead view of a foggy urban highway in the northeast USA with active precipitation, featuring a moderate number of SUVs in varied colors and one blue Ford F150 truck, where the pavement has a red-brown color and the primary object of interest is a bus.",f5ddba02-4295-48d9-8ad5-ba8583871323/bc6ba36c-aa02-4630-a0ea-4150b9b69e36/Synthetic/4c1cff4d-537b-4e84-9865-22a6c27a5f74_flux_1789423564.png,urban highways,foggy,active precipitation,SUVs,moderate number of vehicles,northeast USA,red-brown,one truck (Ford F150),blue,varied colors,overhead,bus,,s3://auto-lora/f5ddba02-4295-48d9-8ad5-ba8583871323/1466b03e-841d-4c45-975e-c6900af67662/lora_weights.safetensors,$txc,train
763a0070-dafb-4ccb-9ae7-2b2a1acfa942,"An urban highway in the southwest USA with red-brown pavement, snowy and hazy conditions, features very few varied-colored SUVs and one white Ford F150 truck, viewed from street level.",f5ddba02-4295-48d9-8ad5-ba8583871323/bc6ba36c-aa02-4630-a0ea-4150b9b69e36/Synthetic/763a0070-dafb-4ccb-9ae7-2b2a1acfa942_flux_1789423506.png,urban highways,snowy,hazy,SUVs,very few vehicles,southwest USA,red-brown,one truck (Ford F150),white,varied colors,street-level,car,,s3://auto-lora/f5ddba02-4295-48d9-8ad5-ba8583871323/1466b03e-841d-4c45-975e-c6900af67662/lora_weights.safetensors,$txc,train
5b32b045-7f8b-485b-b3f1-4f7ecb7759d8,"A rural highway in the northeast USA with sunny and clear conditions, featuring a street-level view of moderate number of vehicles including one red Ford F150 truck on a red-brown pavement, and various colored cars passing by.",f5ddba02-4295-48d9-8ad5-ba8583871323/bc6ba36c-aa02-4630-a0ea-4150b9b69e36/Synthetic/5b32b045-7f8b-485b-b3f1-4f7ecb7759d8_flux_1789423638.png,rural highways,sunny,clear,trucks (Ford F150),moderate number of vehicles,northeast USA,red-brown,one truck (Ford F150),red,varied colors,street-level,car,,s3://auto-lora/f5ddba02-4295-48d9-8ad5-ba8583871323/1466b03e-841d-4c45-975e-c6900af67662/lora_weights.safetensors,$txc,train
3c5bc811-192c-4013-915b-446391dac670,"An overhead view of a rural highway in the southwest USA with foggy weather and clear visibility, featuring a gray pavement, very few vehicles of varied colors, and one white Ford F150 truck, with the primary focus on a car in the scene.",f5ddba02-4295-48d9-8ad5-ba8583871323/bc6ba36c-aa02-4630-a0ea-4150b9b69e36/Synthetic/3c5bc811-192c-4013-915b-446391dac670_flux_1789425692.png,rural highways,foggy,clear,trucks (Ford F150),very few vehicles,southwest USA,gray,one truck (Ford F150),white,varied colors,overhead,car,,s3://auto-lora/f5ddba02-4295-48d9-8ad5-ba8583871323/1466b03e-841d-4c45-975e-c6900af67662/lora_weights.safetensors,$txc,train
edf00898-f0c4-453a-8419-0b6e0ee6c25d,"An urban highway in the southeast USA with a rainy, hazy environment; the street-level view shows a gray pavement and very few varied-colored sedans, while a red Ford F150 truck is the primary focus of the scene.",f5ddba02-4295-48d9-8ad5-ba8583871323/bc6ba36c-aa02-4630-a0ea-4150b9b69e36/Synthetic/edf00898-f0c4-453a-8419-0b6e0ee6c25d_flux_1789424850.png,urban highways,rainy,hazy,sedans,very few vehicles,southeast USA,gray,one truck (Ford F150),red,varied colors,street-level,truck,,s3://auto-lora/f5ddba02-4295-48d9-8ad5-ba8583871323/1466b03e-841d-4c45-975e-c6900af67662/lora_weights.safetensors,$txc,train
1d508cba-8808-4336-98f3-bd7480e27cb6,"An overhead view of a rainy urban highway in the southeast USA with a high density of vehicles and one black Ford F150 truck, the pavement is gray and visibility is clear despite the rain, cars are of varied colors densely packed on the road.",f5ddba02-4295-48d9-8ad5-ba8583871323/bc6ba36c-aa02-4630-a0ea-4150b9b69e36/Synthetic/1d508cba-8808-4336-98f3-bd7480e27cb6_flux_1789423931.png,urban highways,rainy,clear,trucks (Ford F150),high density of vehicles,southeast USA,gray,one truck (Ford F150),black,varied colors,overhead,car,,s3://auto-lora/f5ddba02-4295-48d9-8ad5-ba8583871323/1466b03e-841d-4c45-975e-c6900af67662/lora_weights.safetensors,$txc,train
dcbd4419-e70c-42c7-889d-efdeeae0dbba,"An urban highway in the southwest USA with a snowy but clear environment, featuring a moderate number of varied-colored SUVs and one blue Ford F150 truck, where the street-level view highlights red-brown pavement and a bus as the object of interest.",f5ddba02-4295-48d9-8ad5-ba8583871323/bc6ba36c-aa02-4630-a0ea-4150b9b69e36/Synthetic/dcbd4419-e70c-42c7-889d-efdeeae0dbba_flux_1789424530.png,urban highways,snowy,clear,SUVs,moderate number of vehicles,southwest USA,red-brown,one truck (Ford F150),blue,varied colors,street-level,bus,,s3://auto-lora/f5ddba02-4295-48d9-8ad5-ba8583871323/1466b03e-841d-4c45-975e-c6900af67662/lora_weights.safetensors,$txc,train
8427b4a5-e774-4c13-9ab9-dfb7569e4299,"An overhead view of foggy urban highways in the northeast USA with a high density of SUVs and varied vehicle colors, a blue Ford F150 truck, and red-brown pavement stretching into the distance.",f5ddba02-4295-48d9-8ad5-ba8583871323/bc6ba36c-aa02-4630-a0ea-4150b9b69e36/Synthetic/8427b4a5-e774-4c13-9ab9-dfb7569e4299_flux_1789423613.png,urban highways,foggy,clear,SUVs,high density of vehicles,northeast USA,red-brown,one truck (Ford F150),blue,varied colors,overhead,car,,s3://auto-lora/f5ddba02-4295-48d9-8ad5-ba8583871323/1466b03e-841d-4c45-975e-c6900af67662/lora_weights.safetensors,$txc,train
ad0b99a4-d6dc-4f25-817c-65670c6a2e70,"An overhead view of rural highways in the northeast USA with a snowy, clear weather condition; a high density of motorcycles and one gray Ford F150 truck on a red-brown pavement, showcasing varied motorcycle colors.",f5ddba02-4295-48d9-8ad5-ba8583871323/bc6ba36c-aa02-4630-a0ea-4150b9b69e36/Synthetic/ad0b99a4-d6dc-4f25-817c-65670c6a2e70_flux_1789426042.png,rural highways,snowy,clear,motorcycles,high density of vehicles,northeast USA,red-brown,one truck (Ford F150),gray,varied colors,overhead,motorcycle,,s3://auto-lora/f5ddba02-4295-48d9-8ad5-ba8583871323/1466b03e-841d-4c45-975e-c6900af67662/lora_weights.safetensors,$txc,train
aed9658f-1503-4709-8c1f-ac49256a2cf8,"A foggy rural highway in the southwest USA with hazy visibility and a high density of varied-colored sedans, one gray Ford F150 truck, and a motorcycle visible from street level.",f5ddba02-4295-48d9-8ad5-ba8583871323/bc6ba36c-aa02-4630-a0ea-4150b9b69e36/Synthetic/aed9658f-1503-4709-8c1f-ac49256a2cf8_flux_1789424588.png,rural highways,foggy,hazy,sedans,high density of vehicles,southwest USA,gray,one truck (Ford F150),gray,varied colors,street-level,motorcycle,,s3://auto-lora/f5ddba02-4295-48d9-8ad5-ba8583871323/1466b03e-841d-4c45-975e-c6900af67662/lora_weights.safetensors,$txc,train
64e7fa2a-d4cf-4705-9b8b-78ecd91a97fd,"An overhead view of rural highways in the northeast USA with a foggy weather condition and hazy visibility, featuring a moderate number of vehicles including one red Ford F150 truck among those with varied colors, on a gray pavement.",f5ddba02-4295-48d9-8ad5-ba8583871323/bc6ba36c-aa02-4630-a0ea-4150b9b69e36/Synthetic/64e7fa2a-d4cf-4705-9b8b-78ecd91a97fd_flux_1789425210.png,rural highways,foggy,hazy,trucks (Ford F150),moderate number of vehicles,northeast USA,gray,one truck (Ford F150),red,varied colors,overhead,truck,,s3://auto-lora/f5ddba02-4295-48d9-8ad5-ba8583871323/1466b03e-841d-4c45-975e-c6900af67662/lora_weights.safetensors,$txc,train
b7a96ccd-4b0a-4cc2-b0da-84d4a6f9512a,"An overhead view of rural highways in the southwest USA with foggy weather and clear visibility, featuring a moderate number of buses in varied colors, one black Ford F150 truck, and a motorcycle as objects of interest, all set against a gray pavement backdrop.",f5ddba02-4295-48d9-8ad5-ba8583871323/bc6ba36c-aa02-4630-a0ea-4150b9b69e36/Synthetic/b7a96ccd-4b0a-4cc2-b0da-84d4a6f9512a_flux_1789425824.png,rural highways,foggy,clear,buses,moderate number of vehicles,southwest USA,gray,one truck (Ford F150),black,varied colors,overhead,motorcycle,,s3://auto-lora/f5ddba02-4295-48d9-8ad5-ba8583871323/1466b03e-841d-4c45-975e-c6900af67662/lora_weights.safetensors,$txc,train
d89aea57-8330-4729-9d3f-157dc148db60,"A rainy scene on a rural highway in the northeast USA with active precipitation, featuring a moderate number of buses and one black Ford F150 truck at street level, the pavement is gray and vehicles have varied colors.",f5ddba02-4295-48d9-8ad5-ba8583871323/bc6ba36c-aa02-4630-a0ea-4150b9b69e36/Synthetic/d89aea57-8330-4729-9d3f-157dc148db60_flux_1789423605.png,rural highways,rainy,active precipitation,buses,moderate number of vehicles,northeast USA,gray,one truck (Ford F150),black,varied colors,street-level,truck,,s3://auto-lora/f5ddba02-4295-48d9-8ad5-ba8583871323/1466b03e-841d-4c45-975e-c6900af67662/lora_weights.safetensors,$txc,train
cf4c1c8d-61d7-4447-be14-3e19e6dd557b,"A snowy, hazy rural highway in the northeast USA with a street-level view showing gray pavement and very few varied-colored sedans; one white Ford F150 truck is present.",f5ddba02-4295-48d9-8ad5-ba8583871323/bc6ba36c-aa02-4630-a0ea-4150b9b69e36/Synthetic/cf4c1c8d-61d7-4447-be14-3e19e6dd557b_flux_1789423353.png,rural highways,snowy,hazy,sedans,very few vehicles,northeast USA,gray,one truck (Ford F150),white,varied colors,street-level,truck,,s3://auto-lora/f5ddba02-4295-48d9-8ad5-ba8583871323/1466b03e-841d-4c45-975e-c6900af67662/lora_weights.safetensors,$txc,train
e3b4321c-5d1a-41f2-9943-8db408537362,"A sunny day with clear visibility on an urban highway in the southwest USA, featuring a high density of varied-colored sedans, one red Ford F150 truck, and a motorcycle visible at street level on gray pavement.",f5ddba02-4295-48d9-8ad5-ba8583871323/bc6ba36c-aa02-4630-a0ea-4150b9b69e36/Synthetic/e3b4321c-5d1a-41f2-9943-8db408537362_flux_1789423716.png,urban highways,sunny,clear,sedans,high density of vehicles,southwest USA,gray,one truck (Ford F150),red,varied colors,street-level,motorcycle,,s3://auto-lora/f5ddba02-4295-48d9-8ad5-ba8583871323/1466b03e-841d-4c45-975e-c6900af67662/lora_weights.safetensors,$txc,train
bce7d6b6-bece-40d9-b508-8630e5d4c455,"An overhead view of an urban highway in the southwest USA with a rainy weather condition and clear visibility. The pavement is gray and there are very few vehicles, mostly SUVs with varied colors. Notably, one white Ford F150 truck is present.",f5ddba02-4295-48d9-8ad5-ba8583871323/bc6ba36c-aa02-4630-a0ea-4150b9b69e36/Synthetic/bce7d6b6-bece-40d9-b508-8630e5d4c455_flux_1789422900.png,urban highways,rainy,clear,SUVs,very few vehicles,southwest USA,gray,one truck (Ford F150),white,varied colors,overhead,truck,,s3://auto-lora/f5ddba02-4295-48d9-8ad5-ba8583871323/1466b03e-841d-4c45-975e-c6900af67662/lora_weights.safetensors,$txc,train
2a7b3f12-2961-41d1-8036-f71b229591ed,"An urban highway in the northeast USA with a snowy, clear weather condition; the street-level view shows very few varied-colored sedans and one black Ford F150 truck, on a red-brown pavement.",f5ddba02-4295-48d9-8ad5-ba8583871323/bc6ba36c-aa02-4630-a0ea-4150b9b69e36/Synthetic/2a7b3f12-2961-41d1-8036-f71b229591ed_flux_1789426602.png,urban highways,snowy,clear,sedans,very few vehicles,northeast USA,red-brown,one truck (Ford F150),black,varied colors,street-level,truck,,s3://auto-lora/f5ddba02-4295-48d9-8ad5-ba8583871323/1466b03e-841d-4c45-975e-c6900af67662/lora_weights.safetensors,$txc,train
dc5fb735-5245-4a13-b493-1a65e0a05ccc,"An urban highway in the northeast USA with a rainy weather condition and clear visibility, featuring a street-level view of moderate number of SUVs with varied colors, one blue Ford F150 truck, and red-brown pavement.",f5ddba02-4295-48d9-8ad5-ba8583871323/bc6ba36c-aa02-4630-a0ea-4150b9b69e36/Synthetic/dc5fb735-5245-4a13-b493-1a65e0a05ccc_flux_1789424992.png,urban highways,rainy,clear,SUVs,moderate number of vehicles,northeast USA,red-brown,one truck (Ford F150),blue,varied colors,street-level,car,,s3://auto-lora/f5ddba02-4295-48d9-8ad5-ba8583871323/1466b03e-841d-4c45-975e-c6900af67662/lora_weights.safetensors,$txc,train
bbbdcc8d-04df-4e95-a49f-03680e7a23fa,"A rural highway in the southwest USA with a high density of sedans, hazy visibility and rainy weather, features red-brown pavement; one blue Ford F150 truck stands out among the varied colored vehicles from street-level.",f5ddba02-4295-48d9-8ad5-ba8583871323/bc6ba36c-aa02-4630-a0ea-4150b9b69e36/Synthetic/bbbdcc8d-04df-4e95-a49f-03680e7a23fa_flux_1789425436.png,rural highways,rainy,hazy,sedans,high density of vehicles,southwest USA,red-brown,one truck (Ford F150),blue,varied colors,street-level,truck,,s3://auto-lora/f5ddba02-4295-48d9-8ad5-ba8583871323/1466b03e-841d-4c45-975e-c6900af67662/lora_weights.safetensors,$txc,train
2bd11c77-bbcb-4c5a-b4e6-23a5a318034c,An overhead view of an urban highway in the southwest USA during rainy weather with clear visibility and a moderate number of SUVs; one gray Ford F150 truck is present among the varied vehicle colors.,f5ddba02-4295-48d9-8ad5-ba8583871323/bc6ba36c-aa02-4630-a0ea-4150b9b69e36/Synthetic/2bd11c77-bbcb-4c5a-b4e6-23a5a318034c_flux_1789425758.png,urban highways,rainy,clear,SUVs,moderate number of vehicles,southwest USA,red-brown,one truck (Ford F150),gray,varied colors,overhead,truck,,s3://auto-lora/f5ddba02-4295-48d9-8ad5-ba8583871323/1466b03e-841d-4c45-975e-c6900af67662/lora_weights.safetensors,$txc,train
95800642-ced0-422a-8f32-6a031607e3f7,"A rural highway in the southeast USA with snowy conditions and clear visibility features a high density of varied-colored SUVs from street level, including one gray Ford F150 truck.",f5ddba02-4295-48d9-8ad5-ba8583871323/bc6ba36c-aa02-4630-a0ea-4150b9b69e36/Synthetic/95800642-ced0-422a-8f32-6a031607e3f7_flux_1789423964.png,rural highways,snowy,clear,SUVs,high density of vehicles,southeast USA,gray,one truck (Ford F150),gray,varied colors,street-level,car,,s3://auto-lora/f5ddba02-4295-48d9-8ad5-ba8583871323/1466b03e-841d-4c45-975e-c6900af67662/lora_weights.safetensors,$txc,train
ad462ff7-1aa7-423e-a0f0-6c85af5024c1,"An urban highway in the southwest USA with active snow precipitation, gray pavement, and moderate number of vehicles including a white Ford F150 truck; street-level view showing varied vehicle colors and a bus as the object of interest.",f5ddba02-4295-48d9-8ad5-ba8583871323/bc6ba36c-aa02-4630-a0ea-4150b9b69e36/Synthetic/ad462ff7-1aa7-423e-a0f0-6c85af5024c1_flux_1789424984.png,urban highways,snowy,active precipitation,trucks (Ford F150),moderate number of vehicles,southwest USA,gray,one truck (Ford F150),white,varied colors,street-level,bus,,s3://auto-lora/f5ddba02-4295-48d9-8ad5-ba8583871323/1466b03e-841d-4c45-975e-c6900af67662/lora_weights.safetensors,$txc,train
7272212f-88ba-4bac-99a1-55d83f6f1100,An overhead view of a foggy urban highway in the southeast USA with hazy visibility and high density of motorcycles; one black Ford F150 truck is also visible on the gray pavement.,f5ddba02-4295-48d9-8ad5-ba8583871323/bc6ba36c-aa02-4630-a0ea-4150b9b69e36/Synthetic/7272212f-88ba-4bac-99a1-55d83f6f1100_flux_1789422995.png,urban highways,foggy,hazy,motorcycles,high density of vehicles,southeast USA,gray,one truck (Ford F150),black,varied colors,overhead,truck,,s3://auto-lora/f5ddba02-4295-48d9-8ad5-ba8583871323/1466b03e-841d-4c45-975e-c6900af67662/lora_weights.safetensors,$txc,train
65734518-7dbb-425e-a01f-f39f951d1578,"An overhead view of rural highways in the northeast USA with a rainy, hazy environment; multiple SUVs and a gray Ford F150 truck are present, the pavement is red-brown, and various vehicle colors are visible including a bus.",f5ddba02-4295-48d9-8ad5-ba8583871323/bc6ba36c-aa02-4630-a0ea-4150b9b69e36/Synthetic/65734518-7dbb-425e-a01f-f39f951d1578_flux_1789425484.png,rural highways,rainy,hazy,SUVs,moderate number of vehicles,northeast USA,red-brown,one truck (Ford F150),gray,varied colors,overhead,bus,,s3://auto-lora/f5ddba02-4295-48d9-8ad5-ba8583871323/1466b03e-841d-4c45-975e-c6900af67662/lora_weights.safetensors,$txc,train
3c9024de-2115-41e7-8eaf-2ea3ef8c6af5,"An overhead view of rural highways in the southeast USA with foggy weather and clear visibility, featuring a moderate number of motorcycles in varied colors and one black Ford F150 truck, where the primary focus is a bus present in the scene on a gray pavement.",f5ddba02-4295-48d9-8ad5-ba8583871323/bc6ba36c-aa02-4630-a0ea-4150b9b69e36/Synthetic/3c9024de-2115-41e7-8eaf-2ea3ef8c6af5_flux_1789424369.png,rural highways,foggy,clear,motorcycles,moderate number of vehicles,southeast USA,gray,one truck (Ford F150),black,varied colors,overhead,bus,,s3://auto-lora/f5ddba02-4295-48d9-8ad5-ba8583871323/1466b03e-841d-4c45-975e-c6900af67662/lora_weights.safetensors,$txc,train
3db870bb-e73a-4e11-92ad-833d341dd917,A foggy rural highway in the southwest USA with red-brown pavement and very few varied-colored SUVs visible; a street-level view showing one blue Ford F150 truck as the primary object of interest.,f5ddba02-4295-48d9-8ad5-ba8583871323/bc6ba36c-aa02-4630-a0ea-4150b9b69e36/Synthetic/3db870bb-e73a-4e11-92ad-833d341dd917_flux_1789425808.png,rural highways,foggy,clear,SUVs,very few vehicles,southwest USA,red-brown,one truck (Ford F150),blue,varied colors,street-level,truck,,s3://auto-lora/f5ddba02-4295-48d9-8ad5-ba8583871323/1466b03e-841d-4c45-975e-c6900af67662/lora_weights.safetensors,$txc,train
39c2a486-9d1f-4e43-a657-cdb48e331c50,"A rural highway in the northeast USA with active precipitation, gray pavement, and high density of buses; a red Ford F150 truck is present, and varied colored motorcycles can be seen on the street-level view.",f5ddba02-4295-48d9-8ad5-ba8583871323/bc6ba36c-aa02-4630-a0ea-4150b9b69e36/Synthetic/39c2a486-9d1f-4e43-a657-cdb48e331c50_flux_1789425553.png,rural highways,rainy,active precipitation,buses,high density of vehicles,northeast USA,gray,one truck (Ford F150),red,varied colors,street-level,motorcycle,,s3://auto-lora/f5ddba02-4295-48d9-8ad5-ba8583871323/1466b03e-841d-4c45-975e-c6900af67662/lora_weights.safetensors,$txc,train
be29648f-7e65-4062-8ddc-2a94074e32eb,"An overhead view of a rainy rural highway in the southwest USA with a high density of SUVs and varied vehicle colors, clear visibility, one red Ford F150 truck, and a motorcycle present.",f5ddba02-4295-48d9-8ad5-ba8583871323/bc6ba36c-aa02-4630-a0ea-4150b9b69e36/Synthetic/be29648f-7e65-4062-8ddc-2a94074e32eb_flux_1789423436.png,rural highways,rainy,clear,SUVs,high density of vehicles,southwest USA,gray,one truck (Ford F150),red,varied colors,overhead,motorcycle,,s3://auto-lora/f5ddba02-4295-48d9-8ad5-ba8583871323/1466b03e-841d-4c45-975e-c6900af67662/lora_weights.safetensors,$txc,train
37ff55c9-9097-4910-b64e-2437b3cb7f5c,"An overhead view of a foggy urban highway in the northeast USA with hazy visibility and a moderate number of vehicles, including one red Ford F150 truck, on a red-brown pavement; other vehicles have varied colors and a bus is also present in the scene.",f5ddba02-4295-48d9-8ad5-ba8583871323/bc6ba36c-aa02-4630-a0ea-4150b9b69e36/Synthetic/37ff55c9-9097-4910-b64e-2437b3cb7f5c_flux_1789424805.png,urban highways,foggy,hazy,trucks (Ford F150),moderate number of vehicles,northeast USA,red-brown,one truck (Ford F150),red,varied colors,overhead,bus,,s3://auto-lora/f5ddba02-4295-48d9-8ad5-ba8583871323/1466b03e-841d-4c45-975e-c6900af67662/lora_weights.safetensors,$txc,train
baddad43-bd04-44be-8ac6-74c48c95aeae,"A sunny but hazy urban highway in the southeast USA with red-brown pavement and a moderate number of vehicles, including one white Ford F150 truck, viewed from street level; cars are the primary focus with varied colors.",f5ddba02-4295-48d9-8ad5-ba8583871323/bc6ba36c-aa02-4630-a0ea-4150b9b69e36/Synthetic/baddad43-bd04-44be-8ac6-74c48c95aeae_flux_1789426116.png,urban highways,sunny,hazy,trucks (Ford F150),moderate number of vehicles,southeast USA,red-brown,one truck (Ford F150),white,varied colors,street-level,car,,s3://auto-lora/f5ddba02-4295-48d9-8ad5-ba8583871323/1466b03e-841d-4c45-975e-c6900af67662/lora_weights.safetensors,$txc,train
ecb02973-7a2c-4d87-9785-f073ed200c55,"A sunny but hazy urban highway in the northeast USA with a high density of vehicles, predominantly trucks including one blue Ford F150, and varied colored cars on gray pavement from street level, with a motorcycle also visible.",f5ddba02-4295-48d9-8ad5-ba8583871323/bc6ba36c-aa02-4630-a0ea-4150b9b69e36/Synthetic/ecb02973-7a2c-4d87-9785-f073ed200c55_flux_1789423270.png,urban highways,sunny,hazy,trucks (Ford F150),high density of vehicles,northeast USA,gray,one truck (Ford F150),blue,varied colors,street-level,motorcycle,,s3://auto-lora/f5ddba02-4295-48d9-8ad5-ba8583871323/1466b03e-841d-4c45-975e-c6900af67662/lora_weights.safetensors,$txc,train
38510513-bc70-4ae8-86f8-c25503f299bd,"An overhead view of rural highways in the southwest USA with a sunny but hazy sky, featuring a moderate number of motorcycles in varied colors, one white Ford F150 truck, and red-brown pavement.",f5ddba02-4295-48d9-8ad5-ba8583871323/bc6ba36c-aa02-4630-a0ea-4150b9b69e36/Synthetic/38510513-bc70-4ae8-86f8-c25503f299bd_flux_1789425386.png,rural highways,sunny,hazy,motorcycles,moderate number of vehicles,southwest USA,red-brown,one truck (Ford F150),white,varied colors,overhead,motorcycle,,s3://auto-lora/f5ddba02-4295-48d9-8ad5-ba8583871323/1466b03e-841d-4c45-975e-c6900af67662/lora_weights.safetensors,$txc,train
c6f7c020-bf30-4094-8bdc-6979f302014d,"An urban highway in the southwest USA with a sunny weather condition and active precipitation, featuring a street-level view of a moderate number of sedans in varied colors and one red Ford F150 truck, all moving under gray pavement.",f5ddba02-4295-48d9-8ad5-ba8583871323/bc6ba36c-aa02-4630-a0ea-4150b9b69e36/Synthetic/c6f7c020-bf30-4094-8bdc-6979f302014d_flux_1789424854.png,urban highways,sunny,active precipitation,sedans,moderate number of vehicles,southwest USA,gray,one truck (Ford F150),red,varied colors,street-level,car,,s3://auto-lora/f5ddba02-4295-48d9-8ad5-ba8583871323/1466b03e-841d-4c45-975e-c6900af67662/lora_weights.safetensors,$txc,train
788e74ee-0452-42a9-955f-4d323b7f806a,"A rural highway in the northeast USA with sunny weather and active precipitation, featuring a high density of vehicles including varied colored cars and one white Ford F150 truck, viewed from street level, where a motorcycle is also visible.",f5ddba02-4295-48d9-8ad5-ba8583871323/bc6ba36c-aa02-4630-a0ea-4150b9b69e36/Synthetic/788e74ee-0452-42a9-955f-4d323b7f806a_flux_1789425472.png,rural highways,sunny,active precipitation,trucks (Ford F150),high density of vehicles,northeast USA,gray,one truck (Ford F150),white,varied colors,street-level,motorcycle,,s3://auto-lora/f5ddba02-4295-48d9-8ad5-ba8583871323/1466b03e-841d-4c45-975e-c6900af67662/lora_weights.safetensors,$txc,train
62bbd99c-1650-472c-a47e-bce132749d7f,An overhead view of rural highways in the southeast USA with active snowy weather and moderate number of buses; one blue Ford F150 truck is also visible on the red-brown pavement.,f5ddba02-4295-48d9-8ad5-ba8583871323/bc6ba36c-aa02-4630-a0ea-4150b9b69e36/Synthetic/62bbd99c-1650-472c-a47e-bce132749d7f_flux_1789425845.png,rural highways,snowy,active precipitation,buses,moderate number of vehicles,southeast USA,red-brown,one truck (Ford F150),blue,varied colors,overhead,truck,,s3://auto-lora/f5ddba02-4295-48d9-8ad5-ba8583871323/1466b03e-841d-4c45-975e-c6900af67662/lora_weights.safetensors,$txc,train
61f7e011-219a-4cbf-89f6-66be925c7781,"An urban highway in the northeast USA with foggy weather and active precipitation, featuring a street-level view of moderate number of vehicles including varied colored cars and one white Ford F150 truck, set against a red-brown pavement, with a motorcycle as the object of interest.",f5ddba02-4295-48d9-8ad5-ba8583871323/bc6ba36c-aa02-4630-a0ea-4150b9b69e36/Synthetic/61f7e011-219a-4cbf-89f6-66be925c7781_flux_1789425287.png,urban highways,foggy,active precipitation,trucks (Ford F150),moderate number of vehicles,northeast USA,red-brown,one truck (Ford F150),white,varied colors,street-level,motorcycle,,s3://auto-lora/f5ddba02-4295-48d9-8ad5-ba8583871323/1466b03e-841d-4c45-975e-c6900af67662/lora_weights.safetensors,$txc,train
fbbd36ab-8ce9-4e41-8944-f2c8e6f1b7d7,"An urban highway in the southwest USA with foggy weather and hazy visibility, featuring very few vehicles; a black Ford F150 truck is visible at street level on red-brown pavement, while motorcycles are present in varied colors.",f5ddba02-4295-48d9-8ad5-ba8583871323/bc6ba36c-aa02-4630-a0ea-4150b9b69e36/Synthetic/fbbd36ab-8ce9-4e41-8944-f2c8e6f1b7d7_flux_1789426071.png,urban highways,foggy,hazy,motorcycles,very few vehicles,southwest USA,red-brown,one truck (Ford F150),black,varied colors,street-level,truck,,s3://auto-lora/f5ddba02-4295-48d9-8ad5-ba8583871323/1466b03e-841d-4c45-975e-c6900af67662/lora_weights.safetensors,$txc,train
cde6a6b9-3622-425a-a6b9-62557dbbda51,"A foggy rural highway in the southwest USA with gray pavement and moderate number of motorcycles at street level, one red Ford F150 truck present, and varied motorcycle colors visible.",f5ddba02-4295-48d9-8ad5-ba8583871323/bc6ba36c-aa02-4630-a0ea-4150b9b69e36/Synthetic/cde6a6b9-3622-425a-a6b9-62557dbbda51_flux_1789425374.png,rural highways,foggy,clear,motorcycles,moderate number of vehicles,southwest USA,gray,one truck (Ford F150),red,varied colors,street-level,motorcycle,,s3://auto-lora/f5ddba02-4295-48d9-8ad5-ba8583871323/1466b03e-841d-4c45-975e-c6900af67662/lora_weights.safetensors,$txc,train
0131671f-0f55-44d9-8de9-ca2cc5b79836,"An overhead view of rural highways in the southeast USA with a foggy weather condition and clear visibility; moderate number of SUVs in varied colors, one black Ford F150 truck, and a bus are present on gray pavement.",f5ddba02-4295-48d9-8ad5-ba8583871323/bc6ba36c-aa02-4630-a0ea-4150b9b69e36/Synthetic/0131671f-0f55-44d9-8de9-ca2cc5b79836_flux_1789424703.png,rural highways,foggy,clear,SUVs,moderate number of vehicles,southeast USA,gray,one truck (Ford F150),black,varied colors,overhead,bus,,s3://auto-lora/f5ddba02-4295-48d9-8ad5-ba8583871323/1466b03e-841d-4c45-975e-c6900af67662/lora_weights.safetensors,$txc,train
b3b7ae76-3b73-40ac-86d0-fe51327ad583,"A rural highway in the southwest USA with a rainy, hazy environment, features red-brown pavement and a street-level view of a moderate number of sedans in varied colors, one gray Ford F150 truck, and a bus as the primary objects of interest.",f5ddba02-4295-48d9-8ad5-ba8583871323/bc6ba36c-aa02-4630-a0ea-4150b9b69e36/Synthetic/b3b7ae76-3b73-40ac-86d0-fe51327ad583_flux_1789426215.png,rural highways,rainy,hazy,sedans,moderate number of vehicles,southwest USA,red-brown,one truck (Ford F150),gray,varied colors,street-level,bus,,s3://auto-lora/f5ddba02-4295-48d9-8ad5-ba8583871323/1466b03e-841d-4c45-975e-c6900af67662/lora_weights.safetensors,$txc,train
de5f6e73-bc93-4ff2-9bcf-9852e115a2db,A foggy rural highway in the northeast USA with gray pavement and very few varied-colored sedans visible; a street-level view showing one black Ford F150 truck passing by.,f5ddba02-4295-48d9-8ad5-ba8583871323/bc6ba36c-aa02-4630-a0ea-4150b9b69e36/Synthetic/de5f6e73-bc93-4ff2-9bcf-9852e115a2db_flux_1789423114.png,rural highways,foggy,clear,sedans,very few vehicles,northeast USA,gray,one truck (Ford F150),black,varied colors,street-level,truck,,s3://auto-lora/f5ddba02-4295-48d9-8ad5-ba8583871323/1466b03e-841d-4c45-975e-c6900af67662/lora_weights.safetensors,$txc,train
3787a36e-7e3a-4fce-906a-e19d932ebd4b,"An overhead view of rural highways in the southeast USA with a sunny but hazy weather condition, featuring a moderate number of SUVs in varied colors and one blue Ford F150 truck on a gray pavement.",f5ddba02-4295-48d9-8ad5-ba8583871323/bc6ba36c-aa02-4630-a0ea-4150b9b69e36/Synthetic/3787a36e-7e3a-4fce-906a-e19d932ebd4b_flux_1789424579.png,rural highways,sunny,hazy,SUVs,moderate number of vehicles,southeast USA,gray,one truck (Ford F150),blue,varied colors,overhead,truck,,s3://auto-lora/f5ddba02-4295-48d9-8ad5-ba8583871323/1466b03e-841d-4c45-975e-c6900af67662/lora_weights.safetensors,$txc,train
f675364e-059e-4ad7-822a-06708a39dd40,"An overhead view of rural highways in the northeast USA during rainy weather with active precipitation, featuring moderate numbers of vehicles including varied colored cars and one black Ford F150 truck, and a bus present on the scene with gray pavement visible.",f5ddba02-4295-48d9-8ad5-ba8583871323/bc6ba36c-aa02-4630-a0ea-4150b9b69e36/Synthetic/f675364e-059e-4ad7-822a-06708a39dd40_flux_1789425812.png,rural highways,rainy,active precipitation,trucks (Ford F150),moderate number of vehicles,northeast USA,gray,one truck (Ford F150),black,varied colors,overhead,bus,,s3://auto-lora/f5ddba02-4295-48d9-8ad5-ba8583871323/1466b03e-841d-4c45-975e-c6900af67662/lora_weights.safetensors,$txc,train
22f94363-aa11-44ff-9e53-9d0ae9ebc948,"An overhead view of a sunny but hazy urban highway in the southeast USA with red-brown pavement, featuring very few vehicles and one blue Ford F150 truck as the primary point of interest.",f5ddba02-4295-48d9-8ad5-ba8583871323/bc6ba36c-aa02-4630-a0ea-4150b9b69e36/Synthetic/22f94363-aa11-44ff-9e53-9d0ae9ebc948_flux_1789425626.png,urban highways,sunny,hazy,buses,very few vehicles,southeast USA,red-brown,one truck (Ford F150),blue,varied colors,overhead,truck,,s3://auto-lora/f5ddba02-4295-48d9-8ad5-ba8583871323/1466b03e-841d-4c45-975e-c6900af67662/lora_weights.safetensors,$txc,train
f1c10777-9ad3-4518-8939-e974d4ad91e1,"An overhead view of a rainy urban highway in the southwest USA with active precipitation, high density of buses and varied colored vehicles, one blue Ford F150 truck, and a motorcycle present on the red-brown pavement.",f5ddba02-4295-48d9-8ad5-ba8583871323/bc6ba36c-aa02-4630-a0ea-4150b9b69e36/Synthetic/f1c10777-9ad3-4518-8939-e974d4ad91e1_flux_1789425053.png,urban highways,rainy,active precipitation,buses,high density of vehicles,southwest USA,red-brown,one truck (Ford F150),blue,varied colors,overhead,motorcycle,,s3://auto-lora/f5ddba02-4295-48d9-8ad5-ba8583871323/1466b03e-841d-4c45-975e-c6900af67662/lora_weights.safetensors,$txc,train
24fbac14-c337-4fea-b43e-bca1cec5492c,"An urban highway in the southwest USA with a high density of motorcycles and varied vehicle colors, the scene is hazy and rainy, the street-level view shows red-brown pavement and a single blue Ford F150 truck among the vehicles.",f5ddba02-4295-48d9-8ad5-ba8583871323/bc6ba36c-aa02-4630-a0ea-4150b9b69e36/Synthetic/24fbac14-c337-4fea-b43e-bca1cec5492c_flux_1789426532.png,urban highways,rainy,hazy,motorcycles,high density of vehicles,southwest USA,red-brown,one truck (Ford F150),blue,varied colors,street-level,truck,,s3://auto-lora/f5ddba02-4295-48d9-8ad5-ba8583871323/1466b03e-841d-4c45-975e-c6900af67662/lora_weights.safetensors,$txc,train
49bca36a-57f0-440c-ab97-6f3087f794f6,"An overhead view of rural highways in the southwest USA with a high density of buses and varied vehicle colors in a foggy, hazy environment; one gray Ford F150 truck is also visible; the pavement is gray.",f5ddba02-4295-48d9-8ad5-ba8583871323/bc6ba36c-aa02-4630-a0ea-4150b9b69e36/Synthetic/49bca36a-57f0-440c-ab97-6f3087f794f6_flux_1789423469.png,rural highways,foggy,hazy,buses,high density of vehicles,southwest USA,gray,one truck (Ford F150),gray,varied colors,overhead,car,,s3://auto-lora/f5ddba02-4295-48d9-8ad5-ba8583871323/1466b03e-841d-4c45-975e-c6900af67662/lora_weights.safetensors,$txc,train
3a8c136d-2f5b-4313-9c3d-e5b6624fe937,"A foggy rural highway in the northeast USA with active precipitation, featuring a high density of motorcycles and a blue Ford F150 truck, the pavement is red-brown and viewed from street level focusing on the truck.",f5ddba02-4295-48d9-8ad5-ba8583871323/bc6ba36c-aa02-4630-a0ea-4150b9b69e36/Synthetic/3a8c136d-2f5b-4313-9c3d-e5b6624fe937_flux_1789425452.png,rural highways,foggy,active precipitation,motorcycles,high density of vehicles,northeast USA,red-brown,one truck (Ford F150),blue,varied colors,street-level,truck,,s3://auto-lora/f5ddba02-4295-48d9-8ad5-ba8583871323/1466b03e-841d-4c45-975e-c6900af67662/lora_weights.safetensors,$txc,train
d0cc0abd-19b0-4ab5-b69c-0620dd3dac27,A foggy rural highway in the southwest USA with hazy visibility and red-brown pavement features a moderate number of sedans and one blue Ford F150 truck; vehicles display varied colors from street-level perspective.,f5ddba02-4295-48d9-8ad5-ba8583871323/bc6ba36c-aa02-4630-a0ea-4150b9b69e36/Synthetic/d0cc0abd-19b0-4ab5-b69c-0620dd3dac27_flux_1789425618.png,rural highways,foggy,hazy,sedans,moderate number of vehicles,southwest USA,red-brown,one truck (Ford F150),blue,varied colors,street-level,car,,s3://auto-lora/f5ddba02-4295-48d9-8ad5-ba8583871323/1466b03e-841d-4c45-975e-c6900af67662/lora_weights.safetensors,$txc,train
40cae3f6-0b76-4054-8c44-6118007894d7,"An overhead view of rural highways in the southeast USA with a rainy weather condition and clear visibility, featuring a moderate number of SUVs in varied colors, one gray Ford F150 truck, and red-brown pavement.",f5ddba02-4295-48d9-8ad5-ba8583871323/bc6ba36c-aa02-4630-a0ea-4150b9b69e36/Synthetic/40cae3f6-0b76-4054-8c44-6118007894d7_flux_1789425725.png,rural highways,rainy,clear,SUVs,moderate number of vehicles,southeast USA,red-brown,one truck (Ford F150),gray,varied colors,overhead,car,,s3://auto-lora/f5ddba02-4295-48d9-8ad5-ba8583871323/1466b03e-841d-4c45-975e-c6900af67662/lora_weights.safetensors,$txc,train
92ca4b96-6e4f-4ee9-b11d-c055ce6a22de,"An overhead view of a rainy urban highway in the southeast USA with clear visibility, featuring a moderate number of buses and varied colored vehicles, including one white Ford F150 truck, and a single motorcycle present on the red-brown pavement.",f5ddba02-4295-48d9-8ad5-ba8583871323/bc6ba36c-aa02-4630-a0ea-4150b9b69e36/Synthetic/92ca4b96-6e4f-4ee9-b11d-c055ce6a22de_flux_1789424451.png,urban highways,rainy,clear,buses,moderate number of vehicles,southeast USA,red-brown,one truck (Ford F150),white,varied colors,overhead,motorcycle,,s3://auto-lora/f5ddba02-4295-48d9-8ad5-ba8583871323/1466b03e-841d-4c45-975e-c6900af67662/lora_weights.safetensors,$txc,train
19580b4f-2cca-4edc-a706-94e555ea920f,"A foggy street-level view on an urban highway in the southwest USA with moderate numbers of motorcycles and one red Ford F150 truck, the pavement is red-brown and there is active precipitation reducing visibility.",f5ddba02-4295-48d9-8ad5-ba8583871323/bc6ba36c-aa02-4630-a0ea-4150b9b69e36/Synthetic/19580b4f-2cca-4edc-a706-94e555ea920f_flux_1789425766.png,urban highways,foggy,active precipitation,motorcycles,moderate number of vehicles,southwest USA,red-brown,one truck (Ford F150),red,varied colors,street-level,motorcycle,,s3://auto-lora/f5ddba02-4295-48d9-8ad5-ba8583871323/1466b03e-841d-4c45-975e-c6900af67662/lora_weights.safetensors,$txc,train
d0fa9c41-cbd7-4f39-9f00-422e6bceab97,"An overhead view of a snowy urban highway in the northeast USA with a high density of gray sedans and one gray Ford F150 truck, varied vehicle colors visible, clear visibility, and a motorcycle present.",f5ddba02-4295-48d9-8ad5-ba8583871323/bc6ba36c-aa02-4630-a0ea-4150b9b69e36/Synthetic/d0fa9c41-cbd7-4f39-9f00-422e6bceab97_flux_1789422891.png,urban highways,snowy,clear,sedans,high density of vehicles,northeast USA,gray,one truck (Ford F150),gray,varied colors,overhead,motorcycle,,s3://auto-lora/f5ddba02-4295-48d9-8ad5-ba8583871323/1466b03e-841d-4c45-975e-c6900af67662/lora_weights.safetensors,$txc,train
5ed5400a-664a-4db5-bacb-08611af25b52,"An overhead view of an urban highway in the southeast USA during rainy weather with active precipitation, featuring a moderate number of buses and one black Ford F150 truck on a gray pavement, with varied bus colors.",f5ddba02-4295-48d9-8ad5-ba8583871323/bc6ba36c-aa02-4630-a0ea-4150b9b69e36/Synthetic/5ed5400a-664a-4db5-bacb-08611af25b52_flux_1789426635.png,urban highways,rainy,active precipitation,buses,moderate number of vehicles,southeast USA,gray,one truck (Ford F150),black,varied colors,overhead,truck,,s3://auto-lora/f5ddba02-4295-48d9-8ad5-ba8583871323/1466b03e-841d-4c45-975e-c6900af67662/lora_weights.safetensors,$txc,train
8ed7ac20-9880-4a1c-844c-5bb6552c205d,"A rural highway in the southwest USA with a high density of buses and varied vehicle colors under sunny conditions but active precipitation; the street-level view shows a red-brown pavement, one black Ford F150 truck, and a motorcycle present.",f5ddba02-4295-48d9-8ad5-ba8583871323/bc6ba36c-aa02-4630-a0ea-4150b9b69e36/Synthetic/8ed7ac20-9880-4a1c-844c-5bb6552c205d_flux_1789426005.png,rural highways,sunny,active precipitation,buses,high density of vehicles,southwest USA,red-brown,one truck (Ford F150),black,varied colors,street-level,motorcycle,,s3://auto-lora/f5ddba02-4295-48d9-8ad5-ba8583871323/1466b03e-841d-4c45-975e-c6900af67662/lora_weights.safetensors,$txc,train
dc53bca9-870c-4fac-a245-b45c42029706,"An overhead view of a snowy, hazy urban highway in the southwest USA with red-brown pavement, featuring very few varied-colored sedans and one black Ford F150 truck.",f5ddba02-4295-48d9-8ad5-ba8583871323/bc6ba36c-aa02-4630-a0ea-4150b9b69e36/Synthetic/dc53bca9-870c-4fac-a245-b45c42029706_flux_1789426277.png,urban highways,snowy,hazy,sedans,very few vehicles,southwest USA,red-brown,one truck (Ford F150),black,varied colors,overhead,truck,,s3://auto-lora/f5ddba02-4295-48d9-8ad5-ba8583871323/1466b03e-841d-4c45-975e-c6900af67662/lora_weights.safetensors,$txc,train
25a9f22a-45d3-49c8-9a14-df08e547dcf4,"A rural highway in the southeast USA with active snowy weather and very few vehicles visible, featuring one gray Ford F150 truck on the gray pavement from a street-level angle.",f5ddba02-4295-48d9-8ad5-ba8583871323/bc6ba36c-aa02-4630-a0ea-4150b9b69e36/Synthetic/25a9f22a-45d3-49c8-9a14-df08e547dcf4_flux_1789424241.png,rural highways,snowy,active precipitation,trucks (Ford F150),very few vehicles,southeast USA,gray,one truck (Ford F150),gray,varied colors,street-level,truck,,s3://auto-lora/f5ddba02-4295-48d9-8ad5-ba8583871323/1466b03e-841d-4c45-975e-c6900af67662/lora_weights.safetensors,$txc,train
d99b654a-3dde-4aea-92ee-f427e63f950a,"An overhead view of rural highways in the southeast USA during rainy weather with active precipitation, featuring moderate numbers of vehicles in varied colors and one blue Ford F150 truck, with red-brown pavement and a bus as an object of interest.",f5ddba02-4295-48d9-8ad5-ba8583871323/bc6ba36c-aa02-4630-a0ea-4150b9b69e36/Synthetic/d99b654a-3dde-4aea-92ee-f427e63f950a_flux_1789423972.png,rural highways,rainy,active precipitation,trucks (Ford F150),moderate number of vehicles,southeast USA,red-brown,one truck (Ford F150),blue,varied colors,overhead,bus,,s3://auto-lora/f5ddba02-4295-48d9-8ad5-ba8583871323/1466b03e-841d-4c45-975e-c6900af67662/lora_weights.safetensors,$txc,train
79f3cfc5-2772-420e-b5b9-06138b984593,"A rural highway in the northeast USA with snowy conditions and clear visibility features a high density of SUVs in varied colors, one white Ford F150 truck, and gray pavement viewed from street level.",f5ddba02-4295-48d9-8ad5-ba8583871323/bc6ba36c-aa02-4630-a0ea-4150b9b69e36/Synthetic/79f3cfc5-2772-420e-b5b9-06138b984593_flux_1789423828.png,rural highways,snowy,clear,SUVs,high density of vehicles,northeast USA,gray,one truck (Ford F150),white,varied colors,street-level,car,,s3://auto-lora/f5ddba02-4295-48d9-8ad5-ba8583871323/1466b03e-841d-4c45-975e-c6900af67662/lora_weights.safetensors,$txc,train
f77a2257-49cf-4bbf-90f2-73d93d70f9ec,"An overhead view of a sunny but hazy urban highway in the southeast USA with gray pavement and a moderate number of buses, one red Ford F150 truck, and varied colored vehicles, including a motorcycle.",f5ddba02-4295-48d9-8ad5-ba8583871323/bc6ba36c-aa02-4630-a0ea-4150b9b69e36/Synthetic/f77a2257-49cf-4bbf-90f2-73d93d70f9ec_flux_1789425205.png,urban highways,sunny,hazy,buses,moderate number of vehicles,southeast USA,gray,one truck (Ford F150),red,varied colors,overhead,motorcycle,,s3://auto-lora/f5ddba02-4295-48d9-8ad5-ba8583871323/1466b03e-841d-4c45-975e-c6900af67662/lora_weights.safetensors,$txc,train
1516d8db-fe7c-465d-91fe-eaf66b7e1f2e,"An overhead view of rural highways in the northeast USA with a sunny but hazy sky, featuring a moderate number of varied-colored sedans and one gray Ford F150 truck, where red-brown pavement stretches between the vehicles, and a bus stands out as an object of interest.",f5ddba02-4295-48d9-8ad5-ba8583871323/bc6ba36c-aa02-4630-a0ea-4150b9b69e36/Synthetic/1516d8db-fe7c-465d-91fe-eaf66b7e1f2e_flux_1789426211.png,rural highways,sunny,hazy,sedans,moderate number of vehicles,northeast USA,red-brown,one truck (Ford F150),gray,varied colors,overhead,bus,,s3://auto-lora/f5ddba02-4295-48d9-8ad5-ba8583871323/1466b03e-841d-4c45-975e-c6900af67662/lora_weights.safetensors,$txc,train
823bf624-c1f7-4f6f-8841-270c1665b391,"On a sunny day with active precipitation, an urban highway in the southwest USA features gray pavement and very few vehicles, including a red Ford F150 truck, while motorcycles are the primary objects of interest at street level.",f5ddba02-4295-48d9-8ad5-ba8583871323/bc6ba36c-aa02-4630-a0ea-4150b9b69e36/Synthetic/823bf624-c1f7-4f6f-8841-270c1665b391_flux_1789422813.png,urban highways,sunny,active precipitation,motorcycles,very few vehicles,southwest USA,gray,one truck (Ford F150),red,varied colors,street-level,motorcycle,,s3://auto-lora/f5ddba02-4295-48d9-8ad5-ba8583871323/1466b03e-841d-4c45-975e-c6900af67662/lora_weights.safetensors,$txc,train
3c918798-fd9f-40dc-a053-3273c0f3c7bb,"An overhead view of a snowy, hazy rural highway in the northeast USA with a moderate number of buses and varied colored vehicles, including one white Ford F150 truck, set against a red-brown pavement environment.",f5ddba02-4295-48d9-8ad5-ba8583871323/bc6ba36c-aa02-4630-a0ea-4150b9b69e36/Synthetic/3c918798-fd9f-40dc-a053-3273c0f3c7bb_flux_1789424236.png,rural highways,snowy,hazy,buses,moderate number of vehicles,northeast USA,red-brown,one truck (Ford F150),white,varied colors,overhead,car,,s3://auto-lora/f5ddba02-4295-48d9-8ad5-ba8583871323/1466b03e-841d-4c45-975e-c6900af67662/lora_weights.safetensors,$txc,train
ba1f43b0-4c3a-45ed-a6bb-4e9f295b273a,"An overhead view of a rural highway in the northeast USA with a high density of sedans and varied vehicle colors in a rainy, hazy environment; one gray Ford F150 truck is also present on the gray pavement.",f5ddba02-4295-48d9-8ad5-ba8583871323/bc6ba36c-aa02-4630-a0ea-4150b9b69e36/Synthetic/ba1f43b0-4c3a-45ed-a6bb-4e9f295b273a_flux_1789423332.png,rural highways,rainy,hazy,sedans,high density of vehicles,northeast USA,gray,one truck (Ford F150),gray,varied colors,overhead,car,,s3://auto-lora/f5ddba02-4295-48d9-8ad5-ba8583871323/1466b03e-841d-4c45-975e-c6900af67662/lora_weights.safetensors,$txc,train
9421ff25-1cb1-4a67-80df-c14ee7e1c841,"An overhead view of a rural highway in the southeast USA with a snowy, hazy environment; very few vehicles present, including buses and a blue Ford F150 truck, while cars of varied colors are also visible, all driving on a gray pavement.",f5ddba02-4295-48d9-8ad5-ba8583871323/bc6ba36c-aa02-4630-a0ea-4150b9b69e36/Synthetic/9421ff25-1cb1-4a67-80df-c14ee7e1c841_flux_1789425407.png,rural highways,snowy,hazy,buses,very few vehicles,southeast USA,gray,one truck (Ford F150),blue,varied colors,overhead,car,,s3://auto-lora/f5ddba02-4295-48d9-8ad5-ba8583871323/1466b03e-841d-4c45-975e-c6900af67662/lora_weights.safetensors,$txc,train
9468f3b0-dcbd-43bb-bcbb-847839f08897,"An urban highway in the southwest USA with moderate number of SUVs and active snowfall reducing visibility; one red Ford F150 truck is present, and varied colored vehicles are seen; the street-level view shows gray pavement and a motorcycle in the scene.",f5ddba02-4295-48d9-8ad5-ba8583871323/bc6ba36c-aa02-4630-a0ea-4150b9b69e36/Synthetic/9468f3b0-dcbd-43bb-bcbb-847839f08897_flux_1789425902.png,urban highways,snowy,active precipitation,SUVs,moderate number of vehicles,southwest USA,gray,one truck (Ford F150),red,varied colors,street-level,motorcycle,,s3://auto-lora/f5ddba02-4295-48d9-8ad5-ba8583871323/1466b03e-841d-4c45-975e-c6900af67662/lora_weights.safetensors,$txc,train
da077719-5584-4f78-9a84-1af7ac25fef1,"An urban highway in the southeast USA with active precipitation from rainy weather, featuring a street-level view of very few vehicles including varied colored cars and one red Ford F150 truck, the pavement is red-brown and a motorcycle is also visible.",f5ddba02-4295-48d9-8ad5-ba8583871323/bc6ba36c-aa02-4630-a0ea-4150b9b69e36/Synthetic/da077719-5584-4f78-9a84-1af7ac25fef1_flux_1789425980.png,urban highways,rainy,active precipitation,trucks (Ford F150),very few vehicles,southeast USA,red-brown,one truck (Ford F150),red,varied colors,street-level,motorcycle,,s3://auto-lora/f5ddba02-4295-48d9-8ad5-ba8583871323/1466b03e-841d-4c45-975e-c6900af67662/lora_weights.safetensors,$txc,train
6247455e-ebe4-4172-8a86-dbe253af04dc,"A foggy rural highway in the southwest USA with hazy visibility and a high density of buses at street level, featuring a black Ford F150 truck and varied bus colors on a gray pavement.",f5ddba02-4295-48d9-8ad5-ba8583871323/bc6ba36c-aa02-4630-a0ea-4150b9b69e36/Synthetic/6247455e-ebe4-4172-8a86-dbe253af04dc_flux_1789424817.png,rural highways,foggy,hazy,buses,high density of vehicles,southwest USA,gray,one truck (Ford F150),black,varied colors,street-level,bus,,s3://auto-lora/f5ddba02-4295-48d9-8ad5-ba8583871323/1466b03e-841d-4c45-975e-c6900af67662/lora_weights.safetensors,$txc,train
c35bc34f-a50d-4d3a-9bab-61cd3862f3fa,"An urban highway in the southwest USA with red-brown pavement and active snow precipitation has very few varied-colored SUVs present, one black Ford F150 truck, and poor visibility due to snow. The angle is street-level focusing on the cars.",f5ddba02-4295-48d9-8ad5-ba8583871323/bc6ba36c-aa02-4630-a0ea-4150b9b69e36/Synthetic/c35bc34f-a50d-4d3a-9bab-61cd3862f3fa_flux_1789423307.png,urban highways,snowy,active precipitation,SUVs,very few vehicles,southwest USA,red-brown,one truck (Ford F150),black,varied colors,street-level,car,,s3://auto-lora/f5ddba02-4295-48d9-8ad5-ba8583871323/1466b03e-841d-4c45-975e-c6900af67662/lora_weights.safetensors,$txc,train
8306a920-0c42-4ec8-a93a-eecf2c800d1f,"An overhead view of rural highways in the northeast USA covered in snow with hazy visibility, featuring a moderate number of buses and one gray Ford F150 truck, all against a gray pavement background, with varied bus colors of interest.",f5ddba02-4295-48d9-8ad5-ba8583871323/bc6ba36c-aa02-4630-a0ea-4150b9b69e36/Synthetic/8306a920-0c42-4ec8-a93a-eecf2c800d1f_flux_1789424731.png,rural highways,snowy,hazy,buses,moderate number of vehicles,northeast USA,gray,one truck (Ford F150),gray,varied colors,overhead,bus,,s3://auto-lora/f5ddba02-4295-48d9-8ad5-ba8583871323/1466b03e-841d-4c45-975e-c6900af67662/lora_weights.safetensors,$txc,train
2e6126dc-fb90-485d-bb5d-f44e3e6e0dbf,"An urban highway in the northeast USA with foggy weather and clear visibility, featuring a high density of vehicles including various colored cars and one red Ford F150 truck, observed from a street-level angle with red-brown pavement.",f5ddba02-4295-48d9-8ad5-ba8583871323/bc6ba36c-aa02-4630-a0ea-4150b9b69e36/Synthetic/2e6126dc-fb90-485d-bb5d-f44e3e6e0dbf_flux_1789425926.png,urban highways,foggy,clear,trucks (Ford F150),high density of vehicles,northeast USA,red-brown,one truck (Ford F150),red,varied colors,street-level,car,,s3://auto-lora/f5ddba02-4295-48d9-8ad5-ba8583871323/1466b03e-841d-4c45-975e-c6900af67662/lora_weights.safetensors,$txc,train
2094a1a5-f6e9-442f-b325-6acb6c61522c,"An overhead view of a rainy urban highway in the northeast USA with a high density of SUVs and varied vehicle colors, clear visibility, one black Ford F150 truck, and red-brown pavement.",f5ddba02-4295-48d9-8ad5-ba8583871323/bc6ba36c-aa02-4630-a0ea-4150b9b69e36/Synthetic/2094a1a5-f6e9-442f-b325-6acb6c61522c_flux_1789423741.png,urban highways,rainy,clear,SUVs,high density of vehicles,northeast USA,red-brown,one truck (Ford F150),black,varied colors,overhead,car,,s3://auto-lora/f5ddba02-4295-48d9-8ad5-ba8583871323/1466b03e-841d-4c45-975e-c6900af67662/lora_weights.safetensors,$txc,train
6771cdd6-714f-411b-b0dd-39b32aab7d92,"A rural highway in the southeast USA with a high density of sedans and varied vehicle colors, sunny weather and active precipitation reducing visibility, a street-level view showing red-brown pavement, and one gray Ford F150 truck passing by.",f5ddba02-4295-48d9-8ad5-ba8583871323/bc6ba36c-aa02-4630-a0ea-4150b9b69e36/Synthetic/6771cdd6-714f-411b-b0dd-39b32aab7d92_flux_1789426314.png,rural highways,sunny,active precipitation,sedans,high density of vehicles,southeast USA,red-brown,one truck (Ford F150),gray,varied colors,street-level,car,,s3://auto-lora/f5ddba02-4295-48d9-8ad5-ba8583871323/1466b03e-841d-4c45-975e-c6900af67662/lora_weights.safetensors,$txc,train
ed7656a8-8ae7-4755-9131-412298e418ba,"An overhead view of a rural highway in the northeast USA with red-brown pavement, rainy weather and clear visibility, showing very few vehicles including one white Ford F150 truck and a bus.",f5ddba02-4295-48d9-8ad5-ba8583871323/bc6ba36c-aa02-4630-a0ea-4150b9b69e36/Synthetic/ed7656a8-8ae7-4755-9131-412298e418ba_flux_1789426203.png,rural highways,rainy,clear,trucks (Ford F150),very few vehicles,northeast USA,red-brown,one truck (Ford F150),white,varied colors,overhead,bus,,s3://auto-lora/f5ddba02-4295-48d9-8ad5-ba8583871323/1466b03e-841d-4c45-975e-c6900af67662/lora_weights.safetensors,$txc,train
19168af7-889b-49b1-b6fc-bc7131565014,"An overhead view of a rural highway in the northeast USA with a rainy, hazy environment; very few motorcycles and one red Ford F150 truck are visible, while the pavement has a red-brown color and vehicles display varied colors.",f5ddba02-4295-48d9-8ad5-ba8583871323/bc6ba36c-aa02-4630-a0ea-4150b9b69e36/Synthetic/19168af7-889b-49b1-b6fc-bc7131565014_flux_1789425918.png,rural highways,rainy,hazy,motorcycles,very few vehicles,northeast USA,red-brown,one truck (Ford F150),red,varied colors,overhead,car,,s3://auto-lora/f5ddba02-4295-48d9-8ad5-ba8583871323/1466b03e-841d-4c45-975e-c6900af67662/lora_weights.safetensors,$txc,train
b7aaf315-faee-44e0-8320-f724564dfc8c,"An urban highway in the southwest USA with a snowy but clear environment, featuring a high density of motorcycles and one red Ford F150 truck, all moving under a street-level view across a red-brown pavement, showcasing varied motorcycle colors.",f5ddba02-4295-48d9-8ad5-ba8583871323/bc6ba36c-aa02-4630-a0ea-4150b9b69e36/Synthetic/b7aaf315-faee-44e0-8320-f724564dfc8c_flux_1789423955.png,urban highways,snowy,clear,motorcycles,high density of vehicles,southwest USA,red-brown,one truck (Ford F150),red,varied colors,street-level,motorcycle,,s3://auto-lora/f5ddba02-4295-48d9-8ad5-ba8583871323/1466b03e-841d-4c45-975e-c6900af67662/lora_weights.safetensors,$txc,train
f084a92b-cf58-45b2-9f6e-c1ab0dfed919,"A sunny day with active precipitation on an urban highway in the southeast USA where red-brown pavements are visible; there is a moderate number of sedans and one red Ford F150 truck, with varied vehicle colors, viewed from street level focusing on cars.",f5ddba02-4295-48d9-8ad5-ba8583871323/bc6ba36c-aa02-4630-a0ea-4150b9b69e36/Synthetic/f084a92b-cf58-45b2-9f6e-c1ab0dfed919_flux_1789423258.png,urban highways,sunny,active precipitation,sedans,moderate number of vehicles,southeast USA,red-brown,one truck (Ford F150),red,varied colors,street-level,car,,s3://auto-lora/f5ddba02-4295-48d9-8ad5-ba8583871323/1466b03e-841d-4c45-975e-c6900af67662/lora_weights.safetensors,$txc,train
9980f6dd-2551-487c-a510-401fc3db0bd3,"An overhead view of a foggy urban highway in the northeast USA with hazy visibility and a high density of SUVs, one black Ford F150 truck, and vehicles of varied colors on a gray pavement.",f5ddba02-4295-48d9-8ad5-ba8583871323/bc6ba36c-aa02-4630-a0ea-4150b9b69e36/Synthetic/9980f6dd-2551-487c-a510-401fc3db0bd3_flux_1789424551.png,urban highways,foggy,hazy,SUVs,high density of vehicles,northeast USA,gray,one truck (Ford F150),black,varied colors,overhead,truck,,s3://auto-lora/f5ddba02-4295-48d9-8ad5-ba8583871323/1466b03e-841d-4c45-975e-c6900af67662/lora_weights.safetensors,$txc,train
e8c87d84-37d2-4617-add9-3648e311766a,"On a rainy day with clear visibility in the northeast USA, a street-level view of an urban highway shows very few vehicles, including one black Ford F150 truck, while other vehicles have varied colors, and the pavement is red-brown. Objects of interest are primarily cars.",f5ddba02-4295-48d9-8ad5-ba8583871323/bc6ba36c-aa02-4630-a0ea-4150b9b69e36/Synthetic/e8c87d84-37d2-4617-add9-3648e311766a_flux_1789426067.png,urban highways,rainy,clear,trucks (Ford F150),very few vehicles,northeast USA,red-brown,one truck (Ford F150),black,varied colors,street-level,car,,s3://auto-lora/f5ddba02-4295-48d9-8ad5-ba8583871323/1466b03e-841d-4c45-975e-c6900af67662/lora_weights.safetensors,$txc,train
a96f9675-6f9b-4562-bc2a-78f992f6a4f2,"An overhead view of a rural highway in the northeast USA with a foggy, hazy weather condition, featuring a moderate number of sedans in varied colors, one black Ford F150 truck, and visible motorcycle traffic on red-brown pavement.",f5ddba02-4295-48d9-8ad5-ba8583871323/bc6ba36c-aa02-4630-a0ea-4150b9b69e36/Synthetic/a96f9675-6f9b-4562-bc2a-78f992f6a4f2_flux_1789423403.png,rural highways,foggy,hazy,sedans,moderate number of vehicles,northeast USA,red-brown,one truck (Ford F150),black,varied colors,overhead,motorcycle,,s3://auto-lora/f5ddba02-4295-48d9-8ad5-ba8583871323/1466b03e-841d-4c45-975e-c6900af67662/lora_weights.safetensors,$txc,train
73d55c17-891f-4ffb-b244-24a6083c89b1,"A snowy rural highway in the southwest USA with active precipitation, gray pavement, and varied colored vehicles at street-level; one red Ford F150 truck and a moderate number of other vehicles are visible.",f5ddba02-4295-48d9-8ad5-ba8583871323/bc6ba36c-aa02-4630-a0ea-4150b9b69e36/Synthetic/73d55c17-891f-4ffb-b244-24a6083c89b1_flux_1789425476.png,rural highways,snowy,active precipitation,trucks (Ford F150),moderate number of vehicles,southwest USA,gray,one truck (Ford F150),red,varied colors,street-level,car,,s3://auto-lora/f5ddba02-4295-48d9-8ad5-ba8583871323/1466b03e-841d-4c45-975e-c6900af67662/lora_weights.safetensors,$txc,train
e0819e54-154e-480f-9311-deaf0ba4dbb6,"A foggy rural highway in the southeast USA with active precipitation, featuring a high density of sedans in varied colors and one gray Ford F150 truck, all observed from a street-level angle on a gray pavement.",f5ddba02-4295-48d9-8ad5-ba8583871323/bc6ba36c-aa02-4630-a0ea-4150b9b69e36/Synthetic/e0819e54-154e-480f-9311-deaf0ba4dbb6_flux_1789425333.png,rural highways,foggy,active precipitation,sedans,high density of vehicles,southeast USA,gray,one truck (Ford F150),gray,varied colors,street-level,truck,,s3://auto-lora/f5ddba02-4295-48d9-8ad5-ba8583871323/1466b03e-841d-4c45-975e-c6900af67662/lora_weights.safetensors,$txc,train
6f548cf1-f47d-4cec-81fa-393cc87bc2af,"An overhead view of a rural highway in the southwest USA with foggy weather and active precipitation, showing very few vehicles including varied colored buses and one black Ford F150 truck.",f5ddba02-4295-48d9-8ad5-ba8583871323/bc6ba36c-aa02-4630-a0ea-4150b9b69e36/Synthetic/6f548cf1-f47d-4cec-81fa-393cc87bc2af_flux_1789424125.png,rural highways,foggy,active precipitation,buses,very few vehicles,southwest USA,gray,one truck (Ford F150),black,varied colors,overhead,truck,,s3://auto-lora/f5ddba02-4295-48d9-8ad5-ba8583871323/1466b03e-841d-4c45-975e-c6900af67662/lora_weights.safetensors,$txc,train
6b635a4e-5ebc-4314-8e1f-38f8023b8bbb,"An overhead view of a rural highway in the northeast USA during rainy weather with active precipitation, featuring a high density of gray sedan vehicles and one gray Ford F150 truck, where varied colored vehicles are visible amidst gray pavement and a bus stands out as an object of interest.",f5ddba02-4295-48d9-8ad5-ba8583871323/bc6ba36c-aa02-4630-a0ea-4150b9b69e36/Synthetic/6b635a4e-5ebc-4314-8e1f-38f8023b8bbb_flux_1789426034.png,rural highways,rainy,active precipitation,sedans,high density of vehicles,northeast USA,gray,one truck (Ford F150),gray,varied colors,overhead,bus,,s3://auto-lora/f5ddba02-4295-48d9-8ad5-ba8583871323/1466b03e-841d-4c45-975e-c6900af67662/lora_weights.safetensors,$txc,train
accbb118-26c3-4266-ba67-71eb52980a1a,"A foggy rural highway in the southeast USA with a hazy visibility, gray pavement, and high density of motorcycles; one red Ford F150 truck is present, and various colored vehicles including a bus are visible from street level.",f5ddba02-4295-48d9-8ad5-ba8583871323/bc6ba36c-aa02-4630-a0ea-4150b9b69e36/Synthetic/accbb118-26c3-4266-ba67-71eb52980a1a_flux_1789424784.png,rural highways,foggy,hazy,motorcycles,high density of vehicles,southeast USA,gray,one truck (Ford F150),red,varied colors,street-level,bus,,s3://auto-lora/f5ddba02-4295-48d9-8ad5-ba8583871323/1466b03e-841d-4c45-975e-c6900af67662/lora_weights.safetensors,$txc,train
75e1fda8-6ef6-4135-91a1-57e9fa179d46,"A rural highway in the southeast USA with a sunny but hazy sky, gray pavement, and a moderate number of vehicles including one black Ford F150 truck, viewed from street level, where cars are the primary objects of interest.",f5ddba02-4295-48d9-8ad5-ba8583871323/bc6ba36c-aa02-4630-a0ea-4150b9b69e36/Synthetic/75e1fda8-6ef6-4135-91a1-57e9fa179d46_flux_1789426730.png,rural highways,sunny,hazy,trucks (Ford F150),moderate number of vehicles,southeast USA,gray,one truck (Ford F150),black,varied colors,street-level,car,,s3://auto-lora/f5ddba02-4295-48d9-8ad5-ba8583871323/1466b03e-841d-4c45-975e-c6900af67662/lora_weights.safetensors,$txc,train
65c25abe-6631-40da-92c2-0cf7ffd1a669,"An overhead view of a rural highway in the southeast USA with a snowy, hazy environment; very few vehicles are present, including buses and one blue Ford F150 truck, while the pavement has a red-brown color and vehicles exhibit varied colors, focusing on the truck as the primary object of interest.",f5ddba02-4295-48d9-8ad5-ba8583871323/bc6ba36c-aa02-4630-a0ea-4150b9b69e36/Synthetic/65c25abe-6631-40da-92c2-0cf7ffd1a669_flux_1789424443.png,rural highways,snowy,hazy,buses,very few vehicles,southeast USA,red-brown,one truck (Ford F150),blue,varied colors,overhead,truck,,s3://auto-lora/f5ddba02-4295-48d9-8ad5-ba8583871323/1466b03e-841d-4c45-975e-c6900af67662/lora_weights.safetensors,$txc,train
62d0079b-37c4-495d-b226-5feea5670a4f,"An urban highway in the northeast USA with a rainy, hazy environment; street-level view shows a moderate number of motorcycles and one black Ford F150 truck, all moving under gray pavement.",f5ddba02-4295-48d9-8ad5-ba8583871323/bc6ba36c-aa02-4630-a0ea-4150b9b69e36/Synthetic/62d0079b-37c4-495d-b226-5feea5670a4f_flux_1789424137.png,urban highways,rainy,hazy,motorcycles,moderate number of vehicles,northeast USA,gray,one truck (Ford F150),black,varied colors,street-level,truck,,s3://auto-lora/f5ddba02-4295-48d9-8ad5-ba8583871323/1466b03e-841d-4c45-975e-c6900af67662/lora_weights.safetensors,$txc,train
29c7756d-83f6-423c-b413-0f27638ff56e,"An overhead view of a busy urban highway in the southeast USA with sunny weather and active precipitation, featuring a high density of buses on gray pavement; one blue Ford F150 truck is also present among vehicles of varied colors.",f5ddba02-4295-48d9-8ad5-ba8583871323/bc6ba36c-aa02-4630-a0ea-4150b9b69e36/Synthetic/29c7756d-83f6-423c-b413-0f27638ff56e_flux_1789426746.png,urban highways,sunny,active precipitation,buses,high density of vehicles,southeast USA,gray,one truck (Ford F150),blue,varied colors,overhead,bus,,s3://auto-lora/f5ddba02-4295-48d9-8ad5-ba8583871323/1466b03e-841d-4c45-975e-c6900af67662/lora_weights.safetensors,$txc,train
1c00987a-4eb4-45ae-87c8-7c3d33db5bbd,"A foggy rural highway in the southeast USA with a high density of varied-colored sedans at street level, a red-brown pavement, and one black Ford F150 truck passing by.",f5ddba02-4295-48d9-8ad5-ba8583871323/bc6ba36c-aa02-4630-a0ea-4150b9b69e36/Synthetic/1c00987a-4eb4-45ae-87c8-7c3d33db5bbd_flux_1789424096.png,rural highways,foggy,clear,sedans,high density of vehicles,southeast USA,red-brown,one truck (Ford F150),black,varied colors,street-level,car,,s3://auto-lora/f5ddba02-4295-48d9-8ad5-ba8583871323/1466b03e-841d-4c45-975e-c6900af67662/lora_weights.safetensors,$txc,train
baf46d48-58fd-4fd1-8899-7ba109a26393,"An overhead view of rural highways in the northeast USA with a sunny but hazy weather condition, featuring a moderate number of sedans in varied colors and one black Ford F150 truck, all driving on gray pavement.",f5ddba02-4295-48d9-8ad5-ba8583871323/bc6ba36c-aa02-4630-a0ea-4150b9b69e36/Synthetic/baf46d48-58fd-4fd1-8899-7ba109a26393_flux_1789423221.png,rural highways,sunny,hazy,sedans,moderate number of vehicles,northeast USA,gray,one truck (Ford F150),black,varied colors,overhead,car,,s3://auto-lora/f5ddba02-4295-48d9-8ad5-ba8583871323/1466b03e-841d-4c45-975e-c6900af67662/lora_weights.safetensors,$txc,train
4c511518-579d-491e-89b6-5b910faa5bd5,"An urban highway in the southeast USA with a snowy, hazy environment, featuring very few vehicles of varied colors, one red Ford F150 truck, and pavement of red-brown color, viewed from street level.",f5ddba02-4295-48d9-8ad5-ba8583871323/bc6ba36c-aa02-4630-a0ea-4150b9b69e36/Synthetic/4c511518-579d-491e-89b6-5b910faa5bd5_flux_1789425000.png,urban highways,snowy,hazy,SUVs,very few vehicles,southeast USA,red-brown,one truck (Ford F150),red,varied colors,street-level,car,,s3://auto-lora/f5ddba02-4295-48d9-8ad5-ba8583871323/1466b03e-841d-4c45-975e-c6900af67662/lora_weights.safetensors,$txc,train
864c91fe-2603-4d1b-808e-7a55b394ce92,"An urban highway in the northeast USA with active snow precipitation, featuring a moderate number of buses and varied colored vehicles, one white Ford F150 truck, and gray pavement, viewed from street level with cars as the primary focus.",f5ddba02-4295-48d9-8ad5-ba8583871323/bc6ba36c-aa02-4630-a0ea-4150b9b69e36/Synthetic/864c91fe-2603-4d1b-808e-7a55b394ce92_flux_1789425247.png,urban highways,snowy,active precipitation,buses,moderate number of vehicles,northeast USA,gray,one truck (Ford F150),white,varied colors,street-level,car,,s3://auto-lora/f5ddba02-4295-48d9-8ad5-ba8583871323/1466b03e-841d-4c45-975e-c6900af67662/lora_weights.safetensors,$txc,train
b3b87790-75b1-4694-a0b8-f44acd161e56,"A sunny day on a rural highway in the southwest USA with active precipitation, high density of buses on gray pavement; one blue Ford F150 truck is present, and varied colored vehicles including a motorcycle are visible from street level.",f5ddba02-4295-48d9-8ad5-ba8583871323/bc6ba36c-aa02-4630-a0ea-4150b9b69e36/Synthetic/b3b87790-75b1-4694-a0b8-f44acd161e56_flux_1789423374.png,rural highways,sunny,active precipitation,buses,high density of vehicles,southwest USA,gray,one truck (Ford F150),blue,varied colors,street-level,motorcycle,,s3://auto-lora/f5ddba02-4295-48d9-8ad5-ba8583871323/1466b03e-841d-4c45-975e-c6900af67662/lora_weights.safetensors,$txc,train
e592db87-001e-47c9-a174-753942ac1a48,"An urban highway in the southeast USA with active snow precipitation, red-brown pavement, very few vehicles of varied colors, one white Ford F150 truck, and low visibility; a motorcycle is also visible at street level.",f5ddba02-4295-48d9-8ad5-ba8583871323/bc6ba36c-aa02-4630-a0ea-4150b9b69e36/Synthetic/e592db87-001e-47c9-a174-753942ac1a48_flux_1789424195.png,urban highways,snowy,active precipitation,buses,very few vehicles,southeast USA,red-brown,one truck (Ford F150),white,varied colors,street-level,motorcycle,,s3://auto-lora/f5ddba02-4295-48d9-8ad5-ba8583871323/1466b03e-841d-4c45-975e-c6900af67662/lora_weights.safetensors,$txc,train
5072f8a0-dc9b-4f33-8ed3-47dab6b42739,"An overhead view of a busy highway in the southwest USA with sunny and clear conditions, featuring a high density of varied colored sedans, one blue Ford F150 truck, and visible motorcycle traffic on red-brown pavement.",f5ddba02-4295-48d9-8ad5-ba8583871323/bc6ba36c-aa02-4630-a0ea-4150b9b69e36/Synthetic/5072f8a0-dc9b-4f33-8ed3-47dab6b42739_flux_1789423427.png,urban highways,sunny,clear,sedans,high density of vehicles,southwest USA,red-brown,one truck (Ford F150),blue,varied colors,overhead,motorcycle,,s3://auto-lora/f5ddba02-4295-48d9-8ad5-ba8583871323/1466b03e-841d-4c45-975e-c6900af67662/lora_weights.safetensors,$txc,train
46f10bde-0065-43e2-9c1f-c7d8824e8f55,"An urban highway in the northeast USA with a snowy, clear weather condition and red-brown pavement features a moderate number of motorcycles and one blue Ford F150 truck; vehicles display varied colors from street-level perspective, with cars being the primary objects of interest.",f5ddba02-4295-48d9-8ad5-ba8583871323/bc6ba36c-aa02-4630-a0ea-4150b9b69e36/Synthetic/46f10bde-0065-43e2-9c1f-c7d8824e8f55_flux_1789424649.png,urban highways,snowy,clear,motorcycles,moderate number of vehicles,northeast USA,red-brown,one truck (Ford F150),blue,varied colors,street-level,car,,s3://auto-lora/f5ddba02-4295-48d9-8ad5-ba8583871323/1466b03e-841d-4c45-975e-c6900af67662/lora_weights.safetensors,$txc,train
db5aaa9c-8e0e-4ecb-bb4d-4c37ce6e84f4,"A foggy rural highway in the northeast USA with active precipitation, red-brown pavement, high density of sedans, one white Ford F150 truck, and varied vehicle colors from a street-level perspective; objects of interest include a motorcycle.",f5ddba02-4295-48d9-8ad5-ba8583871323/bc6ba36c-aa02-4630-a0ea-4150b9b69e36/Synthetic/db5aaa9c-8e0e-4ecb-bb4d-4c37ce6e84f4_flux_1789422916.png,rural highways,foggy,active precipitation,sedans,high density of vehicles,northeast USA,red-brown,one truck (Ford F150),white,varied colors,street-level,motorcycle,,s3://auto-lora/f5ddba02-4295-48d9-8ad5-ba8583871323/1466b03e-841d-4c45-975e-c6900af67662/lora_weights.safetensors,$txc,train
b9962057-a004-40cf-b5e3-76d3a2619912,"An overhead view of a snowy, hazy urban highway in the southwest USA with red-brown pavement and very few vehicles, including varied colored buses and one black Ford F150 truck, stretching into the distance.",f5ddba02-4295-48d9-8ad5-ba8583871323/bc6ba36c-aa02-4630-a0ea-4150b9b69e36/Synthetic/b9962057-a004-40cf-b5e3-76d3a2619912_flux_1789423365.png,urban highways,snowy,hazy,buses,very few vehicles,southwest USA,red-brown,one truck (Ford F150),black,varied colors,overhead,car,,s3://auto-lora/f5ddba02-4295-48d9-8ad5-ba8583871323/1466b03e-841d-4c45-975e-c6900af67662/lora_weights.safetensors,$txc,train
69d656d5-7d0f-429f-8d14-8658ee4d4278,"An urban highway in the northeast USA with active snow precipitation, gray pavement, and varied colored sedans and a moderate number of vehicles including a blue Ford F150 truck; viewed from street level with a motorcycle as an object of interest.",f5ddba02-4295-48d9-8ad5-ba8583871323/bc6ba36c-aa02-4630-a0ea-4150b9b69e36/Synthetic/69d656d5-7d0f-429f-8d14-8658ee4d4278_flux_1789425877.png,urban highways,snowy,active precipitation,sedans,moderate number of vehicles,northeast USA,gray,one truck (Ford F150),blue,varied colors,street-level,motorcycle,,s3://auto-lora/f5ddba02-4295-48d9-8ad5-ba8583871323/1466b03e-841d-4c45-975e-c6900af67662/lora_weights.safetensors,$txc,train
5ffa5fb8-4b8b-44e5-8472-f455286aff16,"A foggy rural highway in the southeast USA with active precipitation, showing red-brown pavement and very few vehicles, including one gray Ford F150 truck, while other vehicles have varied colors, viewed from street level with focus on a car.",f5ddba02-4295-48d9-8ad5-ba8583871323/bc6ba36c-aa02-4630-a0ea-4150b9b69e36/Synthetic/5ffa5fb8-4b8b-44e5-8472-f455286aff16_flux_1789425951.png,rural highways,foggy,active precipitation,trucks (Ford F150),very few vehicles,southeast USA,red-brown,one truck (Ford F150),gray,varied colors,street-level,car,,s3://auto-lora/f5ddba02-4295-48d9-8ad5-ba8583871323/1466b03e-841d-4c45-975e-c6900af67662/lora_weights.safetensors,$txc,train
2884eca6-f975-42fb-b156-8f717cd463c1,"An urban highway in the northeast USA with foggy weather and clear visibility, featuring a high density of SUVs in varied colors, one blue Ford F150 truck, and gray pavement from a street-level perspective; objects of interest include a motorcycle.",f5ddba02-4295-48d9-8ad5-ba8583871323/bc6ba36c-aa02-4630-a0ea-4150b9b69e36/Synthetic/2884eca6-f975-42fb-b156-8f717cd463c1_flux_1789424596.png,urban highways,foggy,clear,SUVs,high density of vehicles,northeast USA,gray,one truck (Ford F150),blue,varied colors,street-level,motorcycle,,s3://auto-lora/f5ddba02-4295-48d9-8ad5-ba8583871323/1466b03e-841d-4c45-975e-c6900af67662/lora_weights.safetensors,$txc,train
86a4a8ff-b63f-467b-81e9-3a2b636ca130,"An overhead view of rural highways in the northeast USA with sunny, clear weather, featuring a high density of vehicles including varied colored cars and one gray Ford F150 truck, set against a backdrop of red-brown pavement.",f5ddba02-4295-48d9-8ad5-ba8583871323/bc6ba36c-aa02-4630-a0ea-4150b9b69e36/Synthetic/86a4a8ff-b63f-467b-81e9-3a2b636ca130_flux_1789422991.png,rural highways,sunny,clear,trucks (Ford F150),high density of vehicles,northeast USA,red-brown,one truck (Ford F150),gray,varied colors,overhead,car,,s3://auto-lora/f5ddba02-4295-48d9-8ad5-ba8583871323/1466b03e-841d-4c45-975e-c6900af67662/lora_weights.safetensors,$txc,train
c934be37-7d94-4819-ad27-5db10cd70ef1,"An overhead view of a rural highway in the northeast USA with a sunny weather condition and active precipitation, featuring a red-brown pavement, very few vehicles including one blue Ford F150 truck, and a motorcycle present in the scene.",f5ddba02-4295-48d9-8ad5-ba8583871323/bc6ba36c-aa02-4630-a0ea-4150b9b69e36/Synthetic/c934be37-7d94-4819-ad27-5db10cd70ef1_flux_1789422895.png,rural highways,sunny,active precipitation,trucks (Ford F150),very few vehicles,northeast USA,red-brown,one truck (Ford F150),blue,varied colors,overhead,motorcycle,,s3://auto-lora/f5ddba02-4295-48d9-8ad5-ba8583871323/1466b03e-841d-4c45-975e-c6900af67662/lora_weights.safetensors,$txc,train
5803f501-a275-43e0-869a-48aeb11a3ff8,"A foggy rural highway in the northeast USA with a hazy visibility, gray pavement, high density of motorcycles in varied colors, one black Ford F150 truck, and a bus as the primary object of interest, viewed from street level.",f5ddba02-4295-48d9-8ad5-ba8583871323/bc6ba36c-aa02-4630-a0ea-4150b9b69e36/Synthetic/5803f501-a275-43e0-869a-48aeb11a3ff8_flux_1789425906.png,rural highways,foggy,hazy,motorcycles,high density of vehicles,northeast USA,gray,one truck (Ford F150),black,varied colors,street-level,bus,,s3://auto-lora/f5ddba02-4295-48d9-8ad5-ba8583871323/1466b03e-841d-4c45-975e-c6900af67662/lora_weights.safetensors,$txc,train
abbb9c4d-16dc-432b-b741-c10d398f2c2e,"An overhead view of an urban highway in the northeast USA with sunny and clear weather, featuring very few vehicles of varied colors and one red Ford F150 truck, where the primary interest is a bus present on the gray pavement.",f5ddba02-4295-48d9-8ad5-ba8583871323/bc6ba36c-aa02-4630-a0ea-4150b9b69e36/Synthetic/abbb9c4d-16dc-432b-b741-c10d398f2c2e_flux_1789423299.png,urban highways,sunny,clear,motorcycles,very few vehicles,northeast USA,gray,one truck (Ford F150),red,varied colors,overhead,bus,,s3://auto-lora/f5ddba02-4295-48d9-8ad5-ba8583871323/1466b03e-841d-4c45-975e-c6900af67662/lora_weights.safetensors,$txc,train
4a9699fd-11fe-4f68-beee-8586fe8f3dcb,"An overhead view of an urban highway in the northeast USA with sunny weather and active precipitation, featuring a moderate number of vehicles including varied colored cars and one blue Ford F150 truck, set against a gray pavement, with a motorcycle also visible.",f5ddba02-4295-48d9-8ad5-ba8583871323/bc6ba36c-aa02-4630-a0ea-4150b9b69e36/Synthetic/4a9699fd-11fe-4f68-beee-8586fe8f3dcb_flux_1789425828.png,urban highways,sunny,active precipitation,trucks (Ford F150),moderate number of vehicles,northeast USA,gray,one truck (Ford F150),blue,varied colors,overhead,motorcycle,,s3://auto-lora/f5ddba02-4295-48d9-8ad5-ba8583871323/1466b03e-841d-4c45-975e-c6900af67662/lora_weights.safetensors,$txc,train
53cdcd0f-c17a-434b-b9d0-3528a46aff46,"An urban highway in the northeast USA with a foggy weather condition and hazy visibility, featuring a street-level view of moderate number of SUVs with varied colors and one gray Ford F150 truck.",f5ddba02-4295-48d9-8ad5-ba8583871323/bc6ba36c-aa02-4630-a0ea-4150b9b69e36/Synthetic/53cdcd0f-c17a-434b-b9d0-3528a46aff46_flux_1789424612.png,urban highways,foggy,hazy,SUVs,moderate number of vehicles,northeast USA,red-brown,one truck (Ford F150),gray,varied colors,street-level,truck,,s3://auto-lora/f5ddba02-4295-48d9-8ad5-ba8583871323/1466b03e-841d-4c45-975e-c6900af67662/lora_weights.safetensors,$txc,train
e9d212f1-4d74-49f8-b3aa-7943476db93f,"An overhead view of rural highways in the southwest USA with a foggy, hazy weather condition, featuring a moderate number of SUVs in varied colors and one blue Ford F150 truck, all against a backdrop of red-brown pavement.",f5ddba02-4295-48d9-8ad5-ba8583871323/bc6ba36c-aa02-4630-a0ea-4150b9b69e36/Synthetic/e9d212f1-4d74-49f8-b3aa-7943476db93f_flux_1789423894.png,rural highways,foggy,hazy,SUVs,moderate number of vehicles,southwest USA,red-brown,one truck (Ford F150),blue,varied colors,overhead,car,,s3://auto-lora/f5ddba02-4295-48d9-8ad5-ba8583871323/1466b03e-841d-4c45-975e-c6900af67662/lora_weights.safetensors,$txc,train
4f0b2199-5597-42fe-abda-54e0934ea612,"An overhead view of a rural highway in the southwest USA with sunny and clear conditions, featuring very few vehicles and a red Ford F150 truck; the pavement is red-brown and the buses and other vehicles have varied colors.",f5ddba02-4295-48d9-8ad5-ba8583871323/bc6ba36c-aa02-4630-a0ea-4150b9b69e36/Synthetic/4f0b2199-5597-42fe-abda-54e0934ea612_flux_1789425573.png,rural highways,sunny,clear,buses,very few vehicles,southwest USA,red-brown,one truck (Ford F150),red,varied colors,overhead,truck,,s3://auto-lora/f5ddba02-4295-48d9-8ad5-ba8583871323/1466b03e-841d-4c45-975e-c6900af67662/lora_weights.safetensors,$txc,train
afdcd719-b5e5-4d81-af0e-00da4dc84727,"A foggy street-level view on an urban highway in the northeast USA with active precipitation, featuring a moderate number of vehicles and one black Ford F150 truck on a gray pavement.",f5ddba02-4295-48d9-8ad5-ba8583871323/bc6ba36c-aa02-4630-a0ea-4150b9b69e36/Synthetic/afdcd719-b5e5-4d81-af0e-00da4dc84727_flux_1789423123.png,urban highways,foggy,active precipitation,trucks (Ford F150),moderate number of vehicles,northeast USA,gray,one truck (Ford F150),black,varied colors,street-level,truck,,s3://auto-lora/f5ddba02-4295-48d9-8ad5-ba8583871323/1466b03e-841d-4c45-975e-c6900af67662/lora_weights.safetensors,$txc,train
8a00c722-5566-4215-8d0b-5ed98bd12503,"A foggy rural highway in the southwest USA with active precipitation, gray pavement, and high density of buses; one red Ford F150 truck is present, and varied colored motorcycles are also visible from street-level.",f5ddba02-4295-48d9-8ad5-ba8583871323/bc6ba36c-aa02-4630-a0ea-4150b9b69e36/Synthetic/8a00c722-5566-4215-8d0b-5ed98bd12503_flux_1789426046.png,rural highways,foggy,active precipitation,buses,high density of vehicles,southwest USA,gray,one truck (Ford F150),red,varied colors,street-level,motorcycle,,s3://auto-lora/f5ddba02-4295-48d9-8ad5-ba8583871323/1466b03e-841d-4c45-975e-c6900af67662/lora_weights.safetensors,$txc,train
c8090c3d-9b31-41ac-9423-d2234453c6af,"An urban highway in the southwest USA with a sunny and clear sky, featuring gray pavement and very few vehicles of varied colors; a street-level view includes one black Ford F150 truck.",f5ddba02-4295-48d9-8ad5-ba8583871323/bc6ba36c-aa02-4630-a0ea-4150b9b69e36/Synthetic/c8090c3d-9b31-41ac-9423-d2234453c6af_flux_1789426775.png,urban highways,sunny,clear,SUVs,very few vehicles,southwest USA,gray,one truck (Ford F150),black,varied colors,street-level,truck,,s3://auto-lora/f5ddba02-4295-48d9-8ad5-ba8583871323/1466b03e-841d-4c45-975e-c6900af67662/lora_weights.safetensors,$txc,train
ae6216c0-e689-4dae-9c52-9de408a78008,"An overhead view of rural highways in the northeast USA with a sunny but hazy weather condition, featuring a moderate number of vehicles including varied colored cars and one blue Ford F150 truck on gray pavement.",f5ddba02-4295-48d9-8ad5-ba8583871323/bc6ba36c-aa02-4630-a0ea-4150b9b69e36/Synthetic/ae6216c0-e689-4dae-9c52-9de408a78008_flux_1789425308.png,rural highways,sunny,hazy,trucks (Ford F150),moderate number of vehicles,northeast USA,gray,one truck (Ford F150),blue,varied colors,overhead,car,,s3://auto-lora/f5ddba02-4295-48d9-8ad5-ba8583871323/1466b03e-841d-4c45-975e-c6900af67662/lora_weights.safetensors,$txc,train
e5e77252-7c35-4368-8e3c-8a86cd3af8cd,"An overhead view of a rural highway in the southeast USA with a sunny, clear sky, gray pavement, and very few vehicles of varied colors passing by; one blue Ford F150 truck is also visible.",f5ddba02-4295-48d9-8ad5-ba8583871323/bc6ba36c-aa02-4630-a0ea-4150b9b69e36/Synthetic/e5e77252-7c35-4368-8e3c-8a86cd3af8cd_flux_1789423494.png,rural highways,sunny,clear,SUVs,very few vehicles,southeast USA,gray,one truck (Ford F150),blue,varied colors,overhead,car,,s3://auto-lora/f5ddba02-4295-48d9-8ad5-ba8583871323/1466b03e-841d-4c45-975e-c6900af67662/lora_weights.safetensors,$txc,train
5d6faa52-f0b6-4c2f-ba25-a3c8dc2832e7,"An urban highway in the northeast USA with a street-level view during sunny, clear weather; very few varied-colored SUVs are present, and one red Ford F150 truck is visible, set against a red-brown pavement.",f5ddba02-4295-48d9-8ad5-ba8583871323/bc6ba36c-aa02-4630-a0ea-4150b9b69e36/Synthetic/5d6faa52-f0b6-4c2f-ba25-a3c8dc2832e7_flux_1789425569.png,urban highways,sunny,clear,SUVs,very few vehicles,northeast USA,red-brown,one truck (Ford F150),red,varied colors,street-level,car,,s3://auto-lora/f5ddba02-4295-48d9-8ad5-ba8583871323/1466b03e-841d-4c45-975e-c6900af67662/lora_weights.safetensors,$txc,train
ffdf572a-1103-4ecf-8f56-977c3bd7b56e,"An overhead view of a rural highway in the southeast USA with a foggy, hazy weather condition, featuring a moderate number of motorcycles in varied colors and one black Ford F150 truck, the pavement is red-brown.",f5ddba02-4295-48d9-8ad5-ba8583871323/bc6ba36c-aa02-4630-a0ea-4150b9b69e36/Synthetic/ffdf572a-1103-4ecf-8f56-977c3bd7b56e_flux_1789423769.png,rural highways,foggy,hazy,motorcycles,moderate number of vehicles,southeast USA,red-brown,one truck (Ford F150),black,varied colors,overhead,motorcycle,,s3://auto-lora/f5ddba02-4295-48d9-8ad5-ba8583871323/1466b03e-841d-4c45-975e-c6900af67662/lora_weights.safetensors,$txc,train
bf1eb16e-50d2-4557-8c28-01ca5d989eca,An overhead view of rural highways in the southwest USA with a high density of SUVs and foggy weather conditions offering clear visibility; the pavement is gray and a blue Ford F150 truck is present among the varied colored vehicles.,f5ddba02-4295-48d9-8ad5-ba8583871323/bc6ba36c-aa02-4630-a0ea-4150b9b69e36/Synthetic/bf1eb16e-50d2-4557-8c28-01ca5d989eca_flux_1789423675.png,rural highways,foggy,clear,SUVs,high density of vehicles,southwest USA,gray,one truck (Ford F150),blue,varied colors,overhead,truck,,s3://auto-lora/f5ddba02-4295-48d9-8ad5-ba8583871323/1466b03e-841d-4c45-975e-c6900af67662/lora_weights.safetensors,$txc,train
2cf0cb11-defe-4333-a6ce-dc61eb05b694,"A rural highway in the southeast USA with a high density of vehicles, predominantly trucks like a white Ford F150, under sunny conditions but active precipitation, viewed from street level, featuring varied vehicle colors on a red-brown pavement.",f5ddba02-4295-48d9-8ad5-ba8583871323/bc6ba36c-aa02-4630-a0ea-4150b9b69e36/Synthetic/2cf0cb11-defe-4333-a6ce-dc61eb05b694_flux_1789426417.png,rural highways,sunny,active precipitation,trucks (Ford F150),high density of vehicles,southeast USA,red-brown,one truck (Ford F150),white,varied colors,street-level,car,,s3://auto-lora/f5ddba02-4295-48d9-8ad5-ba8583871323/1466b03e-841d-4c45-975e-c6900af67662/lora_weights.safetensors,$txc,train
701d4b70-560e-4597-9cf7-2d8ea47d7f17,"An overhead view of a hazy, sunny urban highway in the northeast USA with gray pavement and very few vehicles, featuring one red Ford F150 truck and a bus as objects of interest.",f5ddba02-4295-48d9-8ad5-ba8583871323/bc6ba36c-aa02-4630-a0ea-4150b9b69e36/Synthetic/701d4b70-560e-4597-9cf7-2d8ea47d7f17_flux_1789426499.png,urban highways,sunny,hazy,trucks (Ford F150),very few vehicles,northeast USA,gray,one truck (Ford F150),red,varied colors,overhead,bus,,s3://auto-lora/f5ddba02-4295-48d9-8ad5-ba8583871323/1466b03e-841d-4c45-975e-c6900af67662/lora_weights.safetensors,$txc,train
ca706495-2361-4b23-88ed-7dbc6a65a1a1,An overhead view of an urban highway in the southeast USA during rainy weather with clear visibility and a moderate number of sedans; one white Ford F150 truck is also visible on the gray pavement among the varied vehicle colors.,f5ddba02-4295-48d9-8ad5-ba8583871323/bc6ba36c-aa02-4630-a0ea-4150b9b69e36/Synthetic/ca706495-2361-4b23-88ed-7dbc6a65a1a1_flux_1789425721.png,urban highways,rainy,clear,sedans,moderate number of vehicles,southeast USA,gray,one truck (Ford F150),white,varied colors,overhead,truck,,s3://auto-lora/f5ddba02-4295-48d9-8ad5-ba8583871323/1466b03e-841d-4c45-975e-c6900af67662/lora_weights.safetensors,$txc,train
e8658cc8-6fda-4187-8687-011130ff564d,"A rural highway in the southeast USA with gray pavement and high density of SUVs, a rainy weather condition offering clear visibility, one red Ford F150 truck, and varied vehicle colors from a street-level angle, with a motorcycle as an object of interest.",f5ddba02-4295-48d9-8ad5-ba8583871323/bc6ba36c-aa02-4630-a0ea-4150b9b69e36/Synthetic/e8658cc8-6fda-4187-8687-011130ff564d_flux_1789424042.png,rural highways,rainy,clear,SUVs,high density of vehicles,southeast USA,gray,one truck (Ford F150),red,varied colors,street-level,motorcycle,,s3://auto-lora/f5ddba02-4295-48d9-8ad5-ba8583871323/1466b03e-841d-4c45-975e-c6900af67662/lora_weights.safetensors,$txc,train
5b9242d1-6bcf-48c4-aff9-5cb6102f84f0,"An overhead view of a snowy, hazy urban highway in the southwest USA with a high density of vehicles and one gray Ford F150 truck, the pavement is red-brown and there are variously colored cars present.",f5ddba02-4295-48d9-8ad5-ba8583871323/bc6ba36c-aa02-4630-a0ea-4150b9b69e36/Synthetic/5b9242d1-6bcf-48c4-aff9-5cb6102f84f0_flux_1789426120.png,urban highways,snowy,hazy,trucks (Ford F150),high density of vehicles,southwest USA,red-brown,one truck (Ford F150),gray,varied colors,overhead,car,,s3://auto-lora/f5ddba02-4295-48d9-8ad5-ba8583871323/1466b03e-841d-4c45-975e-c6900af67662/lora_weights.safetensors,$txc,train
cd3fb518-eab6-4f9b-9c36-f187e1d0ec1b,"An overhead view of a rural highway in the southwest USA with a foggy, hazy weather condition, featuring very few motorcycles of varied colors and one black Ford F150 truck, where the pavement has a red-brown color and a car is the primary object of interest.",f5ddba02-4295-48d9-8ad5-ba8583871323/bc6ba36c-aa02-4630-a0ea-4150b9b69e36/Synthetic/cd3fb518-eab6-4f9b-9c36-f187e1d0ec1b_flux_1789422925.png,rural highways,foggy,hazy,motorcycles,very few vehicles,southwest USA,red-brown,one truck (Ford F150),black,varied colors,overhead,car,,s3://auto-lora/f5ddba02-4295-48d9-8ad5-ba8583871323/1466b03e-841d-4c45-975e-c6900af67662/lora_weights.safetensors,$txc,train
0dc798ed-fd37-4a71-a45b-a22e90eb1a15,"A rural highway in the southeast USA with a high density of sedans and varied vehicle colors, sunny but hazy weather, gray pavement, and one white Ford F150 truck passing by from street level.",f5ddba02-4295-48d9-8ad5-ba8583871323/bc6ba36c-aa02-4630-a0ea-4150b9b69e36/Synthetic/0dc798ed-fd37-4a71-a45b-a22e90eb1a15_flux_1789423217.png,rural highways,sunny,hazy,sedans,high density of vehicles,southeast USA,gray,one truck (Ford F150),white,varied colors,street-level,car,,s3://auto-lora/f5ddba02-4295-48d9-8ad5-ba8583871323/1466b03e-841d-4c45-975e-c6900af67662/lora_weights.safetensors,$txc,train
4ecc6cbf-5dbe-4788-b7c6-cc96fbc88a63,"An overhead view of a rural highway in the southwest USA with a snowy, hazy environment; the pavement is red-brown and there is one gray Ford F150 truck among very few vehicles of varied colors, with a bus also present as an object of interest.",f5ddba02-4295-48d9-8ad5-ba8583871323/bc6ba36c-aa02-4630-a0ea-4150b9b69e36/Synthetic/4ecc6cbf-5dbe-4788-b7c6-cc96fbc88a63_flux_1789425021.png,rural highways,snowy,hazy,trucks (Ford F150),very few vehicles,southwest USA,red-brown,one truck (Ford F150),gray,varied colors,overhead,bus,,s3://auto-lora/f5ddba02-4295-48d9-8ad5-ba8583871323/1466b03e-841d-4c45-975e-c6900af67662/lora_weights.safetensors,$txc,train
c5eccb43-ead3-475d-a77f-d29760324e3e,"A foggy rural highway in the northeast USA with active precipitation, featuring a high density of buses and varied colored vehicles from street level, including one gray Ford F150 truck, and red-brown pavement.",f5ddba02-4295-48d9-8ad5-ba8583871323/bc6ba36c-aa02-4630-a0ea-4150b9b69e36/Synthetic/c5eccb43-ead3-475d-a77f-d29760324e3e_flux_1789425403.png,rural highways,foggy,active precipitation,buses,high density of vehicles,northeast USA,red-brown,one truck (Ford F150),gray,varied colors,street-level,car,,s3://auto-lora/f5ddba02-4295-48d9-8ad5-ba8583871323/1466b03e-841d-4c45-975e-c6900af67662/lora_weights.safetensors,$txc,train
0d7451ee-1bac-445e-97eb-ef7215ac4af4,"A rural highway in the southeast USA with sunny and clear weather, featuring a high density of motorcycles in varied colors and one gray Ford F150 truck at street level on a red-brown pavement.",f5ddba02-4295-48d9-8ad5-ba8583871323/bc6ba36c-aa02-4630-a0ea-4150b9b69e36/Synthetic/0d7451ee-1bac-445e-97eb-ef7215ac4af4_flux_1789424158.png,rural highways,sunny,clear,motorcycles,high density of vehicles,southeast USA,red-brown,one truck (Ford F150),gray,varied colors,street-level,truck,,s3://auto-lora/f5ddba02-4295-48d9-8ad5-ba8583871323/1466b03e-841d-4c45-975e-c6900af67662/lora_weights.safetensors,$txc,train
790c65bd-3bb6-413b-bd08-7ed3913731d4,"An urban highway in the southeast USA with a snowy, hazy environment, featuring gray pavement and very few vehicles of varied colors, including one red Ford F150 truck; a street-level view also shows a bus as an object of interest.",f5ddba02-4295-48d9-8ad5-ba8583871323/bc6ba36c-aa02-4630-a0ea-4150b9b69e36/Synthetic/790c65bd-3bb6-413b-bd08-7ed3913731d4_flux_1789424555.png,urban highways,snowy,hazy,motorcycles,very few vehicles,southeast USA,gray,one truck (Ford F150),red,varied colors,street-level,bus,,s3://auto-lora/f5ddba02-4295-48d9-8ad5-ba8583871323/1466b03e-841d-4c45-975e-c6900af67662/lora_weights.safetensors,$txc,train
7b7d1251-502d-4a1f-850e-a403695f534c,"An overhead view of a snowy, hazy urban highway in the southwest USA with red-brown pavement and very few vehicles, featuring one white Ford F150 truck and a motorcycle as objects of interest.",f5ddba02-4295-48d9-8ad5-ba8583871323/bc6ba36c-aa02-4630-a0ea-4150b9b69e36/Synthetic/7b7d1251-502d-4a1f-850e-a403695f534c_flux_1789423518.png,urban highways,snowy,hazy,trucks (Ford F150),very few vehicles,southwest USA,red-brown,one truck (Ford F150),white,varied colors,overhead,motorcycle,,s3://auto-lora/f5ddba02-4295-48d9-8ad5-ba8583871323/1466b03e-841d-4c45-975e-c6900af67662/lora_weights.safetensors,$txc,train
9fa6a89e-aecb-4a9c-9d18-c64288a08bc9,"An overhead view of a snowy urban highway in the southwest USA with clear visibility and a moderate number of motorcycles of varied colors, one red Ford F150 truck, and a bus present on the gray pavement.",f5ddba02-4295-48d9-8ad5-ba8583871323/bc6ba36c-aa02-4630-a0ea-4150b9b69e36/Synthetic/9fa6a89e-aecb-4a9c-9d18-c64288a08bc9_flux_1789424021.png,urban highways,snowy,clear,motorcycles,moderate number of vehicles,southwest USA,gray,one truck (Ford F150),red,varied colors,overhead,bus,,s3://auto-lora/f5ddba02-4295-48d9-8ad5-ba8583871323/1466b03e-841d-4c45-975e-c6900af67662/lora_weights.safetensors,$txc,train
6951b3b2-ef03-413d-9fbf-2d8492880515,"A rural highway in the southwest USA with a red-brown pavement, sunny weather and active precipitation, features a moderate number of varied-colored SUVs and one red Ford F150 truck, viewed from street level, where a motorcycle is the object of interest.",f5ddba02-4295-48d9-8ad5-ba8583871323/bc6ba36c-aa02-4630-a0ea-4150b9b69e36/Synthetic/6951b3b2-ef03-413d-9fbf-2d8492880515_flux_1789423069.png,rural highways,sunny,active precipitation,SUVs,moderate number of vehicles,southwest USA,red-brown,one truck (Ford F150),red,varied colors,street-level,motorcycle,,s3://auto-lora/f5ddba02-4295-48d9-8ad5-ba8583871323/1466b03e-841d-4c45-975e-c6900af67662/lora_weights.safetensors,$txc,train
45e702f6-8f2f-46d5-bd12-d2e583bc444b,"An overhead view of a rainy, hazy urban highway in the southwest USA with a moderate number of vehicles and one gray Ford F150 truck on red-brown pavement; various colored vehicles are present and an object of interest, a motorcycle, is visible.",f5ddba02-4295-48d9-8ad5-ba8583871323/bc6ba36c-aa02-4630-a0ea-4150b9b69e36/Synthetic/45e702f6-8f2f-46d5-bd12-d2e583bc444b_flux_1789423147.png,urban highways,rainy,hazy,trucks (Ford F150),moderate number of vehicles,southwest USA,red-brown,one truck (Ford F150),gray,varied colors,overhead,motorcycle,,s3://auto-lora/f5ddba02-4295-48d9-8ad5-ba8583871323/1466b03e-841d-4c45-975e-c6900af67662/lora_weights.safetensors,$txc,train
6fbdbe00-f949-4094-9b19-9b681f7e0c81,"An overhead view of a sunny, clear urban highway in the southwest USA with a high density of varied-colored sedans and one red Ford F150 truck, where the pavement is gray and motorcycles are present.",f5ddba02-4295-48d9-8ad5-ba8583871323/bc6ba36c-aa02-4630-a0ea-4150b9b69e36/Synthetic/6fbdbe00-f949-4094-9b19-9b681f7e0c81_flux_1789426565.png,urban highways,sunny,clear,sedans,high density of vehicles,southwest USA,gray,one truck (Ford F150),red,varied colors,overhead,motorcycle,,s3://auto-lora/f5ddba02-4295-48d9-8ad5-ba8583871323/1466b03e-841d-4c45-975e-c6900af67662/lora_weights.safetensors,$txc,train
f7c6b80d-1ecb-490d-86bd-88bc20823744,"A rural highway in the southeast USA with red-brown pavement and foggy, hazy weather conditions shows very few vehicles, including varied colored buses and one white Ford F150 truck, viewed from street level.",f5ddba02-4295-48d9-8ad5-ba8583871323/bc6ba36c-aa02-4630-a0ea-4150b9b69e36/Synthetic/f7c6b80d-1ecb-490d-86bd-88bc20823744_flux_1789423340.png,rural highways,foggy,hazy,buses,very few vehicles,southeast USA,red-brown,one truck (Ford F150),white,varied colors,street-level,bus,,s3://auto-lora/f5ddba02-4295-48d9-8ad5-ba8583871323/1466b03e-841d-4c45-975e-c6900af67662/lora_weights.safetensors,$txc,train
cf92052f-cae0-4297-9c46-8a6eee18d5eb,"An urban highway in the southwest USA with sunny weather and active precipitation, featuring a street-level view of a moderate number of varied-colored SUVs and one white Ford F150 truck, where the pavement is gray and the primary objects of interest are a bus moving along the road.",f5ddba02-4295-48d9-8ad5-ba8583871323/bc6ba36c-aa02-4630-a0ea-4150b9b69e36/Synthetic/cf92052f-cae0-4297-9c46-8a6eee18d5eb_flux_1789426552.png,urban highways,sunny,active precipitation,SUVs,moderate number of vehicles,southwest USA,gray,one truck (Ford F150),white,varied colors,street-level,bus,,s3://auto-lora/f5ddba02-4295-48d9-8ad5-ba8583871323/1466b03e-841d-4c45-975e-c6900af67662/lora_weights.safetensors,$txc,train
15f3d5cc-9e5c-4d98-a488-e8dc3d062cbf,"An overhead view of a snowy rural highway in the northeast USA with active precipitation, gray pavement, very few varied-colored sedans, one black Ford F150 truck, and a motorcycle present.",f5ddba02-4295-48d9-8ad5-ba8583871323/bc6ba36c-aa02-4630-a0ea-4150b9b69e36/Synthetic/15f3d5cc-9e5c-4d98-a488-e8dc3d062cbf_flux_1789426182.png,rural highways,snowy,active precipitation,sedans,very few vehicles,northeast USA,gray,one truck (Ford F150),black,varied colors,overhead,motorcycle,,s3://auto-lora/f5ddba02-4295-48d9-8ad5-ba8583871323/1466b03e-841d-4c45-975e-c6900af67662/lora_weights.safetensors,$txc,train
b1326ae8-bd20-473f-af68-fc5553a45c82,"A rural highway in the southeast USA with a high density of SUVs and hazy visibility due to rainy weather, featuring a red-brown pavement, one black Ford F150 truck, and varied vehicle colors, viewed from street level with a motorcycle as an object of interest.",f5ddba02-4295-48d9-8ad5-ba8583871323/bc6ba36c-aa02-4630-a0ea-4150b9b69e36/Synthetic/b1326ae8-bd20-473f-af68-fc5553a45c82_flux_1789426326.png,rural highways,rainy,hazy,SUVs,high density of vehicles,southeast USA,red-brown,one truck (Ford F150),black,varied colors,street-level,motorcycle,,s3://auto-lora/f5ddba02-4295-48d9-8ad5-ba8583871323/1466b03e-841d-4c45-975e-c6900af67662/lora_weights.safetensors,$txc,train
b22ba90e-2f9f-43ff-bb88-3d1f75b7033a,"An overhead view of an urban highway in the southeast USA during rainy weather with active precipitation, featuring a moderate number of buses and one white Ford F150 truck on a gray pavement, where vehicles display varied colors and visibility is affected by the rain.",f5ddba02-4295-48d9-8ad5-ba8583871323/bc6ba36c-aa02-4630-a0ea-4150b9b69e36/Synthetic/b22ba90e-2f9f-43ff-bb88-3d1f75b7033a_flux_1789426758.png,urban highways,rainy,active precipitation,buses,moderate number of vehicles,southeast USA,gray,one truck (Ford F150),white,varied colors,overhead,bus,,s3://auto-lora/f5ddba02-4295-48d9-8ad5-ba8583871323/1466b03e-841d-4c45-975e-c6900af67662/lora_weights.safetensors,$txc,train
5986f7a6-efa3-42a7-8e19-8ffd5632f197,"A sunny day with active precipitation on rural highways in the southwest USA, the gray pavement is nearly empty except for a red Ford F150 truck at street level.",f5ddba02-4295-48d9-8ad5-ba8583871323/bc6ba36c-aa02-4630-a0ea-4150b9b69e36/Synthetic/5986f7a6-efa3-42a7-8e19-8ffd5632f197_flux_1789426462.png,rural highways,sunny,active precipitation,motorcycles,very few vehicles,southwest USA,gray,one truck (Ford F150),red,varied colors,street-level,truck,,s3://auto-lora/f5ddba02-4295-48d9-8ad5-ba8583871323/1466b03e-841d-4c45-975e-c6900af67662/lora_weights.safetensors,$txc,train
0647fe77-c8eb-48c7-b911-3a1d9293772a,"A rural highway in the southeast USA with a snowy but clear environment, featuring a moderate number of buses and one black Ford F150 truck, all moving along a red-brown pavement from street level, with varied bus colors as the primary objects of interest.",f5ddba02-4295-48d9-8ad5-ba8583871323/bc6ba36c-aa02-4630-a0ea-4150b9b69e36/Synthetic/0647fe77-c8eb-48c7-b911-3a1d9293772a_flux_1789424645.png,rural highways,snowy,clear,buses,moderate number of vehicles,southeast USA,red-brown,one truck (Ford F150),black,varied colors,street-level,bus,,s3://auto-lora/f5ddba02-4295-48d9-8ad5-ba8583871323/1466b03e-841d-4c45-975e-c6900af67662/lora_weights.safetensors,$txc,train
74f7b90f-6ddb-43b0-b63a-5067e97e31ea,"An urban highway in the northeast USA with gray pavement, foggy weather and active precipitation, has very few sedans passing by; one red Ford F150 truck is also present, and a motorcycle is the primary object of interest from a street-level view.",f5ddba02-4295-48d9-8ad5-ba8583871323/bc6ba36c-aa02-4630-a0ea-4150b9b69e36/Synthetic/74f7b90f-6ddb-43b0-b63a-5067e97e31ea_flux_1789426318.png,urban highways,foggy,active precipitation,sedans,very few vehicles,northeast USA,gray,one truck (Ford F150),red,varied colors,street-level,motorcycle,,s3://auto-lora/f5ddba02-4295-48d9-8ad5-ba8583871323/1466b03e-841d-4c45-975e-c6900af67662/lora_weights.safetensors,$txc,train
dfc7cb2c-caee-4969-9a99-0f582ec2553d,"An overhead view of a rural highway in the northeast USA with foggy weather and hazy visibility, featuring a moderate number of vehicles including varied colored cars and one white Ford F150 truck, and a motorcycle present.",f5ddba02-4295-48d9-8ad5-ba8583871323/bc6ba36c-aa02-4630-a0ea-4150b9b69e36/Synthetic/dfc7cb2c-caee-4969-9a99-0f582ec2553d_flux_1789425255.png,rural highways,foggy,hazy,trucks (Ford F150),moderate number of vehicles,northeast USA,gray,one truck (Ford F150),white,varied colors,overhead,motorcycle,,s3://auto-lora/f5ddba02-4295-48d9-8ad5-ba8583871323/1466b03e-841d-4c45-975e-c6900af67662/lora_weights.safetensors,$txc,train
58ebf6b9-d5df-4d84-8995-5e43d11eb099,"A foggy rural highway in the southeast USA with a high density of varied-colored sedans and one gray Ford F150 truck, all visible from street-level, on a gray pavement.",f5ddba02-4295-48d9-8ad5-ba8583871323/bc6ba36c-aa02-4630-a0ea-4150b9b69e36/Synthetic/58ebf6b9-d5df-4d84-8995-5e43d11eb099_flux_1789425049.png,rural highways,foggy,clear,sedans,high density of vehicles,southeast USA,gray,one truck (Ford F150),gray,varied colors,street-level,truck,,s3://auto-lora/f5ddba02-4295-48d9-8ad5-ba8583871323/1466b03e-841d-4c45-975e-c6900af67662/lora_weights.safetensors,$txc,train
2b2cc864-a108-4b9b-a98f-541bf677d8d8,"A rural highway in the southeast USA with snowy weather and clear visibility features a street-level view of a high density of vehicles, predominantly trucks including one white Ford F150, and variously colored cars, motorcycles also present as an object of interest, all on a gray pavement.",f5ddba02-4295-48d9-8ad5-ba8583871323/bc6ba36c-aa02-4630-a0ea-4150b9b69e36/Synthetic/2b2cc864-a108-4b9b-a98f-541bf677d8d8_flux_1789422747.png,rural highways,snowy,clear,trucks (Ford F150),high density of vehicles,southeast USA,gray,one truck (Ford F150),white,varied colors,street-level,motorcycle,,s3://auto-lora/f5ddba02-4295-48d9-8ad5-ba8583871323/1466b03e-841d-4c45-975e-c6900af67662/lora_weights.safetensors,$txc,train
a055772d-5848-4fe6-8a30-9f1fcba87ef0,"An overhead view of a snowy rural highway in the northeast USA with active precipitation, featuring a high density of buses and a blue Ford F150 truck, where the pavement is red-brown and motorcycles are present among varied vehicle colors.",f5ddba02-4295-48d9-8ad5-ba8583871323/bc6ba36c-aa02-4630-a0ea-4150b9b69e36/Synthetic/a055772d-5848-4fe6-8a30-9f1fcba87ef0_flux_1789426001.png,rural highways,snowy,active precipitation,buses,high density of vehicles,northeast USA,red-brown,one truck (Ford F150),blue,varied colors,overhead,motorcycle,,s3://auto-lora/f5ddba02-4295-48d9-8ad5-ba8583871323/1466b03e-841d-4c45-975e-c6900af67662/lora_weights.safetensors,$txc,train
d5f3f9f0-0cd2-45c6-a0db-71c586bbc37b,"An overhead view of rural highways in the southwest USA with active snowy weather and moderate number of vehicles including buses and varied colored cars, one white Ford F150 truck, and a motorcycle visible on the red-brown pavement.",f5ddba02-4295-48d9-8ad5-ba8583871323/bc6ba36c-aa02-4630-a0ea-4150b9b69e36/Synthetic/d5f3f9f0-0cd2-45c6-a0db-71c586bbc37b_flux_1789425988.png,rural highways,snowy,active precipitation,buses,moderate number of vehicles,southwest USA,red-brown,one truck (Ford F150),white,varied colors,overhead,motorcycle,,s3://auto-lora/f5ddba02-4295-48d9-8ad5-ba8583871323/1466b03e-841d-4c45-975e-c6900af67662/lora_weights.safetensors,$txc,train
0731c846-ab7f-4abd-9c3d-1e0cc911e30a,"An overhead view of a busy highway in the northeast USA with a high density of SUVs and varied vehicle colors under sunny conditions, active precipitation reducing visibility, and one blue Ford F150 truck present.",f5ddba02-4295-48d9-8ad5-ba8583871323/bc6ba36c-aa02-4630-a0ea-4150b9b69e36/Synthetic/0731c846-ab7f-4abd-9c3d-1e0cc911e30a_flux_1789424331.png,urban highways,sunny,active precipitation,SUVs,high density of vehicles,northeast USA,red-brown,one truck (Ford F150),blue,varied colors,overhead,car,,s3://auto-lora/f5ddba02-4295-48d9-8ad5-ba8583871323/1466b03e-841d-4c45-975e-c6900af67662/lora_weights.safetensors,$txc,train
93bc5978-8fa0-472d-8f8a-f0d7739da0fa,"A rural highway in the southeast USA with sunny and clear conditions, gray pavement, very few vehicles of varied colors, and one black Ford F150 truck; an object of interest is a bus visible in the scene from street level.",f5ddba02-4295-48d9-8ad5-ba8583871323/bc6ba36c-aa02-4630-a0ea-4150b9b69e36/Synthetic/93bc5978-8fa0-472d-8f8a-f0d7739da0fa_flux_1789424199.png,rural highways,sunny,clear,SUVs,very few vehicles,southeast USA,gray,one truck (Ford F150),black,varied colors,street-level,bus,,s3://auto-lora/f5ddba02-4295-48d9-8ad5-ba8583871323/1466b03e-841d-4c45-975e-c6900af67662/lora_weights.safetensors,$txc,train
e69c0475-34cd-44ab-9c90-782a30ceb7ee,"A rural highway in the northeast USA with red-brown pavement and clear visibility despite rainy weather conditions shows a high density of motorcycles at street level, one red Ford F150 truck, and various motorcycle colors.",f5ddba02-4295-48d9-8ad5-ba8583871323/bc6ba36c-aa02-4630-a0ea-4150b9b69e36/Synthetic/e69c0475-34cd-44ab-9c90-782a30ceb7ee_flux_1789425156.png,rural highways,rainy,clear,motorcycles,high density of vehicles,northeast USA,red-brown,one truck (Ford F150),red,varied colors,street-level,motorcycle,,s3://auto-lora/f5ddba02-4295-48d9-8ad5-ba8583871323/1466b03e-841d-4c45-975e-c6900af67662/lora_weights.safetensors,$txc,train
4e768dc7-3add-42a2-893f-a7f5c7cb3394,"An overhead view of a snowy, hazy urban highway in the southwest USA with gray pavement and very few varied-colored sedans present; one white Ford F150 truck is also visible.",f5ddba02-4295-48d9-8ad5-ba8583871323/bc6ba36c-aa02-4630-a0ea-4150b9b69e36/Synthetic/4e768dc7-3add-42a2-893f-a7f5c7cb3394_flux_1789423287.png,urban highways,snowy,hazy,sedans,very few vehicles,southwest USA,gray,one truck (Ford F150),white,varied colors,overhead,car,,s3://auto-lora/f5ddba02-4295-48d9-8ad5-ba8583871323/1466b03e-841d-4c45-975e-c6900af67662/lora_weights.safetensors,$txc,train
2dc88428-89be-4a92-b3ef-79ce8730aefb,"An urban highway in the northeast USA with sunny and clear conditions, featuring a street-level view of a moderate number of motorcycles in varied colors and one blue Ford F150 truck on a red-brown pavement.",f5ddba02-4295-48d9-8ad5-ba8583871323/bc6ba36c-aa02-4630-a0ea-4150b9b69e36/Synthetic/2dc88428-89be-4a92-b3ef-79ce8730aefb_flux_1789423382.png,urban highways,sunny,clear,motorcycles,moderate number of vehicles,northeast USA,red-brown,one truck (Ford F150),blue,varied colors,street-level,truck,,s3://auto-lora/f5ddba02-4295-48d9-8ad5-ba8583871323/1466b03e-841d-4c45-975e-c6900af67662/lora_weights.safetensors,$txc,train
1d9b6f0c-0ec8-4684-bf00-edef3f6d3c04,"An overhead view of a busy highway in the northeast USA with a high density of SUVs and varied vehicle colors under sunny, clear weather conditions; the pavement is red-brown and a gray Ford F150 truck is also present.",f5ddba02-4295-48d9-8ad5-ba8583871323/bc6ba36c-aa02-4630-a0ea-4150b9b69e36/Synthetic/1d9b6f0c-0ec8-4684-bf00-edef3f6d3c04_flux_1789425804.png,urban highways,sunny,clear,SUVs,high density of vehicles,northeast USA,red-brown,one truck (Ford F150),gray,varied colors,overhead,car,,s3://auto-lora/f5ddba02-4295-48d9-8ad5-ba8583871323/1466b03e-841d-4c45-975e-c6900af67662/lora_weights.safetensors,$txc,train
304c732f-7377-4896-a931-b557b4adc1e3,"A rural highway in the northeast USA with a high density of buses and hazy visibility due to rainy weather, the pavement is red-brown and a white Ford F150 truck is present, buses come in varied colors from street level perspective.",f5ddba02-4295-48d9-8ad5-ba8583871323/bc6ba36c-aa02-4630-a0ea-4150b9b69e36/Synthetic/304c732f-7377-4896-a931-b557b4adc1e3_flux_1789425008.png,rural highways,rainy,hazy,buses,high density of vehicles,northeast USA,red-brown,one truck (Ford F150),white,varied colors,street-level,bus,,s3://auto-lora/f5ddba02-4295-48d9-8ad5-ba8583871323/1466b03e-841d-4c45-975e-c6900af67662/lora_weights.safetensors,$txc,train
2068dc43-ac3e-440e-a67e-120e8e4b9ea2,"An overhead view of an urban highway in the southwest USA with red-brown pavement, foggy weather and active precipitation, very few varied-colored sedans, one gray Ford F150 truck, and poor visibility.",f5ddba02-4295-48d9-8ad5-ba8583871323/bc6ba36c-aa02-4630-a0ea-4150b9b69e36/Synthetic/2068dc43-ac3e-440e-a67e-120e8e4b9ea2_flux_1789424075.png,urban highways,foggy,active precipitation,sedans,very few vehicles,southwest USA,red-brown,one truck (Ford F150),gray,varied colors,overhead,car,,s3://auto-lora/f5ddba02-4295-48d9-8ad5-ba8583871323/1466b03e-841d-4c45-975e-c6900af67662/lora_weights.safetensors,$txc,train
066e7e81-8cbc-4b82-b3a6-a10cc48284f4,"An overhead view of a rainy, hazy urban highway in the southwest USA with a high density of motorcycles and varied vehicle colors, including one white Ford F150 truck, where the primary focus is a bus amidst the gray pavement.",f5ddba02-4295-48d9-8ad5-ba8583871323/bc6ba36c-aa02-4630-a0ea-4150b9b69e36/Synthetic/066e7e81-8cbc-4b82-b3a6-a10cc48284f4_flux_1789422871.png,urban highways,rainy,hazy,motorcycles,high density of vehicles,southwest USA,gray,one truck (Ford F150),white,varied colors,overhead,bus,,s3://auto-lora/f5ddba02-4295-48d9-8ad5-ba8583871323/1466b03e-841d-4c45-975e-c6900af67662/lora_weights.safetensors,$txc,train
9a785f6c-18cf-4a5b-bb48-f14f70485bb6,"A foggy rural highway in the southwest USA with a high density of varied-colored sedans and one blue Ford F150 truck, gray pavement, and a street-level view where a motorcycle is also visible.",f5ddba02-4295-48d9-8ad5-ba8583871323/bc6ba36c-aa02-4630-a0ea-4150b9b69e36/Synthetic/9a785f6c-18cf-4a5b-bb48-f14f70485bb6_flux_1789423543.png,rural highways,foggy,clear,sedans,high density of vehicles,southwest USA,gray,one truck (Ford F150),blue,varied colors,street-level,motorcycle,,s3://auto-lora/f5ddba02-4295-48d9-8ad5-ba8583871323/1466b03e-841d-4c45-975e-c6900af67662/lora_weights.safetensors,$txc,train
ee5d854a-4e10-48c0-8b6f-52a017b741fd,"An overhead view of a rainy, hazy urban highway in the southwest USA with red-brown pavement, featuring very few vehicles including varied colored buses and one blue Ford F150 truck.",f5ddba02-4295-48d9-8ad5-ba8583871323/bc6ba36c-aa02-4630-a0ea-4150b9b69e36/Synthetic/ee5d854a-4e10-48c0-8b6f-52a017b741fd_flux_1789423898.png,urban highways,rainy,hazy,buses,very few vehicles,southwest USA,red-brown,one truck (Ford F150),blue,varied colors,overhead,bus,,s3://auto-lora/f5ddba02-4295-48d9-8ad5-ba8583871323/1466b03e-841d-4c45-975e-c6900af67662/lora_weights.safetensors,$txc,train
d3fac920-bef7-4485-a3f6-b2990f7d8070,"An overhead view of rural highways in the southeast USA during rainy weather with active precipitation, featuring a moderate number of motorcycles in varied colors and one blue Ford F150 truck, set against a red-brown pavement environment.",f5ddba02-4295-48d9-8ad5-ba8583871323/bc6ba36c-aa02-4630-a0ea-4150b9b69e36/Synthetic/d3fac920-bef7-4485-a3f6-b2990f7d8070_flux_1789423865.png,rural highways,rainy,active precipitation,motorcycles,moderate number of vehicles,southeast USA,red-brown,one truck (Ford F150),blue,varied colors,overhead,motorcycle,,s3://auto-lora/f5ddba02-4295-48d9-8ad5-ba8583871323/1466b03e-841d-4c45-975e-c6900af67662/lora_weights.safetensors,$txc,train
46c4ae3b-b14f-4fea-b308-9a7f2de65fe8,"An overhead view of a foggy urban highway in the southeast USA with a moderate number of buses and varied colored vehicles, one gray Ford F150 truck, and red-brown pavement stretching into the distance.",f5ddba02-4295-48d9-8ad5-ba8583871323/bc6ba36c-aa02-4630-a0ea-4150b9b69e36/Synthetic/46c4ae3b-b14f-4fea-b308-9a7f2de65fe8_flux_1789424389.png,urban highways,foggy,clear,buses,moderate number of vehicles,southeast USA,red-brown,one truck (Ford F150),gray,varied colors,overhead,car,,s3://auto-lora/f5ddba02-4295-48d9-8ad5-ba8583871323/1466b03e-841d-4c45-975e-c6900af67662/lora_weights.safetensors,$txc,train
22a2f1d0-a524-4b4d-9620-c435354862c6,"An overhead view of a rural highway in the southwest USA with a sunny but hazy sky, featuring very few vehicles including varied colored buses and one blue Ford F150 truck, all against a gray pavement environment.",f5ddba02-4295-48d9-8ad5-ba8583871323/bc6ba36c-aa02-4630-a0ea-4150b9b69e36/Synthetic/22a2f1d0-a524-4b4d-9620-c435354862c6_flux_1789425492.png,rural highways,sunny,hazy,buses,very few vehicles,southwest USA,gray,one truck (Ford F150),blue,varied colors,overhead,car,,s3://auto-lora/f5ddba02-4295-48d9-8ad5-ba8583871323/1466b03e-841d-4c45-975e-c6900af67662/lora_weights.safetensors,$txc,train
6e1ec80c-49da-4333-a7bc-9711b11c408b,"An overhead view of rural highways in the southwest USA with a foggy weather condition resulting in hazy visibility; there is a moderate number of sedans in varied colors and one black Ford F150 truck, all driving on gray pavement.",f5ddba02-4295-48d9-8ad5-ba8583871323/bc6ba36c-aa02-4630-a0ea-4150b9b69e36/Synthetic/6e1ec80c-49da-4333-a7bc-9711b11c408b_flux_1789423757.png,rural highways,foggy,hazy,sedans,moderate number of vehicles,southwest USA,gray,one truck (Ford F150),black,varied colors,overhead,car,,s3://auto-lora/f5ddba02-4295-48d9-8ad5-ba8583871323/1466b03e-841d-4c45-975e-c6900af67662/lora_weights.safetensors,$txc,train
7cee8809-9f79-48d1-85bf-c5bc9fdcc9a7,"An urban highway in the southwest USA with gray pavement and clear visibility, showing rainy weather conditions; there is one gray Ford F150 truck and very few vehicles of varied colors, viewed from street level, with a motorcycle as the object of interest.",f5ddba02-4295-48d9-8ad5-ba8583871323/bc6ba36c-aa02-4630-a0ea-4150b9b69e36/Synthetic/7cee8809-9f79-48d1-85bf-c5bc9fdcc9a7_flux_1789422858.png,urban highways,rainy,clear,trucks (Ford F150),very few vehicles,southwest USA,gray,one truck (Ford F150),gray,varied colors,street-level,motorcycle,,s3://auto-lora/f5ddba02-4295-48d9-8ad5-ba8583871323/1466b03e-841d-4c45-975e-c6900af67662/lora_weights.safetensors,$txc,train
8203f286-607b-4342-aa25-a0a6a55781ea,"An overhead view of a foggy urban highway in the southwest USA with hazy visibility, featuring a moderate number of SUVs in varied colors and one white Ford F150 truck, all driving on gray pavement.",f5ddba02-4295-48d9-8ad5-ba8583871323/bc6ba36c-aa02-4630-a0ea-4150b9b69e36/Synthetic/8203f286-607b-4342-aa25-a0a6a55781ea_flux_1789424100.png,urban highways,foggy,hazy,SUVs,moderate number of vehicles,southwest USA,gray,one truck (Ford F150),white,varied colors,overhead,car,,s3://auto-lora/f5ddba02-4295-48d9-8ad5-ba8583871323/1466b03e-841d-4c45-975e-c6900af67662/lora_weights.safetensors,$txc,train
ed6cc11d-c38c-4eef-b76b-f66bb88c68a7,"An urban highway in the northeast USA with a rainy, hazy environment; vehicles including a moderate number of SUVs and one white Ford F150 truck are present, the pavement is red-brown, and the street-level view focuses on the white truck amidst varied vehicle colors.",f5ddba02-4295-48d9-8ad5-ba8583871323/bc6ba36c-aa02-4630-a0ea-4150b9b69e36/Synthetic/ed6cc11d-c38c-4eef-b76b-f66bb88c68a7_flux_1789424715.png,urban highways,rainy,hazy,SUVs,moderate number of vehicles,northeast USA,red-brown,one truck (Ford F150),white,varied colors,street-level,truck,,s3://auto-lora/f5ddba02-4295-48d9-8ad5-ba8583871323/1466b03e-841d-4c45-975e-c6900af67662/lora_weights.safetensors,$txc,train
b4da70ad-b272-496c-b66c-72870c103ea3,"An urban highway in the southwest USA with foggy weather and clear visibility, featuring very few motorcycles of varied colors, a street-level view showing one black Ford F150 truck, and red-brown pavement.",f5ddba02-4295-48d9-8ad5-ba8583871323/bc6ba36c-aa02-4630-a0ea-4150b9b69e36/Synthetic/b4da70ad-b272-496c-b66c-72870c103ea3_flux_1789426355.png,urban highways,foggy,clear,motorcycles,very few vehicles,southwest USA,red-brown,one truck (Ford F150),black,varied colors,street-level,truck,,s3://auto-lora/f5ddba02-4295-48d9-8ad5-ba8583871323/1466b03e-841d-4c45-975e-c6900af67662/lora_weights.safetensors,$txc,train
fb0dd058-3ee7-4c60-916c-7d6c5b1a1b9b,"An overhead view of rural highways in the northeast USA with foggy weather and active precipitation, showing a moderate number of sedans in varied colors and one gray Ford F150 truck, all moving along gray pavement.",f5ddba02-4295-48d9-8ad5-ba8583871323/bc6ba36c-aa02-4630-a0ea-4150b9b69e36/Synthetic/fb0dd058-3ee7-4c60-916c-7d6c5b1a1b9b_flux_1789424620.png,rural highways,foggy,active precipitation,sedans,moderate number of vehicles,northeast USA,gray,one truck (Ford F150),gray,varied colors,overhead,car,,s3://auto-lora/f5ddba02-4295-48d9-8ad5-ba8583871323/1466b03e-841d-4c45-975e-c6900af67662/lora_weights.safetensors,$txc,train
ced9306e-c313-458f-863d-ed1296a79fd8,"An urban highway in the southwest USA with a high density of vehicles, predominantly trucks including one white Ford F150, on a snowy day with clear visibility; the pavement is red-brown and viewed from street level, focusing on variously colored cars amidst the scene.",f5ddba02-4295-48d9-8ad5-ba8583871323/bc6ba36c-aa02-4630-a0ea-4150b9b69e36/Synthetic/ced9306e-c313-458f-863d-ed1296a79fd8_flux_1789425963.png,urban highways,snowy,clear,trucks (Ford F150),high density of vehicles,southwest USA,red-brown,one truck (Ford F150),white,varied colors,street-level,car,,s3://auto-lora/f5ddba02-4295-48d9-8ad5-ba8583871323/1466b03e-841d-4c45-975e-c6900af67662/lora_weights.safetensors,$txc,train
743eef16-c4f0-4c94-b36f-b9fb6e06f2d8,"An overhead view of a snowy urban highway in the southwest USA with active precipitation, featuring a very few motorcycles of varied colors and one white Ford F150 truck, all against a gray pavement environment.",f5ddba02-4295-48d9-8ad5-ba8583871323/bc6ba36c-aa02-4630-a0ea-4150b9b69e36/Synthetic/743eef16-c4f0-4c94-b36f-b9fb6e06f2d8_flux_1789425663.png,urban highways,snowy,active precipitation,motorcycles,very few vehicles,southwest USA,gray,one truck (Ford F150),white,varied colors,overhead,car,,s3://auto-lora/f5ddba02-4295-48d9-8ad5-ba8583871323/1466b03e-841d-4c45-975e-c6900af67662/lora_weights.safetensors,$txc,train
84978362-12fb-474b-8e00-aeeef3a4a8dd,"An overhead view of an urban highway in the southwest USA with sunny and clear conditions, featuring a red-brown pavement, very few sedans, one blue Ford F150 truck, and varied vehicle colors.",f5ddba02-4295-48d9-8ad5-ba8583871323/bc6ba36c-aa02-4630-a0ea-4150b9b69e36/Synthetic/84978362-12fb-474b-8e00-aeeef3a4a8dd_flux_1789424833.png,urban highways,sunny,clear,sedans,very few vehicles,southwest USA,red-brown,one truck (Ford F150),blue,varied colors,overhead,truck,,s3://auto-lora/f5ddba02-4295-48d9-8ad5-ba8583871323/1466b03e-841d-4c45-975e-c6900af67662/lora_weights.safetensors,$txc,train
bcad7335-3909-49f5-a8b8-8c2c17e2ceef,"A rural highway in the southwest USA with snowy, hazy conditions and a high density of varied-colored sedans; a gray Ford F150 truck is also present at street-level.",f5ddba02-4295-48d9-8ad5-ba8583871323/bc6ba36c-aa02-4630-a0ea-4150b9b69e36/Synthetic/bcad7335-3909-49f5-a8b8-8c2c17e2ceef_flux_1789424883.png,rural highways,snowy,hazy,sedans,high density of vehicles,southwest USA,gray,one truck (Ford F150),gray,varied colors,street-level,truck,,s3://auto-lora/f5ddba02-4295-48d9-8ad5-ba8583871323/1466b03e-841d-4c45-975e-c6900af67662/lora_weights.safetensors,$txc,train
1082c109-6468-4f69-a131-3ae38cdd8ec8,"An overhead view of a snowy, hazy urban highway in the southeast USA with a high density of vehicles and one white Ford F150 truck; the red-brown pavement is crowded with variously colored cars and trucks, and a motorcycle is also visible.",f5ddba02-4295-48d9-8ad5-ba8583871323/bc6ba36c-aa02-4630-a0ea-4150b9b69e36/Synthetic/1082c109-6468-4f69-a131-3ae38cdd8ec8_flux_1789424315.png,urban highways,snowy,hazy,trucks (Ford F150),high density of vehicles,southeast USA,red-brown,one truck (Ford F150),white,varied colors,overhead,motorcycle,,s3://auto-lora/f5ddba02-4295-48d9-8ad5-ba8583871323/1466b03e-841d-4c45-975e-c6900af67662/lora_weights.safetensors,$txc,train
2b39159e-972c-4b31-b4fb-deec302c3cdf,"An urban highway in the southwest USA with a high density of SUVs and varied vehicle colors under sunny but hazy conditions, featuring a red-brown pavement and one gray Ford F150 truck; a bus is also visible in the scene from a street-level perspective.",f5ddba02-4295-48d9-8ad5-ba8583871323/bc6ba36c-aa02-4630-a0ea-4150b9b69e36/Synthetic/2b39159e-972c-4b31-b4fb-deec302c3cdf_flux_1789425226.png,urban highways,sunny,hazy,SUVs,high density of vehicles,southwest USA,red-brown,one truck (Ford F150),gray,varied colors,street-level,bus,,s3://auto-lora/f5ddba02-4295-48d9-8ad5-ba8583871323/1466b03e-841d-4c45-975e-c6900af67662/lora_weights.safetensors,$txc,train
446203f6-cb0a-4104-9547-8d8d4d6666c6,"A rural highway in the southeast USA with a sunny but hazy sky, gray pavement, and a moderate number of vehicles including a white Ford F150 truck; street-level view showing varied colored cars and one distinct white Ford F150 truck, with a bus also visible as an object of interest.",f5ddba02-4295-48d9-8ad5-ba8583871323/bc6ba36c-aa02-4630-a0ea-4150b9b69e36/Synthetic/446203f6-cb0a-4104-9547-8d8d4d6666c6_flux_1789422986.png,rural highways,sunny,hazy,trucks (Ford F150),moderate number of vehicles,southeast USA,gray,one truck (Ford F150),white,varied colors,street-level,bus,,s3://auto-lora/f5ddba02-4295-48d9-8ad5-ba8583871323/1466b03e-841d-4c45-975e-c6900af67662/lora_weights.safetensors,$txc,train
d13c39e5-4328-42cd-85c5-f61dc4da338a,"A rural highway in the southwest USA with active precipitation, gray pavement, and high density of sedans from varied colors; one blue Ford F150 truck is also present, viewed from street level.",f5ddba02-4295-48d9-8ad5-ba8583871323/bc6ba36c-aa02-4630-a0ea-4150b9b69e36/Synthetic/d13c39e5-4328-42cd-85c5-f61dc4da338a_flux_1789424080.png,rural highways,rainy,active precipitation,sedans,high density of vehicles,southwest USA,gray,one truck (Ford F150),blue,varied colors,street-level,car,,s3://auto-lora/f5ddba02-4295-48d9-8ad5-ba8583871323/1466b03e-841d-4c45-975e-c6900af67662/lora_weights.safetensors,$txc,train
24600b0b-bb50-4069-b11b-9d672896089f,"A rural highway in the southwest USA with a red-brown pavement, sunny weather, and active precipitation; multiple SUVs and a gray Ford F150 truck are visible from street level, and there is also a motorcycle present.",f5ddba02-4295-48d9-8ad5-ba8583871323/bc6ba36c-aa02-4630-a0ea-4150b9b69e36/Synthetic/24600b0b-bb50-4069-b11b-9d672896089f_flux_1789426557.png,rural highways,sunny,active precipitation,SUVs,moderate number of vehicles,southwest USA,red-brown,one truck (Ford F150),gray,varied colors,street-level,motorcycle,,s3://auto-lora/f5ddba02-4295-48d9-8ad5-ba8583871323/1466b03e-841d-4c45-975e-c6900af67662/lora_weights.safetensors,$txc,train
9982b05d-c528-4614-95f6-7d912bfde7d5,"An urban highway in the southeast USA with foggy weather and hazy visibility, featuring very few vehicles of varied colors, one blue Ford F150 truck, and red-brown pavement viewed from street level with cars as the primary objects of interest.",f5ddba02-4295-48d9-8ad5-ba8583871323/bc6ba36c-aa02-4630-a0ea-4150b9b69e36/Synthetic/9982b05d-c528-4614-95f6-7d912bfde7d5_flux_1789426446.png,urban highways,foggy,hazy,motorcycles,very few vehicles,southeast USA,red-brown,one truck (Ford F150),blue,varied colors,street-level,car,,s3://auto-lora/f5ddba02-4295-48d9-8ad5-ba8583871323/1466b03e-841d-4c45-975e-c6900af67662/lora_weights.safetensors,$txc,train
e41a20f6-82c4-45cb-9873-1bb40fcaf0b5,"An overhead view of an urban highway in the southwest USA with a sunny weather condition and active precipitation, featuring gray pavement, very few varied-colored sedans, one blue Ford F150 truck, and a motorcycle present in the scene.",f5ddba02-4295-48d9-8ad5-ba8583871323/bc6ba36c-aa02-4630-a0ea-4150b9b69e36/Synthetic/e41a20f6-82c4-45cb-9873-1bb40fcaf0b5_flux_1789424932.png,urban highways,sunny,active precipitation,sedans,very few vehicles,southwest USA,gray,one truck (Ford F150),blue,varied colors,overhead,motorcycle,,s3://auto-lora/f5ddba02-4295-48d9-8ad5-ba8583871323/1466b03e-841d-4c45-975e-c6900af67662/lora_weights.safetensors,$txc,train
b5bac854-c4fd-40d5-ab78-578410d18896,"A rural highway in the northeast USA with sunny and clear conditions, featuring a street-level view of gray pavement and a moderate number of varied-colored sedans; one blue Ford F150 truck is also present.",f5ddba02-4295-48d9-8ad5-ba8583871323/bc6ba36c-aa02-4630-a0ea-4150b9b69e36/Synthetic/b5bac854-c4fd-40d5-ab78-578410d18896_flux_1789426528.png,rural highways,sunny,clear,sedans,moderate number of vehicles,northeast USA,gray,one truck (Ford F150),blue,varied colors,street-level,car,,s3://auto-lora/f5ddba02-4295-48d9-8ad5-ba8583871323/1466b03e-841d-4c45-975e-c6900af67662/lora_weights.safetensors,$txc,train
da311abb-3f35-48f9-bee0-4dc76a08ef81,"A rural highway in the northeast USA with gray pavement and clear visibility despite rainy weather conditions; street-level view shows a moderate number of vehicles with varied colors, including one gray Ford F150 truck, passing by.",f5ddba02-4295-48d9-8ad5-ba8583871323/bc6ba36c-aa02-4630-a0ea-4150b9b69e36/Synthetic/da311abb-3f35-48f9-bee0-4dc76a08ef81_flux_1789426252.png,rural highways,rainy,clear,trucks (Ford F150),moderate number of vehicles,northeast USA,gray,one truck (Ford F150),gray,varied colors,street-level,car,,s3://auto-lora/f5ddba02-4295-48d9-8ad5-ba8583871323/1466b03e-841d-4c45-975e-c6900af67662/lora_weights.safetensors,$txc,train
e5dd0011-1a0e-4f2c-b1f1-390ddc82de99,An overhead view of rural highways in the southeast USA during rainy weather with clear visibility and a moderate number of motorcycles; one blue Ford F150 truck is also visible on the gray pavement with varied motorcycle colors.,f5ddba02-4295-48d9-8ad5-ba8583871323/bc6ba36c-aa02-4630-a0ea-4150b9b69e36/Synthetic/e5dd0011-1a0e-4f2c-b1f1-390ddc82de99_flux_1789425967.png,rural highways,rainy,clear,motorcycles,moderate number of vehicles,southeast USA,gray,one truck (Ford F150),blue,varied colors,overhead,truck,,s3://auto-lora/f5ddba02-4295-48d9-8ad5-ba8583871323/1466b03e-841d-4c45-975e-c6900af67662/lora_weights.safetensors,$txc,train
fa5ecdfa-ba67-4345-bd11-4124bae8061d,"An overhead view of a rural highway in the northeast USA with gray pavement, sunny weather, and active precipitation; very few sedans are visible, one black Ford F150 truck is present, and varied colored vehicles are scattered, with a motorcycle as the primary object of interest.",f5ddba02-4295-48d9-8ad5-ba8583871323/bc6ba36c-aa02-4630-a0ea-4150b9b69e36/Synthetic/fa5ecdfa-ba67-4345-bd11-4124bae8061d_flux_1789426577.png,rural highways,sunny,active precipitation,sedans,very few vehicles,northeast USA,gray,one truck (Ford F150),black,varied colors,overhead,motorcycle,,s3://auto-lora/f5ddba02-4295-48d9-8ad5-ba8583871323/1466b03e-841d-4c45-975e-c6900af67662/lora_weights.safetensors,$txc,train
bda55074-f987-4781-913f-30b7e8309332,"A foggy rural highway in the northeast USA with a moderate number of varied-colored SUVs and one white Ford F150 truck, the pavement is red-brown, viewed from street level with clear visibility, and a bus is also present as an object of interest.",f5ddba02-4295-48d9-8ad5-ba8583871323/bc6ba36c-aa02-4630-a0ea-4150b9b69e36/Synthetic/bda55074-f987-4781-913f-30b7e8309332_flux_1789423229.png,rural highways,foggy,clear,SUVs,moderate number of vehicles,northeast USA,red-brown,one truck (Ford F150),white,varied colors,street-level,bus,,s3://auto-lora/f5ddba02-4295-48d9-8ad5-ba8583871323/1466b03e-841d-4c45-975e-c6900af67662/lora_weights.safetensors,$txc,train
3ade3558-79c7-4210-b2c7-5bb4ec0068c3,"A rural highway in the southeast USA with active precipitation, gray pavement, and high density of motorcycles at street level; one white Ford F150 truck is also present, and vehicles display varied colors during rainy conditions.",f5ddba02-4295-48d9-8ad5-ba8583871323/bc6ba36c-aa02-4630-a0ea-4150b9b69e36/Synthetic/3ade3558-79c7-4210-b2c7-5bb4ec0068c3_flux_1789425651.png,rural highways,rainy,active precipitation,motorcycles,high density of vehicles,southeast USA,gray,one truck (Ford F150),white,varied colors,street-level,motorcycle,,s3://auto-lora/f5ddba02-4295-48d9-8ad5-ba8583871323/1466b03e-841d-4c45-975e-c6900af67662/lora_weights.safetensors,$txc,train
02c5b60e-a0f6-4443-9f57-9cf8cb058597,"An urban highway in the southeast USA with a snowy, hazy environment, featuring very few motorcycles and one gray Ford F150 truck at street level; the pavement is red-brown and vehicles have varied colors, with focus on the truck.",f5ddba02-4295-48d9-8ad5-ba8583871323/bc6ba36c-aa02-4630-a0ea-4150b9b69e36/Synthetic/02c5b60e-a0f6-4443-9f57-9cf8cb058597_flux_1789422875.png,urban highways,snowy,hazy,motorcycles,very few vehicles,southeast USA,red-brown,one truck (Ford F150),gray,varied colors,street-level,truck,,s3://auto-lora/f5ddba02-4295-48d9-8ad5-ba8583871323/1466b03e-841d-4c45-975e-c6900af67662/lora_weights.safetensors,$txc,train
793a2aa1-f64f-4491-bd8e-4fbbd4b8f1c1,"A rural highway in the southwest USA with snowy, hazy conditions and a high density of vehicles, predominantly trucks including one blue Ford F150, and variously colored cars, viewed from street level, where the pavement is gray and a motorcycle is of interest.",f5ddba02-4295-48d9-8ad5-ba8583871323/bc6ba36c-aa02-4630-a0ea-4150b9b69e36/Synthetic/793a2aa1-f64f-4491-bd8e-4fbbd4b8f1c1_flux_1789426697.png,rural highways,snowy,hazy,trucks (Ford F150),high density of vehicles,southwest USA,gray,one truck (Ford F150),blue,varied colors,street-level,motorcycle,,s3://auto-lora/f5ddba02-4295-48d9-8ad5-ba8583871323/1466b03e-841d-4c45-975e-c6900af67662/lora_weights.safetensors,$txc,train
2c5568ea-cdc3-42e2-a0d5-fce3db168cf8,"A rural highway in the northeast USA with sunny and clear weather conditions, featuring a high density of varied-colored SUVs and one white Ford F150 truck, the red-brown pavement visible from street-level, and a bus as the primary object of interest.",f5ddba02-4295-48d9-8ad5-ba8583871323/bc6ba36c-aa02-4630-a0ea-4150b9b69e36/Synthetic/2c5568ea-cdc3-42e2-a0d5-fce3db168cf8_flux_1789424571.png,rural highways,sunny,clear,SUVs,high density of vehicles,northeast USA,red-brown,one truck (Ford F150),white,varied colors,street-level,bus,,s3://auto-lora/f5ddba02-4295-48d9-8ad5-ba8583871323/1466b03e-841d-4c45-975e-c6900af67662/lora_weights.safetensors,$txc,train
311df694-038b-4ef3-8605-997d1afb6c35,"An urban highway in the southeast USA with foggy weather and clear visibility, featuring a high density of motorcycles of varied colors, one gray Ford F150 truck, and gray pavement viewed from street level focusing on the motorcycles.",f5ddba02-4295-48d9-8ad5-ba8583871323/bc6ba36c-aa02-4630-a0ea-4150b9b69e36/Synthetic/311df694-038b-4ef3-8605-997d1afb6c35_flux_1789424245.png,urban highways,foggy,clear,motorcycles,high density of vehicles,southeast USA,gray,one truck (Ford F150),gray,varied colors,street-level,motorcycle,,s3://auto-lora/f5ddba02-4295-48d9-8ad5-ba8583871323/1466b03e-841d-4c45-975e-c6900af67662/lora_weights.safetensors,$txc,train
52f1f4db-8d58-4ebf-a3d4-aaf630250aa6,"A foggy rural highway in the southwest USA with high density of varied-colored SUVs and active precipitation, a black Ford F150 truck, and a bus visible from street-level on red-brown pavement.",f5ddba02-4295-48d9-8ad5-ba8583871323/bc6ba36c-aa02-4630-a0ea-4150b9b69e36/Synthetic/52f1f4db-8d58-4ebf-a3d4-aaf630250aa6_flux_1789424678.png,rural highways,foggy,active precipitation,SUVs,high density of vehicles,southwest USA,red-brown,one truck (Ford F150),black,varied colors,street-level,bus,,s3://auto-lora/f5ddba02-4295-48d9-8ad5-ba8583871323/1466b03e-841d-4c45-975e-c6900af67662/lora_weights.safetensors,$txc,train
868dcdb0-e53b-4f04-9fd8-b2f3449e55ad,"An overhead view of a foggy urban highway in the southeast USA with high density of motorcycles and varied vehicle colors, active precipitation, and one red Ford F150 truck present.",f5ddba02-4295-48d9-8ad5-ba8583871323/bc6ba36c-aa02-4630-a0ea-4150b9b69e36/Synthetic/868dcdb0-e53b-4f04-9fd8-b2f3449e55ad_flux_1789422669.png,urban highways,foggy,active precipitation,motorcycles,high density of vehicles,southeast USA,gray,one truck (Ford F150),red,varied colors,overhead,truck,,s3://auto-lora/f5ddba02-4295-48d9-8ad5-ba8583871323/1466b03e-841d-4c45-975e-c6900af67662/lora_weights.safetensors,$txc,train
0f3a2776-80f6-437b-9aad-4a49366c5bc8,"An overhead view of a rural highway in the northeast USA with a sunny but hazy sky, featuring a red-brown pavement and one gray Ford F150 truck among very few vehicles.",f5ddba02-4295-48d9-8ad5-ba8583871323/bc6ba36c-aa02-4630-a0ea-4150b9b69e36/Synthetic/0f3a2776-80f6-437b-9aad-4a49366c5bc8_flux_1789423151.png,rural highways,sunny,hazy,trucks (Ford F150),very few vehicles,northeast USA,red-brown,one truck (Ford F150),gray,varied colors,overhead,truck,,s3://auto-lora/f5ddba02-4295-48d9-8ad5-ba8583871323/1466b03e-841d-4c45-975e-c6900af67662/lora_weights.safetensors,$txc,train
6fdf1318-d238-4c97-90bb-c7afae026504,"A street-level image of an urban highway in the northeast USA with sunny weather and active precipitation, featuring a high density of vehicles including a black Ford F150 truck amidst varied colored cars, set against a gray pavement.",f5ddba02-4295-48d9-8ad5-ba8583871323/bc6ba36c-aa02-4630-a0ea-4150b9b69e36/Synthetic/6fdf1318-d238-4c97-90bb-c7afae026504_flux_1789425533.png,urban highways,sunny,active precipitation,trucks (Ford F150),high density of vehicles,northeast USA,gray,one truck (Ford F150),black,varied colors,street-level,truck,,s3://auto-lora/f5ddba02-4295-48d9-8ad5-ba8583871323/1466b03e-841d-4c45-975e-c6900af67662/lora_weights.safetensors,$txc,train
c73e4643-eb8f-4281-bc4a-2100ae95e861,"An urban highway in the northeast USA with foggy weather and clear visibility, featuring a street-level view of moderate number of SUVs with varied colors, one red Ford F150 truck, and gray pavement.",f5ddba02-4295-48d9-8ad5-ba8583871323/bc6ba36c-aa02-4630-a0ea-4150b9b69e36/Synthetic/c73e4643-eb8f-4281-bc4a-2100ae95e861_flux_1789425849.png,urban highways,foggy,clear,SUVs,moderate number of vehicles,northeast USA,gray,one truck (Ford F150),red,varied colors,street-level,car,,s3://auto-lora/f5ddba02-4295-48d9-8ad5-ba8583871323/1466b03e-841d-4c45-975e-c6900af67662/lora_weights.safetensors,$txc,train
15a987b9-e73a-4264-b80c-902662b1d8c2,"A rural highway in the southwest USA with gray pavement and clear visibility, showing very few varied-colored sedans and one red Ford F150 truck, all under rainy weather conditions, viewed from street level.",f5ddba02-4295-48d9-8ad5-ba8583871323/bc6ba36c-aa02-4630-a0ea-4150b9b69e36/Synthetic/15a987b9-e73a-4264-b80c-902662b1d8c2_flux_1789425164.png,rural highways,rainy,clear,sedans,very few vehicles,southwest USA,gray,one truck (Ford F150),red,varied colors,street-level,car,,s3://auto-lora/f5ddba02-4295-48d9-8ad5-ba8583871323/1466b03e-841d-4c45-975e-c6900af67662/lora_weights.safetensors,$txc,train
67beb6e3-14ee-4d15-a18a-ad3b8471efbb,"An overhead view of a rural highway in the southwest USA with a rainy weather condition and clear visibility, featuring a red-brown pavement, very few vehicles including one gray Ford F150 truck, and a bus as the primary object of interest.",f5ddba02-4295-48d9-8ad5-ba8583871323/bc6ba36c-aa02-4630-a0ea-4150b9b69e36/Synthetic/67beb6e3-14ee-4d15-a18a-ad3b8471efbb_flux_1789423790.png,rural highways,rainy,clear,trucks (Ford F150),very few vehicles,southwest USA,red-brown,one truck (Ford F150),gray,varied colors,overhead,bus,,s3://auto-lora/f5ddba02-4295-48d9-8ad5-ba8583871323/1466b03e-841d-4c45-975e-c6900af67662/lora_weights.safetensors,$txc,train
25ca2499-297d-487b-977e-37fc0ceab9e7,"An overhead view of an urban highway in the northeast USA with active snow precipitation, featuring a gray pavement and very few vehicles, including one blue Ford F150 truck as the primary point of interest.",f5ddba02-4295-48d9-8ad5-ba8583871323/bc6ba36c-aa02-4630-a0ea-4150b9b69e36/Synthetic/25ca2499-297d-487b-977e-37fc0ceab9e7_flux_1789425955.png,urban highways,snowy,active precipitation,trucks (Ford F150),very few vehicles,northeast USA,gray,one truck (Ford F150),blue,varied colors,overhead,truck,,s3://auto-lora/f5ddba02-4295-48d9-8ad5-ba8583871323/1466b03e-841d-4c45-975e-c6900af67662/lora_weights.safetensors,$txc,train
9081b331-8ed7-4042-b59e-c25152ca7eba,"A rural highway in the southeast USA with active precipitation, featuring a high density of buses and a white Ford F150 truck on a red-brown pavement, viewed from street level.",f5ddba02-4295-48d9-8ad5-ba8583871323/bc6ba36c-aa02-4630-a0ea-4150b9b69e36/Synthetic/9081b331-8ed7-4042-b59e-c25152ca7eba_flux_1789425086.png,rural highways,rainy,active precipitation,buses,high density of vehicles,southeast USA,red-brown,one truck (Ford F150),white,varied colors,street-level,truck,,s3://auto-lora/f5ddba02-4295-48d9-8ad5-ba8583871323/1466b03e-841d-4c45-975e-c6900af67662/lora_weights.safetensors,$txc,train
4b26f23d-879e-4d9e-af04-03f09f55c0e9,"An overhead view of an urban highway in the northeast USA during rainy weather with active precipitation, showing very few vehicles including varied-colored motorcycles and one red Ford F150 truck, while a bus is the primary object of interest on a gray pavement.",f5ddba02-4295-48d9-8ad5-ba8583871323/bc6ba36c-aa02-4630-a0ea-4150b9b69e36/Synthetic/4b26f23d-879e-4d9e-af04-03f09f55c0e9_flux_1789426112.png,urban highways,rainy,active precipitation,motorcycles,very few vehicles,northeast USA,gray,one truck (Ford F150),red,varied colors,overhead,bus,,s3://auto-lora/f5ddba02-4295-48d9-8ad5-ba8583871323/1466b03e-841d-4c45-975e-c6900af67662/lora_weights.safetensors,$txc,train
0c2d0e32-cd06-4933-a3fb-e88cc6ef449a,"An overhead view of a foggy urban highway in the southeast USA with hazy visibility, featuring a moderate number of buses and varied colored vehicles, including one black Ford F150 truck, and a single motorcycle present on the red-brown pavement.",f5ddba02-4295-48d9-8ad5-ba8583871323/bc6ba36c-aa02-4630-a0ea-4150b9b69e36/Synthetic/0c2d0e32-cd06-4933-a3fb-e88cc6ef449a_flux_1789423671.png,urban highways,foggy,hazy,buses,moderate number of vehicles,southeast USA,red-brown,one truck (Ford F150),black,varied colors,overhead,motorcycle,,s3://auto-lora/f5ddba02-4295-48d9-8ad5-ba8583871323/1466b03e-841d-4c45-975e-c6900af67662/lora_weights.safetensors,$txc,train
41a7e3a3-9c9f-44e8-a539-cfa8dcb84bd1,"An urban highway in the southwest USA with a foggy, hazy atmosphere, featuring very few motorcycles of varied colors and one red Ford F150 truck, all viewed from street level on gray pavement.",f5ddba02-4295-48d9-8ad5-ba8583871323/bc6ba36c-aa02-4630-a0ea-4150b9b69e36/Synthetic/41a7e3a3-9c9f-44e8-a539-cfa8dcb84bd1_flux_1789424273.png,urban highways,foggy,hazy,motorcycles,very few vehicles,southwest USA,gray,one truck (Ford F150),red,varied colors,street-level,motorcycle,,s3://auto-lora/f5ddba02-4295-48d9-8ad5-ba8583871323/1466b03e-841d-4c45-975e-c6900af67662/lora_weights.safetensors,$txc,train
b2f463ee-03c7-43cf-9ffb-28e90117b816,"An urban highway in the southwest USA with red-brown pavement and clear visibility despite rainy weather conditions, featuring a moderate number of vehicles including one gray Ford F150 truck and variously colored cars, viewed from street level, with a motorcycle as the object of interest.",f5ddba02-4295-48d9-8ad5-ba8583871323/bc6ba36c-aa02-4630-a0ea-4150b9b69e36/Synthetic/b2f463ee-03c7-43cf-9ffb-28e90117b816_flux_1789424029.png,urban highways,rainy,clear,trucks (Ford F150),moderate number of vehicles,southwest USA,red-brown,one truck (Ford F150),gray,varied colors,street-level,motorcycle,,s3://auto-lora/f5ddba02-4295-48d9-8ad5-ba8583871323/1466b03e-841d-4c45-975e-c6900af67662/lora_weights.safetensors,$txc,train
eb37b63a-e1b1-4645-a9af-3520f09df27d,"An overhead view of an urban highway in the southwest USA with gray pavement and foggy weather, offering clear visibility; very few vehicles are present, including one white Ford F150 truck and various vehicles of varied colors, with a motorcycle as the object of interest.",f5ddba02-4295-48d9-8ad5-ba8583871323/bc6ba36c-aa02-4630-a0ea-4150b9b69e36/Synthetic/eb37b63a-e1b1-4645-a9af-3520f09df27d_flux_1789423794.png,urban highways,foggy,clear,trucks (Ford F150),very few vehicles,southwest USA,gray,one truck (Ford F150),white,varied colors,overhead,motorcycle,,s3://auto-lora/f5ddba02-4295-48d9-8ad5-ba8583871323/1466b03e-841d-4c45-975e-c6900af67662/lora_weights.safetensors,$txc,train
1b58480c-9dc8-4fe7-a4a8-b5d7b73e50e5,"An overhead view of a rural highway in the northeast USA with a sunny but hazy sky, featuring a red-brown pavement, very few motorcycles, and one white Ford F150 truck overhead.",f5ddba02-4295-48d9-8ad5-ba8583871323/bc6ba36c-aa02-4630-a0ea-4150b9b69e36/Synthetic/1b58480c-9dc8-4fe7-a4a8-b5d7b73e50e5_flux_1789426647.png,rural highways,sunny,hazy,motorcycles,very few vehicles,northeast USA,red-brown,one truck (Ford F150),white,varied colors,overhead,truck,,s3://auto-lora/f5ddba02-4295-48d9-8ad5-ba8583871323/1466b03e-841d-4c45-975e-c6900af67662/lora_weights.safetensors,$txc,train
1f381606-3063-43ce-9cc5-3736df859d55,"An overhead view of rural highways in the southwest USA with a high density of vehicles, including a blue Ford F150 truck amidst cars of varied colors, set against a hazy, foggy backdrop with red-brown pavement.",f5ddba02-4295-48d9-8ad5-ba8583871323/bc6ba36c-aa02-4630-a0ea-4150b9b69e36/Synthetic/1f381606-3063-43ce-9cc5-3736df859d55_flux_1789423951.png,rural highways,foggy,hazy,trucks (Ford F150),high density of vehicles,southwest USA,red-brown,one truck (Ford F150),blue,varied colors,overhead,car,,s3://auto-lora/f5ddba02-4295-48d9-8ad5-ba8583871323/1466b03e-841d-4c45-975e-c6900af67662/lora_weights.safetensors,$txc,train
c3db70be-b58e-4c69-a59d-bb386efd5609,A rural highway in the southwest USA with active precipitation and gray pavement has a high density of sedans and one white Ford F150 truck; vehicles have varied colors and the image is captured from a street-level angle with a bus as an object of interest.,f5ddba02-4295-48d9-8ad5-ba8583871323/bc6ba36c-aa02-4630-a0ea-4150b9b69e36/Synthetic/c3db70be-b58e-4c69-a59d-bb386efd5609_flux_1789423815.png,rural highways,rainy,active precipitation,sedans,high density of vehicles,southwest USA,gray,one truck (Ford F150),white,varied colors,street-level,bus,,s3://auto-lora/f5ddba02-4295-48d9-8ad5-ba8583871323/1466b03e-841d-4c45-975e-c6900af67662/lora_weights.safetensors,$txc,train
1107d3a0-0353-48d8-8e69-807a82e245aa,"An urban highway in the northeast USA with active precipitation creating rainy conditions, featuring a high density of sedans in varied colors and one red Ford F150 truck, all observed from a street-level angle on gray pavement.",f5ddba02-4295-48d9-8ad5-ba8583871323/bc6ba36c-aa02-4630-a0ea-4150b9b69e36/Synthetic/1107d3a0-0353-48d8-8e69-807a82e245aa_flux_1789424682.png,urban highways,rainy,active precipitation,sedans,high density of vehicles,northeast USA,gray,one truck (Ford F150),red,varied colors,street-level,car,,s3://auto-lora/f5ddba02-4295-48d9-8ad5-ba8583871323/1466b03e-841d-4c45-975e-c6900af67662/lora_weights.safetensors,$txc,train
28ebeca7-1bbd-46d6-b410-1bd2d62a5ef2,"An overhead view of an urban highway in the southeast USA with sunny weather and active precipitation, featuring a moderate number of motorcycles of varied colors and one gray Ford F150 truck, all moving under a gray pavement.",f5ddba02-4295-48d9-8ad5-ba8583871323/bc6ba36c-aa02-4630-a0ea-4150b9b69e36/Synthetic/28ebeca7-1bbd-46d6-b410-1bd2d62a5ef2_flux_1789426371.png,urban highways,sunny,active precipitation,motorcycles,moderate number of vehicles,southeast USA,gray,one truck (Ford F150),gray,varied colors,overhead,motorcycle,,s3://auto-lora/f5ddba02-4295-48d9-8ad5-ba8583871323/1466b03e-841d-4c45-975e-c6900af67662/lora_weights.safetensors,$txc,train
faa64f3c-010f-4752-8b4c-b3cc2df69a2f,"An overhead view of a rural highway in the southwest USA with active precipitation, featuring a high density of motorcycles in varied colors and one black Ford F150 truck, set against a backdrop of red-brown pavement.",f5ddba02-4295-48d9-8ad5-ba8583871323/bc6ba36c-aa02-4630-a0ea-4150b9b69e36/Synthetic/faa64f3c-010f-4752-8b4c-b3cc2df69a2f_flux_1789423531.png,rural highways,rainy,active precipitation,motorcycles,high density of vehicles,southwest USA,red-brown,one truck (Ford F150),black,varied colors,overhead,car,,s3://auto-lora/f5ddba02-4295-48d9-8ad5-ba8583871323/1466b03e-841d-4c45-975e-c6900af67662/lora_weights.safetensors,$txc,train
e13fdb49-131c-4fb0-9a57-f78f1f42bd72,"An overhead view of a rainy urban highway in the southeast USA with active precipitation, featuring a high density of varied-colored sedans and one red Ford F150 truck, where the red-brown pavement is visible, and a motorcycle is of particular interest.",f5ddba02-4295-48d9-8ad5-ba8583871323/bc6ba36c-aa02-4630-a0ea-4150b9b69e36/Synthetic/e13fdb49-131c-4fb0-9a57-f78f1f42bd72_flux_1789423180.png,urban highways,rainy,active precipitation,sedans,high density of vehicles,southeast USA,red-brown,one truck (Ford F150),red,varied colors,overhead,motorcycle,,s3://auto-lora/f5ddba02-4295-48d9-8ad5-ba8583871323/1466b03e-841d-4c45-975e-c6900af67662/lora_weights.safetensors,$txc,train
8de9d258-43d3-4b50-bea2-c41033769ff0,"An overhead view of an urban highway in the southwest USA with snowy conditions and clear visibility, featuring a moderate number of vehicles including varied colored cars and one black Ford F150 truck, where the primary focus is a bus present on the red-brown pavement.",f5ddba02-4295-48d9-8ad5-ba8583871323/bc6ba36c-aa02-4630-a0ea-4150b9b69e36/Synthetic/8de9d258-43d3-4b50-bea2-c41033769ff0_flux_1789425300.png,urban highways,snowy,clear,trucks (Ford F150),moderate number of vehicles,southwest USA,red-brown,one truck (Ford F150),black,varied colors,overhead,bus,,s3://auto-lora/f5ddba02-4295-48d9-8ad5-ba8583871323/1466b03e-841d-4c45-975e-c6900af67662/lora_weights.safetensors,$txc,train
f38a6ff6-29e6-46d0-bca9-7a3ad41eeb35,"An overhead view of a rural highway in the southwest USA with red-brown pavement, foggy weather and active precipitation, very few motorcycles, one gray Ford F150 truck, and varied colored cars present.",f5ddba02-4295-48d9-8ad5-ba8583871323/bc6ba36c-aa02-4630-a0ea-4150b9b69e36/Synthetic/f38a6ff6-29e6-46d0-bca9-7a3ad41eeb35_flux_1789426655.png,rural highways,foggy,active precipitation,motorcycles,very few vehicles,southwest USA,red-brown,one truck (Ford F150),gray,varied colors,overhead,car,,s3://auto-lora/f5ddba02-4295-48d9-8ad5-ba8583871323/1466b03e-841d-4c45-975e-c6900af67662/lora_weights.safetensors,$txc,train
5ab3fb29-ef43-48cc-8ac5-a9cab1495ceb,"An urban highway in the southeast USA with red-brown pavement, foggy weather causing hazy visibility and very few vehicles, including a white Ford F150 truck, and sedans of varied colors at street level.",f5ddba02-4295-48d9-8ad5-ba8583871323/bc6ba36c-aa02-4630-a0ea-4150b9b69e36/Synthetic/5ab3fb29-ef43-48cc-8ac5-a9cab1495ceb_flux_1789423159.png,urban highways,foggy,hazy,sedans,very few vehicles,southeast USA,red-brown,one truck (Ford F150),white,varied colors,street-level,car,,s3://auto-lora/f5ddba02-4295-48d9-8ad5-ba8583871323/1466b03e-841d-4c45-975e-c6900af67662/lora_weights.safetensors,$txc,train
13fe1619-b3ee-4eb5-8bfa-07fc16bdcc4f,"On a sunny day with clear visibility in the southwest USA, a street-level view of an urban highway shows very few vehicles, including one black Ford F150 truck and various colored motorcycles on a red-brown pavement.",f5ddba02-4295-48d9-8ad5-ba8583871323/bc6ba36c-aa02-4630-a0ea-4150b9b69e36/Synthetic/13fe1619-b3ee-4eb5-8bfa-07fc16bdcc4f_flux_1789426133.png,urban highways,sunny,clear,trucks (Ford F150),very few vehicles,southwest USA,red-brown,one truck (Ford F150),black,varied colors,street-level,motorcycle,,s3://auto-lora/f5ddba02-4295-48d9-8ad5-ba8583871323/1466b03e-841d-4c45-975e-c6900af67662/lora_weights.safetensors,$txc,train
6ea2929f-93c4-4621-9dcc-39c07e7d5da0,"An urban highway in the northeast USA with a snowy but clear environment, featuring a street-level view of moderate number of SUVs in varied colors and one gray Ford F150 truck, all against a gray pavement, with a bus as the primary object of interest.",f5ddba02-4295-48d9-8ad5-ba8583871323/bc6ba36c-aa02-4630-a0ea-4150b9b69e36/Synthetic/6ea2929f-93c4-4621-9dcc-39c07e7d5da0_flux_1789425593.png,urban highways,snowy,clear,SUVs,moderate number of vehicles,northeast USA,gray,one truck (Ford F150),gray,varied colors,street-level,bus,,s3://auto-lora/f5ddba02-4295-48d9-8ad5-ba8583871323/1466b03e-841d-4c45-975e-c6900af67662/lora_weights.safetensors,$txc,train
6ca96594-1105-4a14-8058-c31baa731a18,"An overhead view of a snowy urban highway in the northeast USA with active precipitation, featuring a high density of buses and varied colored vehicles, including one red Ford F150 truck, all moving under gray pavement conditions.",f5ddba02-4295-48d9-8ad5-ba8583871323/bc6ba36c-aa02-4630-a0ea-4150b9b69e36/Synthetic/6ca96594-1105-4a14-8058-c31baa731a18_flux_1789423588.png,urban highways,snowy,active precipitation,buses,high density of vehicles,northeast USA,gray,one truck (Ford F150),red,varied colors,overhead,car,,s3://auto-lora/f5ddba02-4295-48d9-8ad5-ba8583871323/1466b03e-841d-4c45-975e-c6900af67662/lora_weights.safetensors,$txc,train
f192efab-329f-47a4-be4b-6ae0785bb373,A rural highway in the northeast USA with gray pavement and clear visibility despite rainy weather conditions; street-level view shows a moderate number of motorcycles in varied colors and one blue Ford F150 truck.,f5ddba02-4295-48d9-8ad5-ba8583871323/bc6ba36c-aa02-4630-a0ea-4150b9b69e36/Synthetic/f192efab-329f-47a4-be4b-6ae0785bb373_flux_1789425729.png,rural highways,rainy,clear,motorcycles,moderate number of vehicles,northeast USA,gray,one truck (Ford F150),blue,varied colors,street-level,motorcycle,,s3://auto-lora/f5ddba02-4295-48d9-8ad5-ba8583871323/1466b03e-841d-4c45-975e-c6900af67662/lora_weights.safetensors,$txc,train
71439d38-a6ca-4085-9639-ff07dc088bfa,"An overhead view of a rural highway in the southwest USA with a high density of SUVs and varied vehicle colors under sunny conditions, active precipitation reducing visibility, and one red Ford F150 truck present.",f5ddba02-4295-48d9-8ad5-ba8583871323/bc6ba36c-aa02-4630-a0ea-4150b9b69e36/Synthetic/71439d38-a6ca-4085-9639-ff07dc088bfa_flux_1789424513.png,rural highways,sunny,active precipitation,SUVs,high density of vehicles,southwest USA,red-brown,one truck (Ford F150),red,varied colors,overhead,car,,s3://auto-lora/f5ddba02-4295-48d9-8ad5-ba8583871323/1466b03e-841d-4c45-975e-c6900af67662/lora_weights.safetensors,$txc,train
6482b01d-5df1-412f-9fb6-d3998e022bc2,"An overhead view of an urban highway in the southwest USA with active precipitation from rainy weather, featuring gray pavement and very few varied-colored sedans; one white Ford F150 truck is also present.",f5ddba02-4295-48d9-8ad5-ba8583871323/bc6ba36c-aa02-4630-a0ea-4150b9b69e36/Synthetic/6482b01d-5df1-412f-9fb6-d3998e022bc2_flux_1789424154.png,urban highways,rainy,active precipitation,sedans,very few vehicles,southwest USA,gray,one truck (Ford F150),white,varied colors,overhead,car,,s3://auto-lora/f5ddba02-4295-48d9-8ad5-ba8583871323/1466b03e-841d-4c45-975e-c6900af67662/lora_weights.safetensors,$txc,train
2c981632-def6-44cb-aa41-436ad4cf7d7a,"An overhead view of an urban highway in the northeast USA with snowy conditions and clear visibility, featuring a moderate number of sedans in varied colors, one red Ford F150 truck, and a bus as the primary objects of interest, all set against a gray pavement backdrop.",f5ddba02-4295-48d9-8ad5-ba8583871323/bc6ba36c-aa02-4630-a0ea-4150b9b69e36/Synthetic/2c981632-def6-44cb-aa41-436ad4cf7d7a_flux_1789423036.png,urban highways,snowy,clear,sedans,moderate number of vehicles,northeast USA,gray,one truck (Ford F150),red,varied colors,overhead,bus,,s3://auto-lora/f5ddba02-4295-48d9-8ad5-ba8583871323/1466b03e-841d-4c45-975e-c6900af67662/lora_weights.safetensors,$txc,train
bd18597d-3d6f-40bf-92a3-72be8cc86be1,"An overhead view of a snowy urban highway in the southeast USA with clear visibility and a moderate number of sedans; one blue Ford F150 truck is present, and the pavement has a red-brown color with varied vehicle colors.",f5ddba02-4295-48d9-8ad5-ba8583871323/bc6ba36c-aa02-4630-a0ea-4150b9b69e36/Synthetic/bd18597d-3d6f-40bf-92a3-72be8cc86be1_flux_1789424464.png,urban highways,snowy,clear,sedans,moderate number of vehicles,southeast USA,red-brown,one truck (Ford F150),blue,varied colors,overhead,truck,,s3://auto-lora/f5ddba02-4295-48d9-8ad5-ba8583871323/1466b03e-841d-4c45-975e-c6900af67662/lora_weights.safetensors,$txc,train
2f2f30ff-f120-4a62-b889-72492d630ef0,"An overhead view of foggy urban highways in the northeast USA with moderate number of SUVs and varied vehicle colors, one blue Ford F150 truck, and active precipitation, where visibility is reduced; objects of interest include a motorcycle.",f5ddba02-4295-48d9-8ad5-ba8583871323/bc6ba36c-aa02-4630-a0ea-4150b9b69e36/Synthetic/2f2f30ff-f120-4a62-b889-72492d630ef0_flux_1789423394.png,urban highways,foggy,active precipitation,SUVs,moderate number of vehicles,northeast USA,gray,one truck (Ford F150),blue,varied colors,overhead,motorcycle,,s3://auto-lora/f5ddba02-4295-48d9-8ad5-ba8583871323/1466b03e-841d-4c45-975e-c6900af67662/lora_weights.safetensors,$txc,train
027c324e-4a2f-4bd0-96f3-9b0965a58208,"An overhead view of a sunny, urban highway in the northeast USA with clear visibility and a moderate number of vehicles, including one blue Ford F150 truck, gray pavement, and cars of various colors.",f5ddba02-4295-48d9-8ad5-ba8583871323/bc6ba36c-aa02-4630-a0ea-4150b9b69e36/Synthetic/027c324e-4a2f-4bd0-96f3-9b0965a58208_flux_1789426569.png,urban highways,sunny,clear,trucks (Ford F150),moderate number of vehicles,northeast USA,gray,one truck (Ford F150),blue,varied colors,overhead,car,,s3://auto-lora/f5ddba02-4295-48d9-8ad5-ba8583871323/1466b03e-841d-4c45-975e-c6900af67662/lora_weights.safetensors,$txc,train
895a7885-d04f-470f-935c-9f031cd31dcf,"An urban highway in the southeast USA with active snow precipitation, featuring a moderate number of SUVs in varied colors and one white Ford F150 truck, all observed from a street-level angle on a gray pavement.",f5ddba02-4295-48d9-8ad5-ba8583871323/bc6ba36c-aa02-4630-a0ea-4150b9b69e36/Synthetic/895a7885-d04f-470f-935c-9f031cd31dcf_flux_1789425197.png,urban highways,snowy,active precipitation,SUVs,moderate number of vehicles,southeast USA,gray,one truck (Ford F150),white,varied colors,street-level,car,,s3://auto-lora/f5ddba02-4295-48d9-8ad5-ba8583871323/1466b03e-841d-4c45-975e-c6900af67662/lora_weights.safetensors,$txc,train
dd6e2a6c-fd99-43d8-8245-01179e52d54e,"An overhead view of a sunny, clear urban highway in the northeast USA with a high density of SUVs and one blue Ford F150 truck on a red-brown pavement, focusing on the truck.",f5ddba02-4295-48d9-8ad5-ba8583871323/bc6ba36c-aa02-4630-a0ea-4150b9b69e36/Synthetic/dd6e2a6c-fd99-43d8-8245-01179e52d54e_flux_1789424472.png,urban highways,sunny,clear,SUVs,high density of vehicles,northeast USA,red-brown,one truck (Ford F150),blue,varied colors,overhead,truck,,s3://auto-lora/f5ddba02-4295-48d9-8ad5-ba8583871323/1466b03e-841d-4c45-975e-c6900af67662/lora_weights.safetensors,$txc,train
4a186381-81ea-4907-a946-32bb5410559d,"An urban highway in the northeast USA with snowy, hazy conditions features red-brown pavement and a moderate number of vehicles including various colored cars and one white Ford F150 truck, viewed from street level.",f5ddba02-4295-48d9-8ad5-ba8583871323/bc6ba36c-aa02-4630-a0ea-4150b9b69e36/Synthetic/4a186381-81ea-4907-a946-32bb5410559d_flux_1789426269.png,urban highways,snowy,hazy,trucks (Ford F150),moderate number of vehicles,northeast USA,red-brown,one truck (Ford F150),white,varied colors,street-level,car,,s3://auto-lora/f5ddba02-4295-48d9-8ad5-ba8583871323/1466b03e-841d-4c45-975e-c6900af67662/lora_weights.safetensors,$txc,train
1f7284f9-e529-4b28-9447-00137704261b,"A rural highway in the southeast USA with a hazy sunny sky, red-brown pavement, and a moderate number of varied-colored sedans; one white Ford F150 truck is also visible at street level.",f5ddba02-4295-48d9-8ad5-ba8583871323/bc6ba36c-aa02-4630-a0ea-4150b9b69e36/Synthetic/1f7284f9-e529-4b28-9447-00137704261b_flux_1789425353.png,rural highways,sunny,hazy,sedans,moderate number of vehicles,southeast USA,red-brown,one truck (Ford F150),white,varied colors,street-level,car,,s3://auto-lora/f5ddba02-4295-48d9-8ad5-ba8583871323/1466b03e-841d-4c45-975e-c6900af67662/lora_weights.safetensors,$txc,train
caea1201-2bb6-451d-ba3a-61d7f39bca07,"A rural highway in the southeast USA with a high density of SUVs and varied vehicle colors, sunny weather, active precipitation reducing visibility, a street-level view showing gray pavement, and one gray Ford F150 truck present among the vehicles.",f5ddba02-4295-48d9-8ad5-ba8583871323/bc6ba36c-aa02-4630-a0ea-4150b9b69e36/Synthetic/caea1201-2bb6-451d-ba3a-61d7f39bca07_flux_1789423765.png,rural highways,sunny,active precipitation,SUVs,high density of vehicles,southeast USA,gray,one truck (Ford F150),gray,varied colors,street-level,car,,s3://auto-lora/f5ddba02-4295-48d9-8ad5-ba8583871323/1466b03e-841d-4c45-975e-c6900af67662/lora_weights.safetensors,$txc,train
218d3484-0a41-4832-8bdb-b5b85e261868,"A rural highway in the northeast USA with a snowy, hazy environment; very few varied-colored SUVs are visible from street level, while one gray Ford F150 truck is present. The pavement has a red-brown color.",f5ddba02-4295-48d9-8ad5-ba8583871323/bc6ba36c-aa02-4630-a0ea-4150b9b69e36/Synthetic/218d3484-0a41-4832-8bdb-b5b85e261868_flux_1789422904.png,rural highways,snowy,hazy,SUVs,very few vehicles,northeast USA,red-brown,one truck (Ford F150),gray,varied colors,street-level,truck,,s3://auto-lora/f5ddba02-4295-48d9-8ad5-ba8583871323/1466b03e-841d-4c45-975e-c6900af67662/lora_weights.safetensors,$txc,train
cbfcf7f7-3e71-475e-bfc8-0e109caf6f22,"An overhead view of a foggy rural highway in the southeast USA with high density of sedans and varied vehicle colors, active precipitation, and one black Ford F150 truck; the pavement is red-brown.",f5ddba02-4295-48d9-8ad5-ba8583871323/bc6ba36c-aa02-4630-a0ea-4150b9b69e36/Synthetic/cbfcf7f7-3e71-475e-bfc8-0e109caf6f22_flux_1789422792.png,rural highways,foggy,active precipitation,sedans,high density of vehicles,southeast USA,red-brown,one truck (Ford F150),black,varied colors,overhead,car,,s3://auto-lora/f5ddba02-4295-48d9-8ad5-ba8583871323/1466b03e-841d-4c45-975e-c6900af67662/lora_weights.safetensors,$txc,train
2b4a392d-02bb-4631-b71a-0f0adb739892,"An urban highway in the southwest USA with active snow precipitation, featuring a moderate number of buses and one blue Ford F150 truck on a red-brown pavement, viewed from street level with varied vehicle colors, focusing on the buses.",f5ddba02-4295-48d9-8ad5-ba8583871323/bc6ba36c-aa02-4630-a0ea-4150b9b69e36/Synthetic/2b4a392d-02bb-4631-b71a-0f0adb739892_flux_1789423881.png,urban highways,snowy,active precipitation,buses,moderate number of vehicles,southwest USA,red-brown,one truck (Ford F150),blue,varied colors,street-level,bus,,s3://auto-lora/f5ddba02-4295-48d9-8ad5-ba8583871323/1466b03e-841d-4c45-975e-c6900af67662/lora_weights.safetensors,$txc,train
7cc68341-f0bb-45ff-b997-ba83f1997743,"An urban highway in the southeast USA with a rainy, hazy environment and high density of buses at street-level; one gray Ford F150 truck is also visible, and buses come in varied colors against a gray pavement.",f5ddba02-4295-48d9-8ad5-ba8583871323/bc6ba36c-aa02-4630-a0ea-4150b9b69e36/Synthetic/7cc68341-f0bb-45ff-b997-ba83f1997743_flux_1789423861.png,urban highways,rainy,hazy,buses,high density of vehicles,southeast USA,gray,one truck (Ford F150),gray,varied colors,street-level,bus,,s3://auto-lora/f5ddba02-4295-48d9-8ad5-ba8583871323/1466b03e-841d-4c45-975e-c6900af67662/lora_weights.safetensors,$txc,train
5bd1fa1e-99e2-407d-a1d8-1c82c0fc0d65,An urban highway in the southeast USA with a high density of motorcycles and varied vehicle colors under sunny but hazy conditions; the pavement is red-brown and a black Ford F150 truck is visible at street level.,f5ddba02-4295-48d9-8ad5-ba8583871323/bc6ba36c-aa02-4630-a0ea-4150b9b69e36/Synthetic/5bd1fa1e-99e2-407d-a1d8-1c82c0fc0d65_flux_1789423753.png,urban highways,sunny,hazy,motorcycles,high density of vehicles,southeast USA,red-brown,one truck (Ford F150),black,varied colors,street-level,truck,,s3://auto-lora/f5ddba02-4295-48d9-8ad5-ba8583871323/1466b03e-841d-4c45-975e-c6900af67662/lora_weights.safetensors,$txc,train
d3e99f04-2201-4e79-914b-1a4e2d97d2ad,"An overhead view of a snowy, hazy rural highway in the southeast USA with a high density of varied-colored sedans and one black Ford F150 truck, the red-brown pavement stretching into the distance, and a motorcycle visible among the vehicles.",f5ddba02-4295-48d9-8ad5-ba8583871323/bc6ba36c-aa02-4630-a0ea-4150b9b69e36/Synthetic/d3e99f04-2201-4e79-914b-1a4e2d97d2ad_flux_1789425565.png,rural highways,snowy,hazy,sedans,high density of vehicles,southeast USA,red-brown,one truck (Ford F150),black,varied colors,overhead,motorcycle,,s3://auto-lora/f5ddba02-4295-48d9-8ad5-ba8583871323/1466b03e-841d-4c45-975e-c6900af67662/lora_weights.safetensors,$txc,train
7a83d078-33ee-4d6e-85da-db6d0d7aae1c,"A rural highway in the southwest USA with a sunny weather condition and active precipitation, featuring a street-level view of moderate number of vehicles including varied colored cars and one black Ford F150 truck, set against a backdrop of red-brown pavement, with a motorcycle also visible.",f5ddba02-4295-48d9-8ad5-ba8583871323/bc6ba36c-aa02-4630-a0ea-4150b9b69e36/Synthetic/7a83d078-33ee-4d6e-85da-db6d0d7aae1c_flux_1789424908.png,rural highways,sunny,active precipitation,trucks (Ford F150),moderate number of vehicles,southwest USA,red-brown,one truck (Ford F150),black,varied colors,street-level,motorcycle,,s3://auto-lora/f5ddba02-4295-48d9-8ad5-ba8583871323/1466b03e-841d-4c45-975e-c6900af67662/lora_weights.safetensors,$txc,train
c250d652-05b8-4c08-a78f-bee2bd58b8a4,"A sunny day with clear visibility on rural highways in the southwest USA, gray pavement, moderate number of varied-colored SUVs, one black Ford F150 truck, and a motorcycle visible at street level.",f5ddba02-4295-48d9-8ad5-ba8583871323/bc6ba36c-aa02-4630-a0ea-4150b9b69e36/Synthetic/c250d652-05b8-4c08-a78f-bee2bd58b8a4_flux_1789426100.png,rural highways,sunny,clear,SUVs,moderate number of vehicles,southwest USA,gray,one truck (Ford F150),black,varied colors,street-level,motorcycle,,s3://auto-lora/f5ddba02-4295-48d9-8ad5-ba8583871323/1466b03e-841d-4c45-975e-c6900af67662/lora_weights.safetensors,$txc,train
b790e6f7-2e19-4042-ab3e-d5907a1e6852,"An overhead view of a snowy urban highway in the northeast USA with active precipitation, featuring a high density of varied-colored SUVs and one black Ford F150 truck, where the gray pavement is visible and a bus stands out as an object of interest.",f5ddba02-4295-48d9-8ad5-ba8583871323/bc6ba36c-aa02-4630-a0ea-4150b9b69e36/Synthetic/b790e6f7-2e19-4042-ab3e-d5907a1e6852_flux_1789424583.png,urban highways,snowy,active precipitation,SUVs,high density of vehicles,northeast USA,gray,one truck (Ford F150),black,varied colors,overhead,bus,,s3://auto-lora/f5ddba02-4295-48d9-8ad5-ba8583871323/1466b03e-841d-4c45-975e-c6900af67662/lora_weights.safetensors,$txc,train
4c7228e4-0c3d-4a76-a00f-76a19baeac62,"An overhead view of rural highways in the northeast USA during rainy weather with active precipitation, featuring a moderate number of sedans in varied colors and one black Ford F150 truck, all moving under gray pavement.",f5ddba02-4295-48d9-8ad5-ba8583871323/bc6ba36c-aa02-4630-a0ea-4150b9b69e36/Synthetic/4c7228e4-0c3d-4a76-a00f-76a19baeac62_flux_1789423621.png,rural highways,rainy,active precipitation,sedans,moderate number of vehicles,northeast USA,gray,one truck (Ford F150),black,varied colors,overhead,car,,s3://auto-lora/f5ddba02-4295-48d9-8ad5-ba8583871323/1466b03e-841d-4c45-975e-c6900af67662/lora_weights.safetensors,$txc,train
4dae8f17-0707-42c2-a9b7-17547dfd5714,"An overhead view of a rural highway in the southwest USA with a snowy and hazy environment, featuring a gray pavement, very few vehicles including one red Ford F150 truck, and overall low visibility.",f5ddba02-4295-48d9-8ad5-ba8583871323/bc6ba36c-aa02-4630-a0ea-4150b9b69e36/Synthetic/4dae8f17-0707-42c2-a9b7-17547dfd5714_flux_1789426548.png,rural highways,snowy,hazy,trucks (Ford F150),very few vehicles,southwest USA,gray,one truck (Ford F150),red,varied colors,overhead,truck,,s3://auto-lora/f5ddba02-4295-48d9-8ad5-ba8583871323/1466b03e-841d-4c45-975e-c6900af67662/lora_weights.safetensors,$txc,train
22b4841b-fa60-41d2-a64b-895fd9ee3aa3,"An urban highway in the southwest USA with a snowy, hazy environment and a high density of motorcycles at street-level; one red Ford F150 truck is also visible, and cars are scattered among the vehicles with varied colors on the gray pavement.",f5ddba02-4295-48d9-8ad5-ba8583871323/bc6ba36c-aa02-4630-a0ea-4150b9b69e36/Synthetic/22b4841b-fa60-41d2-a64b-895fd9ee3aa3_flux_1789425796.png,urban highways,snowy,hazy,motorcycles,high density of vehicles,southwest USA,gray,one truck (Ford F150),red,varied colors,street-level,car,,s3://auto-lora/f5ddba02-4295-48d9-8ad5-ba8583871323/1466b03e-841d-4c45-975e-c6900af67662/lora_weights.safetensors,$txc,train
6576f1d0-0295-4cd6-8265-f5c8c8ec3dcb,"An overhead view of a rural highway in the southeast USA with a high density of SUVs and hazy, rainy conditions, the pavement is red-brown and a Ford F150 truck in red is present among the varied colored vehicles.",f5ddba02-4295-48d9-8ad5-ba8583871323/bc6ba36c-aa02-4630-a0ea-4150b9b69e36/Synthetic/6576f1d0-0295-4cd6-8265-f5c8c8ec3dcb_flux_1789423609.png,rural highways,rainy,hazy,SUVs,high density of vehicles,southeast USA,red-brown,one truck (Ford F150),red,varied colors,overhead,car,,s3://auto-lora/f5ddba02-4295-48d9-8ad5-ba8583871323/1466b03e-841d-4c45-975e-c6900af67662/lora_weights.safetensors,$txc,train
f48d1a1b-08a3-408d-9ba8-4afd0827e622,"A rural highway in the southwest USA with red-brown pavement stretches under clear snowy skies; very few varied-colored sedans are visible, one red Ford F150 truck is present, and a motorcycle is the primary point of interest from a street-level perspective.",f5ddba02-4295-48d9-8ad5-ba8583871323/bc6ba36c-aa02-4630-a0ea-4150b9b69e36/Synthetic/f48d1a1b-08a3-408d-9ba8-4afd0827e622_flux_1789423761.png,rural highways,snowy,clear,sedans,very few vehicles,southwest USA,red-brown,one truck (Ford F150),red,varied colors,street-level,motorcycle,,s3://auto-lora/f5ddba02-4295-48d9-8ad5-ba8583871323/1466b03e-841d-4c45-975e-c6900af67662/lora_weights.safetensors,$txc,train
7e9594d7-4f1d-43e1-afbb-061f49375c34,"A sunny day with active precipitation on a rural highway in the southeast USA, where a gray pavement is shared by a moderate number of motorcycles of varied colors and a black Ford F150 truck, viewed from street level.",f5ddba02-4295-48d9-8ad5-ba8583871323/bc6ba36c-aa02-4630-a0ea-4150b9b69e36/Synthetic/7e9594d7-4f1d-43e1-afbb-061f49375c34_flux_1789425291.png,rural highways,sunny,active precipitation,motorcycles,moderate number of vehicles,southeast USA,gray,one truck (Ford F150),black,varied colors,street-level,motorcycle,,s3://auto-lora/f5ddba02-4295-48d9-8ad5-ba8583871323/1466b03e-841d-4c45-975e-c6900af67662/lora_weights.safetensors,$txc,train
16f928b1-7856-4074-a1a6-693e58a5a675,"A rural highway in the southeast USA with sunny and clear conditions, gray pavement, very few varied-colored sedans, one gray Ford F150 truck, and a bus visible at street level.",f5ddba02-4295-48d9-8ad5-ba8583871323/bc6ba36c-aa02-4630-a0ea-4150b9b69e36/Synthetic/16f928b1-7856-4074-a1a6-693e58a5a675_flux_1789425675.png,rural highways,sunny,clear,sedans,very few vehicles,southeast USA,gray,one truck (Ford F150),gray,varied colors,street-level,bus,,s3://auto-lora/f5ddba02-4295-48d9-8ad5-ba8583871323/1466b03e-841d-4c45-975e-c6900af67662/lora_weights.safetensors,$txc,train
1c215f23-b9ed-4b65-857b-d84a691e6e21,"An overhead view of a rainy, hazy urban highway in the northeast USA with a high density of varied-colored sedans and one white Ford F150 truck, where the pavement is gray and a bus is also present.",f5ddba02-4295-48d9-8ad5-ba8583871323/bc6ba36c-aa02-4630-a0ea-4150b9b69e36/Synthetic/1c215f23-b9ed-4b65-857b-d84a691e6e21_flux_1789426618.png,urban highways,rainy,hazy,sedans,high density of vehicles,northeast USA,gray,one truck (Ford F150),white,varied colors,overhead,bus,,s3://auto-lora/f5ddba02-4295-48d9-8ad5-ba8583871323/1466b03e-841d-4c45-975e-c6900af67662/lora_weights.safetensors,$txc,train
2aacc250-a2ee-4a27-aa66-10331154800e,"An overhead view of rural highways in the southeast USA with sunny weather and active precipitation, featuring a moderate number of motorcycles in varied colors and one gray Ford F150 truck on a gray pavement.",f5ddba02-4295-48d9-8ad5-ba8583871323/bc6ba36c-aa02-4630-a0ea-4150b9b69e36/Synthetic/2aacc250-a2ee-4a27-aa66-10331154800e_flux_1789424129.png,rural highways,sunny,active precipitation,motorcycles,moderate number of vehicles,southeast USA,gray,one truck (Ford F150),gray,varied colors,overhead,truck,,s3://auto-lora/f5ddba02-4295-48d9-8ad5-ba8583871323/1466b03e-841d-4c45-975e-c6900af67662/lora_weights.safetensors,$txc,train
132b567b-5357-4fe9-9e3e-ddb858dc243f,"An urban highway in the northeast USA with a rainy, hazy environment; red-brown pavement is visible. There is one gray Ford F150 truck and a moderate number of buses. Various vehicles with varied colors are present from a street-level view, and a motorcycle is the object of interest.",f5ddba02-4295-48d9-8ad5-ba8583871323/bc6ba36c-aa02-4630-a0ea-4150b9b69e36/Synthetic/132b567b-5357-4fe9-9e3e-ddb858dc243f_flux_1789424038.png,urban highways,rainy,hazy,buses,moderate number of vehicles,northeast USA,red-brown,one truck (Ford F150),gray,varied colors,street-level,motorcycle,,s3://auto-lora/f5ddba02-4295-48d9-8ad5-ba8583871323/1466b03e-841d-4c45-975e-c6900af67662/lora_weights.safetensors,$txc,train
5cd767f1-20e9-443f-bf35-7e79018aa5b7,"An urban highway in the southeast USA with foggy weather and clear visibility, featuring a street-level view of very few vehicles, one gray Ford F150 truck on red-brown pavement, and varied vehicle colors.",f5ddba02-4295-48d9-8ad5-ba8583871323/bc6ba36c-aa02-4630-a0ea-4150b9b69e36/Synthetic/5cd767f1-20e9-443f-bf35-7e79018aa5b7_flux_1789426227.png,urban highways,foggy,clear,trucks (Ford F150),very few vehicles,southeast USA,red-brown,one truck (Ford F150),gray,varied colors,street-level,truck,,s3://auto-lora/f5ddba02-4295-48d9-8ad5-ba8583871323/1466b03e-841d-4c45-975e-c6900af67662/lora_weights.safetensors,$txc,train
5a7b9572-dccc-4dde-beb5-e757dad61f1c,"A sunny but hazy scene on an urban highway in the southwest USA with a high density of motorcycles and one white Ford F150 truck, all moving under street-level view on gray pavement; varied motorcycle colors are noticeable.",f5ddba02-4295-48d9-8ad5-ba8583871323/bc6ba36c-aa02-4630-a0ea-4150b9b69e36/Synthetic/5a7b9572-dccc-4dde-beb5-e757dad61f1c_flux_1789422714.png,urban highways,sunny,hazy,motorcycles,high density of vehicles,southwest USA,gray,one truck (Ford F150),white,varied colors,street-level,motorcycle,,s3://auto-lora/f5ddba02-4295-48d9-8ad5-ba8583871323/1466b03e-841d-4c45-975e-c6900af67662/lora_weights.safetensors,$txc,train
06d1629d-7e82-4325-8a06-c975c887f37d,"An overhead view of a sunny urban highway in the southwest USA with clear visibility, featuring a moderate number of SUVs in varied colors, one black Ford F150 truck, and a motorcycle present on the gray pavement.",f5ddba02-4295-48d9-8ad5-ba8583871323/bc6ba36c-aa02-4630-a0ea-4150b9b69e36/Synthetic/06d1629d-7e82-4325-8a06-c975c887f37d_flux_1789426536.png,urban highways,sunny,clear,SUVs,moderate number of vehicles,southwest USA,gray,one truck (Ford F150),black,varied colors,overhead,motorcycle,,s3://auto-lora/f5ddba02-4295-48d9-8ad5-ba8583871323/1466b03e-841d-4c45-975e-c6900af67662/lora_weights.safetensors,$txc,train
3d1215d8-6491-40da-92de-15925279e1f1,"A rural highway in the southwest USA with active snowy weather and high density of vehicles, predominantly trucks including one red Ford F150, on a red-brown pavement; street-level view showing varied vehicle colors and a motorcycle present due to snow conditions.",f5ddba02-4295-48d9-8ad5-ba8583871323/bc6ba36c-aa02-4630-a0ea-4150b9b69e36/Synthetic/3d1215d8-6491-40da-92de-15925279e1f1_flux_1789423923.png,rural highways,snowy,active precipitation,trucks (Ford F150),high density of vehicles,southwest USA,red-brown,one truck (Ford F150),red,varied colors,street-level,motorcycle,,s3://auto-lora/f5ddba02-4295-48d9-8ad5-ba8583871323/1466b03e-841d-4c45-975e-c6900af67662/lora_weights.safetensors,$txc,train
d7f27a52-f804-46fa-a3d2-c948d77cf7ba,"An overhead view of a foggy, hazy urban highway in the northeast USA with a high density of vehicles and one blue Ford F150 truck, the pavement is red-brown and there are various colored cars present; the objects of interest include a bus.",f5ddba02-4295-48d9-8ad5-ba8583871323/bc6ba36c-aa02-4630-a0ea-4150b9b69e36/Synthetic/d7f27a52-f804-46fa-a3d2-c948d77cf7ba_flux_1789423687.png,urban highways,foggy,hazy,trucks (Ford F150),high density of vehicles,northeast USA,red-brown,one truck (Ford F150),blue,varied colors,overhead,bus,,s3://auto-lora/f5ddba02-4295-48d9-8ad5-ba8583871323/1466b03e-841d-4c45-975e-c6900af67662/lora_weights.safetensors,$txc,train
a804f656-cd9b-4511-b03f-3a9cd323d892,"An overhead view of a foggy urban highway in the southwest USA with high density of varied colored sedans and one red Ford F150 truck, active precipitation, red-brown pavement, and a bus as the primary point of interest.",f5ddba02-4295-48d9-8ad5-ba8583871323/bc6ba36c-aa02-4630-a0ea-4150b9b69e36/Synthetic/a804f656-cd9b-4511-b03f-3a9cd323d892_flux_1789425271.png,urban highways,foggy,active precipitation,sedans,high density of vehicles,southwest USA,red-brown,one truck (Ford F150),red,varied colors,overhead,bus,,s3://auto-lora/f5ddba02-4295-48d9-8ad5-ba8583871323/1466b03e-841d-4c45-975e-c6900af67662/lora_weights.safetensors,$txc,train
f67fd591-ecbf-4f4c-9d47-61b19f3d7c01,"An overhead view of an urban highway in the southwest USA with gray pavement and clear visibility despite rainy weather; very few vehicles are present, including one white Ford F150 truck, while other vehicles have varied colors.",f5ddba02-4295-48d9-8ad5-ba8583871323/bc6ba36c-aa02-4630-a0ea-4150b9b69e36/Synthetic/f67fd591-ecbf-4f4c-9d47-61b19f3d7c01_flux_1789423560.png,urban highways,rainy,clear,trucks (Ford F150),very few vehicles,southwest USA,gray,one truck (Ford F150),white,varied colors,overhead,car,,s3://auto-lora/f5ddba02-4295-48d9-8ad5-ba8583871323/1466b03e-841d-4c45-975e-c6900af67662/lora_weights.safetensors,$txc,train
328d1050-d528-4582-a719-f0bf7b50606b,"An overhead view of a rural highway in the southwest USA with active snowy weather and very few vehicles, featuring a blue Ford F150 truck and varied colored cars, set against a gray pavement, where the primary interest is a bus present on the scene.",f5ddba02-4295-48d9-8ad5-ba8583871323/bc6ba36c-aa02-4630-a0ea-4150b9b69e36/Synthetic/328d1050-d528-4582-a719-f0bf7b50606b_flux_1789423139.png,rural highways,snowy,active precipitation,trucks (Ford F150),very few vehicles,southwest USA,gray,one truck (Ford F150),blue,varied colors,overhead,bus,,s3://auto-lora/f5ddba02-4295-48d9-8ad5-ba8583871323/1466b03e-841d-4c45-975e-c6900af67662/lora_weights.safetensors,$txc,train
ef1c4c71-91ff-46b3-ad31-339e90f207c4,"An overhead view of an urban highway in the southeast USA with active snow precipitation, featuring a moderate number of motorcycles in varied colors and one blue Ford F150 truck.",f5ddba02-4295-48d9-8ad5-ba8583871323/bc6ba36c-aa02-4630-a0ea-4150b9b69e36/Synthetic/ef1c4c71-91ff-46b3-ad31-339e90f207c4_flux_1789422954.png,urban highways,snowy,active precipitation,motorcycles,moderate number of vehicles,southeast USA,gray,one truck (Ford F150),blue,varied colors,overhead,truck,,s3://auto-lora/f5ddba02-4295-48d9-8ad5-ba8583871323/1466b03e-841d-4c45-975e-c6900af67662/lora_weights.safetensors,$txc,train
85eb01a4-e1e5-4406-90d6-b9c0d96c706c,"A rural highway in the northeast USA with sunny weather and active precipitation, featuring a high density of varied-colored SUVs and one blue Ford F150 truck, observed from a street-level angle, where visibility is compromised by the weather conditions and numerous vehicles, with a motorcycle also present as an object of interest.",f5ddba02-4295-48d9-8ad5-ba8583871323/bc6ba36c-aa02-4630-a0ea-4150b9b69e36/Synthetic/85eb01a4-e1e5-4406-90d6-b9c0d96c706c_flux_1789423019.png,rural highways,sunny,active precipitation,SUVs,high density of vehicles,northeast USA,gray,one truck (Ford F150),blue,varied colors,street-level,motorcycle,,s3://auto-lora/f5ddba02-4295-48d9-8ad5-ba8583871323/1466b03e-841d-4c45-975e-c6900af67662/lora_weights.safetensors,$txc,train
942f26cf-c377-4468-8287-2c6741d9f5aa,"An overhead view of a snowy, hazy urban highway in the southeast USA with a moderate number of vehicles, including varied-colored motorcycles and one white Ford F150 truck, set against a red-brown pavement, focusing on cars as the primary objects of interest.",f5ddba02-4295-48d9-8ad5-ba8583871323/bc6ba36c-aa02-4630-a0ea-4150b9b69e36/Synthetic/942f26cf-c377-4468-8287-2c6741d9f5aa_flux_1789423011.png,urban highways,snowy,hazy,motorcycles,moderate number of vehicles,southeast USA,red-brown,one truck (Ford F150),white,varied colors,overhead,car,,s3://auto-lora/f5ddba02-4295-48d9-8ad5-ba8583871323/1466b03e-841d-4c45-975e-c6900af67662/lora_weights.safetensors,$txc,train
ac44f6a1-1008-4d95-a7a9-a3425b702fc6,"An overhead view of a snowy, hazy urban highway in the northeast USA with gray pavement and very few varied-colored sedans present; one white Ford F150 truck is also visible.",f5ddba02-4295-48d9-8ad5-ba8583871323/bc6ba36c-aa02-4630-a0ea-4150b9b69e36/Synthetic/ac44f6a1-1008-4d95-a7a9-a3425b702fc6_flux_1789426302.png,urban highways,snowy,hazy,sedans,very few vehicles,northeast USA,gray,one truck (Ford F150),white,varied colors,overhead,car,,s3://auto-lora/f5ddba02-4295-48d9-8ad5-ba8583871323/1466b03e-841d-4c45-975e-c6900af67662/lora_weights.safetensors,$txc,train
a1b1a9cd-fc1f-43d6-9f0b-2968dd777289,"An overhead view of a rural highway in the northeast USA with red-brown pavement, showing rainy weather and clear visibility; very few vehicles are present, including one gray Ford F150 truck.",f5ddba02-4295-48d9-8ad5-ba8583871323/bc6ba36c-aa02-4630-a0ea-4150b9b69e36/Synthetic/a1b1a9cd-fc1f-43d6-9f0b-2968dd777289_flux_1789423782.png,rural highways,rainy,clear,trucks (Ford F150),very few vehicles,northeast USA,red-brown,one truck (Ford F150),gray,varied colors,overhead,truck,,s3://auto-lora/f5ddba02-4295-48d9-8ad5-ba8583871323/1466b03e-841d-4c45-975e-c6900af67662/lora_weights.safetensors,$txc,train
97187a23-f9c2-43d6-9155-2c8c77eafdd3,"An urban highway in the southwest USA with a rainy, hazy environment, featuring a street-level view of a moderate number of SUVs in varied colors and one gray Ford F150 truck, all driving on red-brown pavement.",f5ddba02-4295-48d9-8ad5-ba8583871323/bc6ba36c-aa02-4630-a0ea-4150b9b69e36/Synthetic/97187a23-f9c2-43d6-9155-2c8c77eafdd3_flux_1789424228.png,urban highways,rainy,hazy,SUVs,moderate number of vehicles,southwest USA,red-brown,one truck (Ford F150),gray,varied colors,street-level,car,,s3://auto-lora/f5ddba02-4295-48d9-8ad5-ba8583871323/1466b03e-841d-4c45-975e-c6900af67662/lora_weights.safetensors,$txc,train
b6fe1b94-8ff5-4865-909c-07ccc6334a4c,"An overhead view of rural highways in the southwest USA with sunny and clear weather, featuring a high density of buses on red-brown pavement and one white Ford F150 truck, where bus colors vary widely.",f5ddba02-4295-48d9-8ad5-ba8583871323/bc6ba36c-aa02-4630-a0ea-4150b9b69e36/Synthetic/b6fe1b94-8ff5-4865-909c-07ccc6334a4c_flux_1789425935.png,rural highways,sunny,clear,buses,high density of vehicles,southwest USA,red-brown,one truck (Ford F150),white,varied colors,overhead,bus,,s3://auto-lora/f5ddba02-4295-48d9-8ad5-ba8583871323/1466b03e-841d-4c45-975e-c6900af67662/lora_weights.safetensors,$txc,train
87c69938-e0fa-4ffc-ae8a-fc939b3d6838,"A sunny day on a rural highway in the northeast USA with active precipitation, featuring a high density of vehicles including a white Ford F150 truck on red-brown pavement from a street-level perspective, with objects of interest centered on the single white Ford F150 truck among varied vehicle colors.",f5ddba02-4295-48d9-8ad5-ba8583871323/bc6ba36c-aa02-4630-a0ea-4150b9b69e36/Synthetic/87c69938-e0fa-4ffc-ae8a-fc939b3d6838_flux_1789423390.png,rural highways,sunny,active precipitation,trucks (Ford F150),high density of vehicles,northeast USA,red-brown,one truck (Ford F150),white,varied colors,street-level,truck,,s3://auto-lora/f5ddba02-4295-48d9-8ad5-ba8583871323/1466b03e-841d-4c45-975e-c6900af67662/lora_weights.safetensors,$txc,train
60ad9ea7-2373-4840-8611-dcf663641165,"An overhead view of a rainy rural highway in the southeast USA with a high density of sedans and a blue Ford F150 truck, the pavement is red-brown and has varied vehicle colors.",f5ddba02-4295-48d9-8ad5-ba8583871323/bc6ba36c-aa02-4630-a0ea-4150b9b69e36/Synthetic/60ad9ea7-2373-4840-8611-dcf663641165_flux_1789425634.png,rural highways,rainy,clear,sedans,high density of vehicles,southeast USA,red-brown,one truck (Ford F150),blue,varied colors,overhead,car,,s3://auto-lora/f5ddba02-4295-48d9-8ad5-ba8583871323/1466b03e-841d-4c45-975e-c6900af67662/lora_weights.safetensors,$txc,train
090db26f-c999-42a3-a40b-06cb0f9e11fe,"An overhead view of rural highways in the southeast USA with a foggy weather condition resulting in hazy visibility; a moderate number of buses and one blue Ford F150 truck are present on the gray pavement, with varied bus colors.",f5ddba02-4295-48d9-8ad5-ba8583871323/bc6ba36c-aa02-4630-a0ea-4150b9b69e36/Synthetic/090db26f-c999-42a3-a40b-06cb0f9e11fe_flux_1789423728.png,rural highways,foggy,hazy,buses,moderate number of vehicles,southeast USA,gray,one truck (Ford F150),blue,varied colors,overhead,truck,,s3://auto-lora/f5ddba02-4295-48d9-8ad5-ba8583871323/1466b03e-841d-4c45-975e-c6900af67662/lora_weights.safetensors,$txc,train
21f6a37e-47c2-4bb8-8b08-58cdbb8c8eb4,"An overhead view of a foggy urban highway in the northeast USA with high density of motorcycles and varied vehicle colors, active precipitation, gray pavement, and one red Ford F150 truck.",f5ddba02-4295-48d9-8ad5-ba8583871323/bc6ba36c-aa02-4630-a0ea-4150b9b69e36/Synthetic/21f6a37e-47c2-4bb8-8b08-58cdbb8c8eb4_flux_1789425424.png,urban highways,foggy,active precipitation,motorcycles,high density of vehicles,northeast USA,gray,one truck (Ford F150),red,varied colors,overhead,motorcycle,,s3://auto-lora/f5ddba02-4295-48d9-8ad5-ba8583871323/1466b03e-841d-4c45-975e-c6900af67662/lora_weights.safetensors,$txc,train
af83a460-342b-450f-bcfa-b8c96019cd59,"An overhead view of a sunny, clear urban highway in the southwest USA with a high density of vehicles and one white Ford F150 truck on a gray pavement, featuring cars of varied colors.",f5ddba02-4295-48d9-8ad5-ba8583871323/bc6ba36c-aa02-4630-a0ea-4150b9b69e36/Synthetic/af83a460-342b-450f-bcfa-b8c96019cd59_flux_1789426338.png,urban highways,sunny,clear,trucks (Ford F150),high density of vehicles,southwest USA,gray,one truck (Ford F150),white,varied colors,overhead,car,,s3://auto-lora/f5ddba02-4295-48d9-8ad5-ba8583871323/1466b03e-841d-4c45-975e-c6900af67662/lora_weights.safetensors,$txc,train
e25c7140-27be-4b13-ab29-7b03b279cb9c,"A rural highway in the southwest USA with sunny and clear conditions, gray pavement, and very few vehicles including one red Ford F150 truck; an object of interest is a bus visible in the scene from street level.",f5ddba02-4295-48d9-8ad5-ba8583871323/bc6ba36c-aa02-4630-a0ea-4150b9b69e36/Synthetic/e25c7140-27be-4b13-ab29-7b03b279cb9c_flux_1789423048.png,rural highways,sunny,clear,trucks (Ford F150),very few vehicles,southwest USA,gray,one truck (Ford F150),red,varied colors,street-level,bus,,s3://auto-lora/f5ddba02-4295-48d9-8ad5-ba8583871323/1466b03e-841d-4c45-975e-c6900af67662/lora_weights.safetensors,$txc,train
2041391e-517a-4e2d-bf8e-006f3c027c0f,An overhead view of a rural highway in the southeast USA with a sunny weather condition and active precipitation; the road has a red-brown pavement and there is one white Ford F150 truck among very few vehicles of varied colors.,f5ddba02-4295-48d9-8ad5-ba8583871323/bc6ba36c-aa02-4630-a0ea-4150b9b69e36/Synthetic/2041391e-517a-4e2d-bf8e-006f3c027c0f_flux_1789425139.png,rural highways,sunny,active precipitation,buses,very few vehicles,southeast USA,red-brown,one truck (Ford F150),white,varied colors,overhead,truck,,s3://auto-lora/f5ddba02-4295-48d9-8ad5-ba8583871323/1466b03e-841d-4c45-975e-c6900af67662/lora_weights.safetensors,$txc,train
b44db274-68f2-4688-adf8-83060c39b067,"An overhead view of a sunny urban highway in the southeast USA with clear visibility, featuring a moderate number of vehicles including various colored cars and one black Ford F150 truck on gray pavement.",f5ddba02-4295-48d9-8ad5-ba8583871323/bc6ba36c-aa02-4630-a0ea-4150b9b69e36/Synthetic/b44db274-68f2-4688-adf8-83060c39b067_flux_1789422982.png,urban highways,sunny,clear,trucks (Ford F150),moderate number of vehicles,southeast USA,gray,one truck (Ford F150),black,varied colors,overhead,car,,s3://auto-lora/f5ddba02-4295-48d9-8ad5-ba8583871323/1466b03e-841d-4c45-975e-c6900af67662/lora_weights.safetensors,$txc,train
5600ec7f-a8f9-4e7f-aace-45d8570f1f0c,"On a sunny day with clear visibility, an urban highway in the northeast USA is depicted from street level, featuring very few vehicles of varied colors, one blue Ford F150 truck, and red-brown pavement, with cars being the primary objects of interest.",f5ddba02-4295-48d9-8ad5-ba8583871323/bc6ba36c-aa02-4630-a0ea-4150b9b69e36/Synthetic/5600ec7f-a8f9-4e7f-aace-45d8570f1f0c_flux_1789424637.png,urban highways,sunny,clear,buses,very few vehicles,northeast USA,red-brown,one truck (Ford F150),blue,varied colors,street-level,car,,s3://auto-lora/f5ddba02-4295-48d9-8ad5-ba8583871323/1466b03e-841d-4c45-975e-c6900af67662/lora_weights.safetensors,$txc,train
870b9aa1-6580-4b0b-bfe3-f2214adf9dcb,"A foggy rural highway in the southwest USA with gray pavement and very few vehicles of varied colors, including an SUV and a blue Ford F150 truck, viewed from street level, where a motorcycle is the primary point of interest.",f5ddba02-4295-48d9-8ad5-ba8583871323/bc6ba36c-aa02-4630-a0ea-4150b9b69e36/Synthetic/870b9aa1-6580-4b0b-bfe3-f2214adf9dcb_flux_1789425910.png,rural highways,foggy,clear,SUVs,very few vehicles,southwest USA,gray,one truck (Ford F150),blue,varied colors,street-level,motorcycle,,s3://auto-lora/f5ddba02-4295-48d9-8ad5-ba8583871323/1466b03e-841d-4c45-975e-c6900af67662/lora_weights.safetensors,$txc,train
1ac0114c-c19b-4959-b0a6-3dca72bd35e4,"An urban highway in the northeast USA with gray pavement and foggy weather conditions, active precipitation, and very few vehicles of varied colors; one gray Ford F150 truck is present, and a motorcycle is the primary object of interest from a street-level perspective.",f5ddba02-4295-48d9-8ad5-ba8583871323/bc6ba36c-aa02-4630-a0ea-4150b9b69e36/Synthetic/1ac0114c-c19b-4959-b0a6-3dca72bd35e4_flux_1789424952.png,urban highways,foggy,active precipitation,buses,very few vehicles,northeast USA,gray,one truck (Ford F150),gray,varied colors,street-level,motorcycle,,s3://auto-lora/f5ddba02-4295-48d9-8ad5-ba8583871323/1466b03e-841d-4c45-975e-c6900af67662/lora_weights.safetensors,$txc,train
c2cfdf14-38fd-469f-b141-b8ae2f9e8f00,"An overhead view of a rainy, hazy urban highway in the southeast USA with gray pavement and a moderate number of buses; one gray Ford F150 truck is also visible, standing out as the primary object of interest.",f5ddba02-4295-48d9-8ad5-ba8583871323/bc6ba36c-aa02-4630-a0ea-4150b9b69e36/Synthetic/c2cfdf14-38fd-469f-b141-b8ae2f9e8f00_flux_1789426149.png,urban highways,rainy,hazy,buses,moderate number of vehicles,southeast USA,gray,one truck (Ford F150),gray,varied colors,overhead,truck,,s3://auto-lora/f5ddba02-4295-48d9-8ad5-ba8583871323/1466b03e-841d-4c45-975e-c6900af67662/lora_weights.safetensors,$txc,train
ce2661e5-b54f-4629-8ba2-00f1e22cf6e3,A rural highway in the northeast USA with gray pavement and clear visibility despite rainy weather conditions shows a high density of buses and one gray Ford F150 truck; variously colored motorcycles are also visible from street level.,f5ddba02-4295-48d9-8ad5-ba8583871323/bc6ba36c-aa02-4630-a0ea-4150b9b69e36/Synthetic/ce2661e5-b54f-4629-8ba2-00f1e22cf6e3_flux_1789425185.png,rural highways,rainy,clear,buses,high density of vehicles,northeast USA,gray,one truck (Ford F150),gray,varied colors,street-level,motorcycle,,s3://auto-lora/f5ddba02-4295-48d9-8ad5-ba8583871323/1466b03e-841d-4c45-975e-c6900af67662/lora_weights.safetensors,$txc,train
62b4170b-6306-4189-a7d5-d4b63152e984,"An overhead view of a rainy, hazy urban highway in the northeast USA with a moderate number of buses and one blue Ford F150 truck, the pavement is gray and the vehicles have varied colors.",f5ddba02-4295-48d9-8ad5-ba8583871323/bc6ba36c-aa02-4630-a0ea-4150b9b69e36/Synthetic/62b4170b-6306-4189-a7d5-d4b63152e984_flux_1789425754.png,urban highways,rainy,hazy,buses,moderate number of vehicles,northeast USA,gray,one truck (Ford F150),blue,varied colors,overhead,bus,,s3://auto-lora/f5ddba02-4295-48d9-8ad5-ba8583871323/1466b03e-841d-4c45-975e-c6900af67662/lora_weights.safetensors,$txc,train
9533a353-4b17-47a4-a2b6-6f690d44861b,"An urban highway in the southeast USA with foggy weather and clear visibility, featuring a street-level view of a moderate number of motorcycles in varied colors and one blue Ford F150 truck, all against a gray pavement.",f5ddba02-4295-48d9-8ad5-ba8583871323/bc6ba36c-aa02-4630-a0ea-4150b9b69e36/Synthetic/9533a353-4b17-47a4-a2b6-6f690d44861b_flux_1789422796.png,urban highways,foggy,clear,motorcycles,moderate number of vehicles,southeast USA,gray,one truck (Ford F150),blue,varied colors,street-level,car,,s3://auto-lora/f5ddba02-4295-48d9-8ad5-ba8583871323/1466b03e-841d-4c45-975e-c6900af67662/lora_weights.safetensors,$txc,train
baf59a81-39f9-4a35-b051-1b25550890fb,"A rural highway in the southeast USA with a street-level view shows sunny and clear conditions; sedans and a moderate number of vehicles with varied colors are present, and one red Ford F150 truck is visible; the pavement has a red-brown color and a bus stands out as an object of interest.",f5ddba02-4295-48d9-8ad5-ba8583871323/bc6ba36c-aa02-4630-a0ea-4150b9b69e36/Synthetic/baf59a81-39f9-4a35-b051-1b25550890fb_flux_1789422710.png,rural highways,sunny,clear,sedans,moderate number of vehicles,southeast USA,red-brown,one truck (Ford F150),red,varied colors,street-level,bus,,s3://auto-lora/f5ddba02-4295-48d9-8ad5-ba8583871323/1466b03e-841d-4c45-975e-c6900af67662/lora_weights.safetensors,$txc,train
6764e134-aa6b-4dc6-8c12-d232daeb2d71,"A rural highway in the northeast USA with red-brown pavement and foggy, hazy weather conditions shows very few motorcycles and one red Ford F150 truck; the street-level view includes varied colored cars as objects of interest.",f5ddba02-4295-48d9-8ad5-ba8583871323/bc6ba36c-aa02-4630-a0ea-4150b9b69e36/Synthetic/6764e134-aa6b-4dc6-8c12-d232daeb2d71_flux_1789424747.png,rural highways,foggy,hazy,motorcycles,very few vehicles,northeast USA,red-brown,one truck (Ford F150),red,varied colors,street-level,car,,s3://auto-lora/f5ddba02-4295-48d9-8ad5-ba8583871323/1466b03e-841d-4c45-975e-c6900af67662/lora_weights.safetensors,$txc,train
a683a586-df05-4f5e-bb53-4b5148ae0d30,"A rural highway in the southwest USA with a high density of motorcycles and varied vehicle colors, sunny weather and active precipitation reducing visibility, a street-level view showing a red Ford F150 truck and red-brown pavement, despite the challenging conditions.",f5ddba02-4295-48d9-8ad5-ba8583871323/bc6ba36c-aa02-4630-a0ea-4150b9b69e36/Synthetic/a683a586-df05-4f5e-bb53-4b5148ae0d30_flux_1789424265.png,rural highways,sunny,active precipitation,motorcycles,high density of vehicles,southwest USA,red-brown,one truck (Ford F150),red,varied colors,street-level,truck,,s3://auto-lora/f5ddba02-4295-48d9-8ad5-ba8583871323/1466b03e-841d-4c45-975e-c6900af67662/lora_weights.safetensors,$txc,train
a73b0c0d-c657-42be-8420-ac97974060b4,"An overhead view of an urban highway in the southeast USA with foggy weather and clear visibility, featuring very few vehicles of varied colors, one blue Ford F150 truck, and gray pavement, with cars being the objects of interest.",f5ddba02-4295-48d9-8ad5-ba8583871323/bc6ba36c-aa02-4630-a0ea-4150b9b69e36/Synthetic/a73b0c0d-c657-42be-8420-ac97974060b4_flux_1789425679.png,urban highways,foggy,clear,buses,very few vehicles,southeast USA,gray,one truck (Ford F150),blue,varied colors,overhead,car,,s3://auto-lora/f5ddba02-4295-48d9-8ad5-ba8583871323/1466b03e-841d-4c45-975e-c6900af67662/lora_weights.safetensors,$txc,train
479d37f0-9f30-432e-aeb5-c13456ec2e34,"An overhead view of rural highways in the southeast USA during a rainy, hazy weather condition with a moderate number of buses and one gray Ford F150 truck on red-brown pavement, the buses displaying varied colors.",f5ddba02-4295-48d9-8ad5-ba8583871323/bc6ba36c-aa02-4630-a0ea-4150b9b69e36/Synthetic/479d37f0-9f30-432e-aeb5-c13456ec2e34_flux_1789423003.png,rural highways,rainy,hazy,buses,moderate number of vehicles,southeast USA,red-brown,one truck (Ford F150),gray,varied colors,overhead,bus,,s3://auto-lora/f5ddba02-4295-48d9-8ad5-ba8583871323/1466b03e-841d-4c45-975e-c6900af67662/lora_weights.safetensors,$txc,train
251ee6d0-cced-4fff-824f-1e0859c086a6,"An overhead view of rural highways in the southwest USA with a high density of vehicles, including numerous trucks and one red Ford F150, on a snowy day with clear visibility; the pavement is red-brown and an object of interest is a bus present in the scene.",f5ddba02-4295-48d9-8ad5-ba8583871323/bc6ba36c-aa02-4630-a0ea-4150b9b69e36/Synthetic/251ee6d0-cced-4fff-824f-1e0859c086a6_flux_1789423593.png,rural highways,snowy,clear,trucks (Ford F150),high density of vehicles,southwest USA,red-brown,one truck (Ford F150),red,varied colors,overhead,bus,,s3://auto-lora/f5ddba02-4295-48d9-8ad5-ba8583871323/1466b03e-841d-4c45-975e-c6900af67662/lora_weights.safetensors,$txc,train
b416a00e-2d2c-4ce5-ab10-5708e183a0e0,"An overhead view of an urban highway in the southeast USA during rainy weather with active precipitation, featuring very few vehicles including varied colored buses and one red Ford F150 truck.",f5ddba02-4295-48d9-8ad5-ba8583871323/bc6ba36c-aa02-4630-a0ea-4150b9b69e36/Synthetic/b416a00e-2d2c-4ce5-ab10-5708e183a0e0_flux_1789423601.png,urban highways,rainy,active precipitation,buses,very few vehicles,southeast USA,red-brown,one truck (Ford F150),red,varied colors,overhead,truck,,s3://auto-lora/f5ddba02-4295-48d9-8ad5-ba8583871323/1466b03e-841d-4c45-975e-c6900af67662/lora_weights.safetensors,$txc,train
f118fc16-e5eb-44de-9413-0e4dcf0bae5e,"An overhead view of a snowy, hazy urban highway in the northeast USA with gray pavement and very few vehicles, including varied-colored motorcycles and one white Ford F150 truck, with a bus as the primary point of interest.",f5ddba02-4295-48d9-8ad5-ba8583871323/bc6ba36c-aa02-4630-a0ea-4150b9b69e36/Synthetic/f118fc16-e5eb-44de-9413-0e4dcf0bae5e_flux_1789425082.png,urban highways,snowy,hazy,motorcycles,very few vehicles,northeast USA,gray,one truck (Ford F150),white,varied colors,overhead,bus,,s3://auto-lora/f5ddba02-4295-48d9-8ad5-ba8583871323/1466b03e-841d-4c45-975e-c6900af67662/lora_weights.safetensors,$txc,train
fef3af03-b36a-4a20-83a9-c7d96f527825,"A rural highway in the southwest USA with snowy, hazy conditions features a high density of SUVs and one white Ford F150 truck, all visible from a street-level angle on a gray pavement.",f5ddba02-4295-48d9-8ad5-ba8583871323/bc6ba36c-aa02-4630-a0ea-4150b9b69e36/Synthetic/fef3af03-b36a-4a20-83a9-c7d96f527825_flux_1789426516.png,rural highways,snowy,hazy,SUVs,high density of vehicles,southwest USA,gray,one truck (Ford F150),white,varied colors,street-level,car,,s3://auto-lora/f5ddba02-4295-48d9-8ad5-ba8583871323/1466b03e-841d-4c45-975e-c6900af67662/lora_weights.safetensors,$txc,train
c03009ab-009b-4d80-bed8-90da83381f1f,"An urban highway in the southeast USA with gray pavement and active precipitation from rainy weather; very few sedans are visible, one blue Ford F150 truck is present, and varied colored vehicles are scattered, while a bus stands out as the primary object of interest at street level.",f5ddba02-4295-48d9-8ad5-ba8583871323/bc6ba36c-aa02-4630-a0ea-4150b9b69e36/Synthetic/c03009ab-009b-4d80-bed8-90da83381f1f_flux_1789424809.png,urban highways,rainy,active precipitation,sedans,very few vehicles,southeast USA,gray,one truck (Ford F150),blue,varied colors,street-level,bus,,s3://auto-lora/f5ddba02-4295-48d9-8ad5-ba8583871323/1466b03e-841d-4c45-975e-c6900af67662/lora_weights.safetensors,$txc,train
298911e6-28b5-4b0c-a84c-b24b2a61128f,A rural highway in the southwest USA with active precipitation and gray pavement has a high density of sedans and one black Ford F150 truck; street-level view shows varied vehicle colors and a motorcycle present.,f5ddba02-4295-48d9-8ad5-ba8583871323/bc6ba36c-aa02-4630-a0ea-4150b9b69e36/Synthetic/298911e6-28b5-4b0c-a84c-b24b2a61128f_flux_1789425230.png,rural highways,rainy,active precipitation,sedans,high density of vehicles,southwest USA,gray,one truck (Ford F150),black,varied colors,street-level,motorcycle,,s3://auto-lora/f5ddba02-4295-48d9-8ad5-ba8583871323/1466b03e-841d-4c45-975e-c6900af67662/lora_weights.safetensors,$txc,train
ee006418-32e8-48a3-9ce4-c3a98ffd4d96,"A foggy rural highway in the southwest USA with gray pavement and moderate number of vehicles, including varied colored buses and one blue Ford F150 truck, viewed from street level.",f5ddba02-4295-48d9-8ad5-ba8583871323/bc6ba36c-aa02-4630-a0ea-4150b9b69e36/Synthetic/ee006418-32e8-48a3-9ce4-c3a98ffd4d96_flux_1789425869.png,rural highways,foggy,clear,buses,moderate number of vehicles,southwest USA,gray,one truck (Ford F150),blue,varied colors,street-level,bus,,s3://auto-lora/f5ddba02-4295-48d9-8ad5-ba8583871323/1466b03e-841d-4c45-975e-c6900af67662/lora_weights.safetensors,$txc,train
c089671f-db90-4171-9713-16102187606d,"A rural highway in the southwest USA with gray pavement and clear visibility, showing rainy weather conditions; a street-level view with very few vehicles present, including one white Ford F150 truck and varied colored vehicles, and a motorcycle as an object of interest.",f5ddba02-4295-48d9-8ad5-ba8583871323/bc6ba36c-aa02-4630-a0ea-4150b9b69e36/Synthetic/c089671f-db90-4171-9713-16102187606d_flux_1789426375.png,rural highways,rainy,clear,trucks (Ford F150),very few vehicles,southwest USA,gray,one truck (Ford F150),white,varied colors,street-level,motorcycle,,s3://auto-lora/f5ddba02-4295-48d9-8ad5-ba8583871323/1466b03e-841d-4c45-975e-c6900af67662/lora_weights.safetensors,$txc,train
8928808d-4c04-4f0c-8f13-4180e2807702,"An overhead view of a rural highway in the southeast USA with a sunny but hazy sky, gray pavement, and very few vehicles; one red Ford F150 truck is visible, while SUVs of varied colors are present.",f5ddba02-4295-48d9-8ad5-ba8583871323/bc6ba36c-aa02-4630-a0ea-4150b9b69e36/Synthetic/8928808d-4c04-4f0c-8f13-4180e2807702_flux_1789426075.png,rural highways,sunny,hazy,SUVs,very few vehicles,southeast USA,gray,one truck (Ford F150),red,varied colors,overhead,truck,,s3://auto-lora/f5ddba02-4295-48d9-8ad5-ba8583871323/1466b03e-841d-4c45-975e-c6900af67662/lora_weights.safetensors,$txc,train
ee78dab4-cde5-41fe-b4e4-619261d04ff5,"A rural highway in the southeast USA with a high density of motorcycles and varied vehicle colors under sunny but hazy conditions; the overhead view shows red-brown pavement, one black Ford F150 truck, and numerous vehicles including a bus standing out as the primary object of interest.",f5ddba02-4295-48d9-8ad5-ba8583871323/bc6ba36c-aa02-4630-a0ea-4150b9b69e36/Synthetic/ee78dab4-cde5-41fe-b4e4-619261d04ff5_flux_1789422768.png,rural highways,sunny,hazy,motorcycles,high density of vehicles,southeast USA,red-brown,one truck (Ford F150),black,varied colors,overhead,bus,,s3://auto-lora/f5ddba02-4295-48d9-8ad5-ba8583871323/1466b03e-841d-4c45-975e-c6900af67662/lora_weights.safetensors,$txc,train
a503606f-7917-44cb-9cfb-20393c080e2a,"An overhead view of a foggy urban highway in the northeast USA with hazy visibility, featuring a moderate number of motorcycles in varied colors and one black Ford F150 truck, set against a red-brown pavement, with motorcycles being the primary objects of interest.",f5ddba02-4295-48d9-8ad5-ba8583871323/bc6ba36c-aa02-4630-a0ea-4150b9b69e36/Synthetic/a503606f-7917-44cb-9cfb-20393c080e2a_flux_1789423539.png,urban highways,foggy,hazy,motorcycles,moderate number of vehicles,northeast USA,red-brown,one truck (Ford F150),black,varied colors,overhead,motorcycle,,s3://auto-lora/f5ddba02-4295-48d9-8ad5-ba8583871323/1466b03e-841d-4c45-975e-c6900af67662/lora_weights.safetensors,$txc,train
b8ae2fd4-19d3-4845-b1a5-ffb5fb879a5b,"A foggy rural highway in the northeast USA with a moderate number of varied-colored sedans and one gray Ford F150 truck, the red-brown pavement visible from a street-level angle.",f5ddba02-4295-48d9-8ad5-ba8583871323/bc6ba36c-aa02-4630-a0ea-4150b9b69e36/Synthetic/b8ae2fd4-19d3-4845-b1a5-ffb5fb879a5b_flux_1789423452.png,rural highways,foggy,clear,sedans,moderate number of vehicles,northeast USA,red-brown,one truck (Ford F150),gray,varied colors,street-level,truck,,s3://auto-lora/f5ddba02-4295-48d9-8ad5-ba8583871323/1466b03e-841d-4c45-975e-c6900af67662/lora_weights.safetensors,$txc,train
8d9728b6-36c7-43a1-97fe-c874c8c9f402,"A foggy scene on a rural highway in the northeast USA with active precipitation, featuring a street-level view of moderate SUV traffic and one gray Ford F150 truck, where the pavement is gray and vehicle colors vary.",f5ddba02-4295-48d9-8ad5-ba8583871323/bc6ba36c-aa02-4630-a0ea-4150b9b69e36/Synthetic/8d9728b6-36c7-43a1-97fe-c874c8c9f402_flux_1789425094.png,rural highways,foggy,active precipitation,SUVs,moderate number of vehicles,northeast USA,gray,one truck (Ford F150),gray,varied colors,street-level,truck,,s3://auto-lora/f5ddba02-4295-48d9-8ad5-ba8583871323/1466b03e-841d-4c45-975e-c6900af67662/lora_weights.safetensors,$txc,train
f62d1eb4-9ec4-419f-979d-cb31bbd494d1,"An overhead view of a rural highway in the northeast USA with foggy weather and clear visibility, showing very few motorcycles of varied colors and one black Ford F150 truck, all set against a gray pavement.",f5ddba02-4295-48d9-8ad5-ba8583871323/bc6ba36c-aa02-4630-a0ea-4150b9b69e36/Synthetic/f62d1eb4-9ec4-419f-979d-cb31bbd494d1_flux_1789425391.png,rural highways,foggy,clear,motorcycles,very few vehicles,northeast USA,gray,one truck (Ford F150),black,varied colors,overhead,motorcycle,,s3://auto-lora/f5ddba02-4295-48d9-8ad5-ba8583871323/1466b03e-841d-4c45-975e-c6900af67662/lora_weights.safetensors,$txc,train
28fbcbf2-b7b4-4c8a-b767-2a71c3728a87,"A rural highway in the northeast USA with gray pavement and hazy rainy conditions features a high density of motorcycles and one gray Ford F150 truck, while varied colored buses can also be seen from street-level.",f5ddba02-4295-48d9-8ad5-ba8583871323/bc6ba36c-aa02-4630-a0ea-4150b9b69e36/Synthetic/28fbcbf2-b7b4-4c8a-b767-2a71c3728a87_flux_1789424592.png,rural highways,rainy,hazy,motorcycles,high density of vehicles,northeast USA,gray,one truck (Ford F150),gray,varied colors,street-level,bus,,s3://auto-lora/f5ddba02-4295-48d9-8ad5-ba8583871323/1466b03e-841d-4c45-975e-c6900af67662/lora_weights.safetensors,$txc,train
66d66382-c488-439b-8ca7-8ab197085f49,"An overhead view of a rainy urban highway in the southeast USA with a high density of buses and varied vehicle colors, featuring one red Ford F150 truck among the red-brown pavement and clear visibility.",f5ddba02-4295-48d9-8ad5-ba8583871323/bc6ba36c-aa02-4630-a0ea-4150b9b69e36/Synthetic/66d66382-c488-439b-8ca7-8ab197085f49_flux_1789424858.png,urban highways,rainy,clear,buses,high density of vehicles,southeast USA,red-brown,one truck (Ford F150),red,varied colors,overhead,truck,,s3://auto-lora/f5ddba02-4295-48d9-8ad5-ba8583871323/1466b03e-841d-4c45-975e-c6900af67662/lora_weights.safetensors,$txc,train
655db180-2497-4a11-addb-3073d9673e49,"An overhead view of rural highways in the southwest USA with sunny and clear weather conditions, featuring a moderate number of vehicles including varied colored cars and one red Ford F150 truck on gray pavement.",f5ddba02-4295-48d9-8ad5-ba8583871323/bc6ba36c-aa02-4630-a0ea-4150b9b69e36/Synthetic/655db180-2497-4a11-addb-3073d9673e49_flux_1789426589.png,rural highways,sunny,clear,trucks (Ford F150),moderate number of vehicles,southwest USA,gray,one truck (Ford F150),red,varied colors,overhead,car,,s3://auto-lora/f5ddba02-4295-48d9-8ad5-ba8583871323/1466b03e-841d-4c45-975e-c6900af67662/lora_weights.safetensors,$txc,train
7affd6c6-82c4-4765-9ae9-4b43630d56fe,"An overhead view of a snowy urban highway in the southeast USA with active precipitation, featuring a high density of gray-paved sedans and one blue Ford F150 truck.",f5ddba02-4295-48d9-8ad5-ba8583871323/bc6ba36c-aa02-4630-a0ea-4150b9b69e36/Synthetic/7affd6c6-82c4-4765-9ae9-4b43630d56fe_flux_1789424743.png,urban highways,snowy,active precipitation,sedans,high density of vehicles,southeast USA,gray,one truck (Ford F150),blue,varied colors,overhead,truck,,s3://auto-lora/f5ddba02-4295-48d9-8ad5-ba8583871323/1466b03e-841d-4c45-975e-c6900af67662/lora_weights.safetensors,$txc,train
743cc391-0a29-4a5b-9a5a-7352ce89e43f,"An urban highway in the northeast USA with sunny and clear weather, featuring red-brown pavement and very few vehicles of varied colors, including one white Ford F150 truck, and a motorcycle visible at street level.",f5ddba02-4295-48d9-8ad5-ba8583871323/bc6ba36c-aa02-4630-a0ea-4150b9b69e36/Synthetic/743cc391-0a29-4a5b-9a5a-7352ce89e43f_flux_1789422838.png,urban highways,sunny,clear,buses,very few vehicles,northeast USA,red-brown,one truck (Ford F150),white,varied colors,street-level,motorcycle,,s3://auto-lora/f5ddba02-4295-48d9-8ad5-ba8583871323/1466b03e-841d-4c45-975e-c6900af67662/lora_weights.safetensors,$txc,train
5c4e1549-ee13-41e6-816a-5630033be45f,"A rural highway in the southwest USA with a high density of sedans and varied vehicle colors, rainy weather and clear visibility, red-brown pavement, one black Ford F150 truck, and a bus present at street-level.",f5ddba02-4295-48d9-8ad5-ba8583871323/bc6ba36c-aa02-4630-a0ea-4150b9b69e36/Synthetic/5c4e1549-ee13-41e6-816a-5630033be45f_flux_1789425468.png,rural highways,rainy,clear,sedans,high density of vehicles,southwest USA,red-brown,one truck (Ford F150),black,varied colors,street-level,bus,,s3://auto-lora/f5ddba02-4295-48d9-8ad5-ba8583871323/1466b03e-841d-4c45-975e-c6900af67662/lora_weights.safetensors,$txc,train
87ebcb5f-5767-4385-944e-91ef2010a610,"An overhead view of a rural highway in the southwest USA with a sunny but hazy sky, gray pavement, and very few motorcycles scattered along the road; a red Ford F150 truck is also present, and motorcycles vary in color.",f5ddba02-4295-48d9-8ad5-ba8583871323/bc6ba36c-aa02-4630-a0ea-4150b9b69e36/Synthetic/87ebcb5f-5767-4385-944e-91ef2010a610_flux_1789425521.png,rural highways,sunny,hazy,motorcycles,very few vehicles,southwest USA,gray,one truck (Ford F150),red,varied colors,overhead,motorcycle,,s3://auto-lora/f5ddba02-4295-48d9-8ad5-ba8583871323/1466b03e-841d-4c45-975e-c6900af67662/lora_weights.safetensors,$txc,train
a3f84b98-530b-46e8-bc87-d0cd67598f86,"An urban highway in the northeast USA with foggy weather and clear visibility, featuring a high density of buses and one gray Ford F150 truck, all on gray pavement from a street-level perspective, with varied bus colors as the primary objects of interest.",f5ddba02-4295-48d9-8ad5-ba8583871323/bc6ba36c-aa02-4630-a0ea-4150b9b69e36/Synthetic/a3f84b98-530b-46e8-bc87-d0cd67598f86_flux_1789423274.png,urban highways,foggy,clear,buses,high density of vehicles,northeast USA,gray,one truck (Ford F150),gray,varied colors,street-level,bus,,s3://auto-lora/f5ddba02-4295-48d9-8ad5-ba8583871323/1466b03e-841d-4c45-975e-c6900af67662/lora_weights.safetensors,$txc,train
0a10b048-94ef-4119-96b4-dc39a54c2677,"An overhead view of an urban highway in the southwest USA with active snow precipitation, featuring a moderate number of motorcycles in varied colors and one red Ford F150 truck, set against a backdrop of red-brown pavement.",f5ddba02-4295-48d9-8ad5-ba8583871323/bc6ba36c-aa02-4630-a0ea-4150b9b69e36/Synthetic/0a10b048-94ef-4119-96b4-dc39a54c2677_flux_1789426680.png,urban highways,snowy,active precipitation,motorcycles,moderate number of vehicles,southwest USA,red-brown,one truck (Ford F150),red,varied colors,overhead,car,,s3://auto-lora/f5ddba02-4295-48d9-8ad5-ba8583871323/1466b03e-841d-4c45-975e-c6900af67662/lora_weights.safetensors,$txc,train
fb15c09d-34cc-4830-bcf0-b3c79e271a7c,A rural highway in the southeast USA with red-brown pavement and active snowy weather conditions features a moderate number of sedans and one gray Ford F150 truck; vehicles have varied colors and the scene is viewed from a street-level angle.,f5ddba02-4295-48d9-8ad5-ba8583871323/bc6ba36c-aa02-4630-a0ea-4150b9b69e36/Synthetic/fb15c09d-34cc-4830-bcf0-b3c79e271a7c_flux_1789425131.png,rural highways,snowy,active precipitation,sedans,moderate number of vehicles,southeast USA,red-brown,one truck (Ford F150),gray,varied colors,street-level,car,,s3://auto-lora/f5ddba02-4295-48d9-8ad5-ba8583871323/1466b03e-841d-4c45-975e-c6900af67662/lora_weights.safetensors,$txc,train
0da11b3e-49ed-40b9-b56c-c6d7f5b7503b,"A foggy rural highway in the northeast USA with a high density of vehicles, predominantly trucks including one red Ford F150, visible at street level; the gray pavement offers clear visibility despite the fog, and variously colored cars are also present.",f5ddba02-4295-48d9-8ad5-ba8583871323/bc6ba36c-aa02-4630-a0ea-4150b9b69e36/Synthetic/0da11b3e-49ed-40b9-b56c-c6d7f5b7503b_flux_1789424207.png,rural highways,foggy,clear,trucks (Ford F150),high density of vehicles,northeast USA,gray,one truck (Ford F150),red,varied colors,street-level,car,,s3://auto-lora/f5ddba02-4295-48d9-8ad5-ba8583871323/1466b03e-841d-4c45-975e-c6900af67662/lora_weights.safetensors,$txc,train
38cfe477-e1e7-485c-bbd5-d4f03d6f962f,"An overhead view of an urban highway in the southwest USA with sunny weather and active precipitation, featuring a moderate number of sedans in varied colors, one gray Ford F150 truck, and red-brown pavement.",f5ddba02-4295-48d9-8ad5-ba8583871323/bc6ba36c-aa02-4630-a0ea-4150b9b69e36/Synthetic/38cfe477-e1e7-485c-bbd5-d4f03d6f962f_flux_1789423320.png,urban highways,sunny,active precipitation,sedans,moderate number of vehicles,southwest USA,red-brown,one truck (Ford F150),gray,varied colors,overhead,car,,s3://auto-lora/f5ddba02-4295-48d9-8ad5-ba8583871323/1466b03e-841d-4c45-975e-c6900af67662/lora_weights.safetensors,$txc,train
20714a2e-4766-43e1-8aaa-713868d7ba19,"An overhead view of a foggy urban highway in the southeast USA with hazy visibility, featuring very few vehicles including varied colored buses and one white Ford F150 truck, and a single motorcycle present.",f5ddba02-4295-48d9-8ad5-ba8583871323/bc6ba36c-aa02-4630-a0ea-4150b9b69e36/Synthetic/20714a2e-4766-43e1-8aaa-713868d7ba19_flux_1789425820.png,urban highways,foggy,hazy,buses,very few vehicles,southeast USA,red-brown,one truck (Ford F150),white,varied colors,overhead,motorcycle,,s3://auto-lora/f5ddba02-4295-48d9-8ad5-ba8583871323/1466b03e-841d-4c45-975e-c6900af67662/lora_weights.safetensors,$txc,train
c9729fb9-7e01-4f22-8949-cb633cb73889,"An overhead view of an urban highway in the southwest USA with active precipitation from rainy weather, featuring very few vehicles of varied colors and one black Ford F150 truck, set against a backdrop of red-brown pavement.",f5ddba02-4295-48d9-8ad5-ba8583871323/bc6ba36c-aa02-4630-a0ea-4150b9b69e36/Synthetic/c9729fb9-7e01-4f22-8949-cb633cb73889_flux_1789423407.png,urban highways,rainy,active precipitation,SUVs,very few vehicles,southwest USA,red-brown,one truck (Ford F150),black,varied colors,overhead,car,,s3://auto-lora/f5ddba02-4295-48d9-8ad5-ba8583871323/1466b03e-841d-4c45-975e-c6900af67662/lora_weights.safetensors,$txc,train
972fc27e-b6a1-4feb-9509-c7101e1c36d7,"An overhead view of foggy urban highways in the southwest USA with active precipitation, featuring a moderate number of SUVs in varied colors, one gray Ford F150 truck, and red-brown pavement, where the primary point of interest is a bus.",f5ddba02-4295-48d9-8ad5-ba8583871323/bc6ba36c-aa02-4630-a0ea-4150b9b69e36/Synthetic/972fc27e-b6a1-4feb-9509-c7101e1c36d7_flux_1789426379.png,urban highways,foggy,active precipitation,SUVs,moderate number of vehicles,southwest USA,red-brown,one truck (Ford F150),gray,varied colors,overhead,bus,,s3://auto-lora/f5ddba02-4295-48d9-8ad5-ba8583871323/1466b03e-841d-4c45-975e-c6900af67662/lora_weights.safetensors,$txc,train
af15cea8-8ac7-4a25-a93b-11a04f8a9d9a,"A rural highway in the southwest USA with active precipitation, viewed from street level, features a gray Ford F150 truck among a moderate number of vehicles on a red-brown pavement.",f5ddba02-4295-48d9-8ad5-ba8583871323/bc6ba36c-aa02-4630-a0ea-4150b9b69e36/Synthetic/af15cea8-8ac7-4a25-a93b-11a04f8a9d9a_flux_1789423510.png,rural highways,rainy,active precipitation,trucks (Ford F150),moderate number of vehicles,southwest USA,red-brown,one truck (Ford F150),gray,varied colors,street-level,truck,,s3://auto-lora/f5ddba02-4295-48d9-8ad5-ba8583871323/1466b03e-841d-4c45-975e-c6900af67662/lora_weights.safetensors,$txc,train
be60f65b-c519-4037-b8d6-ae96f8c36b8f,"An overhead view of a rural highway in the southeast USA with a rainy, hazy environment; very few gray-paved sedans are visible, one red Ford F150 truck is present, and varied-colored vehicles are scattered, with a bus as the primary point of interest.",f5ddba02-4295-48d9-8ad5-ba8583871323/bc6ba36c-aa02-4630-a0ea-4150b9b69e36/Synthetic/be60f65b-c519-4037-b8d6-ae96f8c36b8f_flux_1789425742.png,rural highways,rainy,hazy,sedans,very few vehicles,southeast USA,gray,one truck (Ford F150),red,varied colors,overhead,bus,,s3://auto-lora/f5ddba02-4295-48d9-8ad5-ba8583871323/1466b03e-841d-4c45-975e-c6900af67662/lora_weights.safetensors,$txc,train
8be9100f-4673-465e-8420-4f3c6bd2af6c,"An urban highway in the southwest USA with active precipitation and high density of vehicles, predominantly buses, from a street-level angle; the pavement is red-brown, one red Ford F150 truck is present, and various colored motorcycles are also visible.",f5ddba02-4295-48d9-8ad5-ba8583871323/bc6ba36c-aa02-4630-a0ea-4150b9b69e36/Synthetic/8be9100f-4673-465e-8420-4f3c6bd2af6c_flux_1789424174.png,urban highways,rainy,active precipitation,buses,high density of vehicles,southwest USA,red-brown,one truck (Ford F150),red,varied colors,street-level,motorcycle,,s3://auto-lora/f5ddba02-4295-48d9-8ad5-ba8583871323/1466b03e-841d-4c45-975e-c6900af67662/lora_weights.safetensors,$txc,train
15d93b0d-17d4-4ae6-9bf5-91acab7ca4fc,"An overhead view of a rural highway in the northeast USA with red-brown pavement, rainy weather and clear visibility, showing very few motorcycles and one gray Ford F150 truck as the primary point of interest.",f5ddba02-4295-48d9-8ad5-ba8583871323/bc6ba36c-aa02-4630-a0ea-4150b9b69e36/Synthetic/15d93b0d-17d4-4ae6-9bf5-91acab7ca4fc_flux_1789426507.png,rural highways,rainy,clear,motorcycles,very few vehicles,northeast USA,red-brown,one truck (Ford F150),gray,varied colors,overhead,truck,,s3://auto-lora/f5ddba02-4295-48d9-8ad5-ba8583871323/1466b03e-841d-4c45-975e-c6900af67662/lora_weights.safetensors,$txc,train
5fa1da82-32cd-4678-828c-e7241653f84c,"An overhead view of a foggy urban highway in the southeast USA with high density of motorcycles and varied vehicle colors, active precipitation, red-brown pavement, and one red Ford F150 truck.",f5ddba02-4295-48d9-8ad5-ba8583871323/bc6ba36c-aa02-4630-a0ea-4150b9b69e36/Synthetic/5fa1da82-32cd-4678-828c-e7241653f84c_flux_1789423819.png,urban highways,foggy,active precipitation,motorcycles,high density of vehicles,southeast USA,red-brown,one truck (Ford F150),red,varied colors,overhead,car,,s3://auto-lora/f5ddba02-4295-48d9-8ad5-ba8583871323/1466b03e-841d-4c45-975e-c6900af67662/lora_weights.safetensors,$txc,train
3331424f-f43f-405a-9fb2-2d1784a1c41d,"An urban highway in the southwest USA with active snow precipitation, featuring a street-level view of a moderate number of motorcycles in varied colors and one blue Ford F150 truck, set against a backdrop of red-brown pavement.",f5ddba02-4295-48d9-8ad5-ba8583871323/bc6ba36c-aa02-4630-a0ea-4150b9b69e36/Synthetic/3331424f-f43f-405a-9fb2-2d1784a1c41d_flux_1789426054.png,urban highways,snowy,active precipitation,motorcycles,moderate number of vehicles,southwest USA,red-brown,one truck (Ford F150),blue,varied colors,street-level,truck,,s3://auto-lora/f5ddba02-4295-48d9-8ad5-ba8583871323/1466b03e-841d-4c45-975e-c6900af67662/lora_weights.safetensors,$txc,train
710b0f9b-91e7-49a3-bf80-19b0fb7de790,"An overhead view of a snowy urban highway in the southwest USA with active precipitation, featuring a high density of vehicles including various colored cars and trucks (one black Ford F150) and a prominent bus on a gray pavement.",f5ddba02-4295-48d9-8ad5-ba8583871323/bc6ba36c-aa02-4630-a0ea-4150b9b69e36/Synthetic/710b0f9b-91e7-49a3-bf80-19b0fb7de790_flux_1789424050.png,urban highways,snowy,active precipitation,trucks (Ford F150),high density of vehicles,southwest USA,gray,one truck (Ford F150),black,varied colors,overhead,bus,,s3://auto-lora/f5ddba02-4295-48d9-8ad5-ba8583871323/1466b03e-841d-4c45-975e-c6900af67662/lora_weights.safetensors,$txc,train
7ef17416-8d53-4ff4-ba92-42c9d37f0c67,"On a sunny day with clear visibility in the northeast USA, a street-level view of an urban highway shows a moderate number of motorcycles in varied colors and one white Ford F150 truck, with gray pavement and a bus as the object of interest.",f5ddba02-4295-48d9-8ad5-ba8583871323/bc6ba36c-aa02-4630-a0ea-4150b9b69e36/Synthetic/7ef17416-8d53-4ff4-ba92-42c9d37f0c67_flux_1789423052.png,urban highways,sunny,clear,motorcycles,moderate number of vehicles,northeast USA,gray,one truck (Ford F150),white,varied colors,street-level,bus,,s3://auto-lora/f5ddba02-4295-48d9-8ad5-ba8583871323/1466b03e-841d-4c45-975e-c6900af67662/lora_weights.safetensors,$txc,train
d2e055b8-b10e-4adc-99b4-82989e083c0d,"An overhead view of a rural highway in the southwest USA with active precipitation, gray pavement, and very few vehicles of varied colors; one black Ford F150 truck is present, and a motorcycle is also visible.",f5ddba02-4295-48d9-8ad5-ba8583871323/bc6ba36c-aa02-4630-a0ea-4150b9b69e36/Synthetic/d2e055b8-b10e-4adc-99b4-82989e083c0d_flux_1789425972.png,rural highways,rainy,active precipitation,buses,very few vehicles,southwest USA,gray,one truck (Ford F150),black,varied colors,overhead,motorcycle,,s3://auto-lora/f5ddba02-4295-48d9-8ad5-ba8583871323/1466b03e-841d-4c45-975e-c6900af67662/lora_weights.safetensors,$txc,train
d544da2f-890c-4890-860f-0c0c0f45ef3a,"An overhead view of a snowy, hazy rural highway in the northeast USA with a red-brown pavement, very few motorcycles, and one black Ford F150 truck overhead.",f5ddba02-4295-48d9-8ad5-ba8583871323/bc6ba36c-aa02-4630-a0ea-4150b9b69e36/Synthetic/d544da2f-890c-4890-860f-0c0c0f45ef3a_flux_1789422974.png,rural highways,snowy,hazy,motorcycles,very few vehicles,northeast USA,red-brown,one truck (Ford F150),black,varied colors,overhead,truck,,s3://auto-lora/f5ddba02-4295-48d9-8ad5-ba8583871323/1466b03e-841d-4c45-975e-c6900af67662/lora_weights.safetensors,$txc,train
3375a2ce-5c35-444f-9a12-69179c62738e,"On a rainy day with clear visibility in the southwest USA, an urban highway scene shows very few vehicles, mostly buses with varied colors, and one white Ford F150 truck at street level, all against a gray pavement background; cars are the objects of interest.",f5ddba02-4295-48d9-8ad5-ba8583871323/bc6ba36c-aa02-4630-a0ea-4150b9b69e36/Synthetic/3375a2ce-5c35-444f-9a12-69179c62738e_flux_1789424862.png,urban highways,rainy,clear,buses,very few vehicles,southwest USA,gray,one truck (Ford F150),white,varied colors,street-level,car,,s3://auto-lora/f5ddba02-4295-48d9-8ad5-ba8583871323/1466b03e-841d-4c45-975e-c6900af67662/lora_weights.safetensors,$txc,train
88d2a4f3-4349-43e0-98ab-124fabdbb01b,"A sunny but hazy rural highway in the northeast USA with gray pavement and a moderate number of motorcycles, featuring one blue Ford F150 truck, viewed from street level.",f5ddba02-4295-48d9-8ad5-ba8583871323/bc6ba36c-aa02-4630-a0ea-4150b9b69e36/Synthetic/88d2a4f3-4349-43e0-98ab-124fabdbb01b_flux_1789424604.png,rural highways,sunny,hazy,motorcycles,moderate number of vehicles,northeast USA,gray,one truck (Ford F150),blue,varied colors,street-level,truck,,s3://auto-lora/f5ddba02-4295-48d9-8ad5-ba8583871323/1466b03e-841d-4c45-975e-c6900af67662/lora_weights.safetensors,$txc,train
ed7a92b0-aa0d-4002-ab6f-1fc018e62b72,"An overhead view of rural highways in the southwest USA with a foggy weather condition and clear visibility, featuring a moderate number of SUVs in varied colors, one blue Ford F150 truck, and gray pavement.",f5ddba02-4295-48d9-8ad5-ba8583871323/bc6ba36c-aa02-4630-a0ea-4150b9b69e36/Synthetic/ed7a92b0-aa0d-4002-ab6f-1fc018e62b72_flux_1789422727.png,rural highways,foggy,clear,SUVs,moderate number of vehicles,southwest USA,gray,one truck (Ford F150),blue,varied colors,overhead,car,,s3://auto-lora/f5ddba02-4295-48d9-8ad5-ba8583871323/1466b03e-841d-4c45-975e-c6900af67662/lora_weights.safetensors,$txc,train
94cb489c-8414-4b9e-89f0-2e84024f1fcc,"A foggy rural highway in the northeast USA with a street-level view showing a moderate number of motorcycles in varied colors and one black Ford F150 truck, the pavement is red-brown and visibility is clear.",f5ddba02-4295-48d9-8ad5-ba8583871323/bc6ba36c-aa02-4630-a0ea-4150b9b69e36/Synthetic/94cb489c-8414-4b9e-89f0-2e84024f1fcc_flux_1789424364.png,rural highways,foggy,clear,motorcycles,moderate number of vehicles,northeast USA,red-brown,one truck (Ford F150),black,varied colors,street-level,car,,s3://auto-lora/f5ddba02-4295-48d9-8ad5-ba8583871323/1466b03e-841d-4c45-975e-c6900af67662/lora_weights.safetensors,$txc,train
5f31582b-999c-4816-8138-9ad9db0d7bac,"An overhead view of an urban highway in the southwest USA with a sunny weather condition and active precipitation, featuring a gray pavement, very few varied colored sedans, one white Ford F150 truck, and the focus on the truck.",f5ddba02-4295-48d9-8ad5-ba8583871323/bc6ba36c-aa02-4630-a0ea-4150b9b69e36/Synthetic/5f31582b-999c-4816-8138-9ad9db0d7bac_flux_1789425357.png,urban highways,sunny,active precipitation,sedans,very few vehicles,southwest USA,gray,one truck (Ford F150),white,varied colors,overhead,truck,,s3://auto-lora/f5ddba02-4295-48d9-8ad5-ba8583871323/1466b03e-841d-4c45-975e-c6900af67662/lora_weights.safetensors,$txc,train
4b86e1e4-1155-4471-9163-fb9885632695,"A street-level image of an urban highway in the northeast USA during rainy weather with active precipitation, showing high density of vehicles and varied colors, featuring one black Ford F150 truck among them on a red-brown pavement.",f5ddba02-4295-48d9-8ad5-ba8583871323/bc6ba36c-aa02-4630-a0ea-4150b9b69e36/Synthetic/4b86e1e4-1155-4471-9163-fb9885632695_flux_1789425456.png,urban highways,rainy,active precipitation,trucks (Ford F150),high density of vehicles,northeast USA,red-brown,one truck (Ford F150),black,varied colors,street-level,truck,,s3://auto-lora/f5ddba02-4295-48d9-8ad5-ba8583871323/1466b03e-841d-4c45-975e-c6900af67662/lora_weights.safetensors,$txc,train
ccc6b973-c248-4c92-9b88-012a4abfaa36,"An urban highway in the northeast USA with a foggy weather condition and hazy visibility, featuring a street-level view of moderate number of SUVs with varied colors, one blue Ford F150 truck, and a bus as objects of interest, all set against a gray pavement.",f5ddba02-4295-48d9-8ad5-ba8583871323/bc6ba36c-aa02-4630-a0ea-4150b9b69e36/Synthetic/ccc6b973-c248-4c92-9b88-012a4abfaa36_flux_1789423110.png,urban highways,foggy,hazy,SUVs,moderate number of vehicles,northeast USA,gray,one truck (Ford F150),blue,varied colors,street-level,bus,,s3://auto-lora/f5ddba02-4295-48d9-8ad5-ba8583871323/1466b03e-841d-4c45-975e-c6900af67662/lora_weights.safetensors,$txc,train
4608d43a-9f8b-4a19-9e7b-ccabb2a76020,"A sunny day on a rural highway in the southwest USA with clear visibility and a high density of motorcycles of varied colors, one black Ford F150 truck, and red-brown pavement viewed from street level where cars are also present.",f5ddba02-4295-48d9-8ad5-ba8583871323/bc6ba36c-aa02-4630-a0ea-4150b9b69e36/Synthetic/4608d43a-9f8b-4a19-9e7b-ccabb2a76020_flux_1789422735.png,rural highways,sunny,clear,motorcycles,high density of vehicles,southwest USA,red-brown,one truck (Ford F150),black,varied colors,street-level,car,,s3://auto-lora/f5ddba02-4295-48d9-8ad5-ba8583871323/1466b03e-841d-4c45-975e-c6900af67662/lora_weights.safetensors,$txc,train
791ac11f-f646-428e-991d-58eb75dff714,"An overhead view of an urban highway in the southwest USA with a sunny weather condition and active precipitation, featuring very few vehicles of varied colors and one black Ford F150 truck, set against a backdrop of red-brown pavement.",f5ddba02-4295-48d9-8ad5-ba8583871323/bc6ba36c-aa02-4630-a0ea-4150b9b69e36/Synthetic/791ac11f-f646-428e-991d-58eb75dff714_flux_1789423551.png,urban highways,sunny,active precipitation,SUVs,very few vehicles,southwest USA,red-brown,one truck (Ford F150),black,varied colors,overhead,car,,s3://auto-lora/f5ddba02-4295-48d9-8ad5-ba8583871323/1466b03e-841d-4c45-975e-c6900af67662/lora_weights.safetensors,$txc,train
8541e076-e18e-4b9f-8b6d-3f275b422f9e,"A rural highway in the southwest USA with sunny weather and active precipitation, featuring a street-level view of a moderate number of varied-colored SUVs and one gray Ford F150 truck, where the pavement is gray and the environment shows multiple motorcycles.",f5ddba02-4295-48d9-8ad5-ba8583871323/bc6ba36c-aa02-4630-a0ea-4150b9b69e36/Synthetic/8541e076-e18e-4b9f-8b6d-3f275b422f9e_flux_1789425853.png,rural highways,sunny,active precipitation,SUVs,moderate number of vehicles,southwest USA,gray,one truck (Ford F150),gray,varied colors,street-level,motorcycle,,s3://auto-lora/f5ddba02-4295-48d9-8ad5-ba8583871323/1466b03e-841d-4c45-975e-c6900af67662/lora_weights.safetensors,$txc,train
1751c6c7-c811-415a-945d-c6f57a387ed3,"An urban highway in the northeast USA with a sunny weather condition and active precipitation, featuring a moderate number of vehicles including varied colored buses and one black Ford F150 truck, observed from a street-level angle on a red-brown pavement.",f5ddba02-4295-48d9-8ad5-ba8583871323/bc6ba36c-aa02-4630-a0ea-4150b9b69e36/Synthetic/1751c6c7-c811-415a-945d-c6f57a387ed3_flux_1789423419.png,urban highways,sunny,active precipitation,buses,moderate number of vehicles,northeast USA,red-brown,one truck (Ford F150),black,varied colors,street-level,bus,,s3://auto-lora/f5ddba02-4295-48d9-8ad5-ba8583871323/1466b03e-841d-4c45-975e-c6900af67662/lora_weights.safetensors,$txc,train
6f2a790b-400b-455a-aa18-d7237842451e,"An overhead view of rural highways in the southwest USA with a snowy, hazy environment; multiple buses and a moderate number of vehicles of varied colors are present, including one blue Ford F150 truck, and there is also a motorcycle visible. The pavement is red-brown.",f5ddba02-4295-48d9-8ad5-ba8583871323/bc6ba36c-aa02-4630-a0ea-4150b9b69e36/Synthetic/6f2a790b-400b-455a-aa18-d7237842451e_flux_1789424600.png,rural highways,snowy,hazy,buses,moderate number of vehicles,southwest USA,red-brown,one truck (Ford F150),blue,varied colors,overhead,motorcycle,,s3://auto-lora/f5ddba02-4295-48d9-8ad5-ba8583871323/1466b03e-841d-4c45-975e-c6900af67662/lora_weights.safetensors,$txc,train
43c71f8c-bab4-45a5-8b0f-40358b54553c,"An urban highway in the southeast USA with gray pavement and snowy weather, showing street-level view of very few varied-colored sedans and one blue Ford F150 truck, offering clear visibility.",f5ddba02-4295-48d9-8ad5-ba8583871323/bc6ba36c-aa02-4630-a0ea-4150b9b69e36/Synthetic/43c71f8c-bab4-45a5-8b0f-40358b54553c_flux_1789425659.png,urban highways,snowy,clear,sedans,very few vehicles,southeast USA,gray,one truck (Ford F150),blue,varied colors,street-level,car,,s3://auto-lora/f5ddba02-4295-48d9-8ad5-ba8583871323/1466b03e-841d-4c45-975e-c6900af67662/lora_weights.safetensors,$txc,train
1bb1febe-cec1-4903-85aa-0ef1f33b5847,"An overhead view of a rural highway in the southwest USA with a rainy, hazy environment; the pavement is red-brown and there is one red Ford F150 truck among very few vehicles of varied colors, while a bus is also visible as an object of interest.",f5ddba02-4295-48d9-8ad5-ba8583871323/bc6ba36c-aa02-4630-a0ea-4150b9b69e36/Synthetic/1bb1febe-cec1-4903-85aa-0ef1f33b5847_flux_1789425525.png,rural highways,rainy,hazy,trucks (Ford F150),very few vehicles,southwest USA,red-brown,one truck (Ford F150),red,varied colors,overhead,bus,,s3://auto-lora/f5ddba02-4295-48d9-8ad5-ba8583871323/1466b03e-841d-4c45-975e-c6900af67662/lora_weights.safetensors,$txc,train
19f3fd1c-d766-464a-8e54-e6d0ee059a02,"An urban highway in the southeast USA with gray pavement and clear visibility despite rainy weather conditions, featuring a high density of vehicles including various colored cars and one gray Ford F150 truck, viewed from street level with a bus of interest in the scene.",f5ddba02-4295-48d9-8ad5-ba8583871323/bc6ba36c-aa02-4630-a0ea-4150b9b69e36/Synthetic/19f3fd1c-d766-464a-8e54-e6d0ee059a02_flux_1789425296.png,urban highways,rainy,clear,trucks (Ford F150),high density of vehicles,southeast USA,gray,one truck (Ford F150),gray,varied colors,street-level,bus,,s3://auto-lora/f5ddba02-4295-48d9-8ad5-ba8583871323/1466b03e-841d-4c45-975e-c6900af67662/lora_weights.safetensors,$txc,train
6e3bb5bc-dbe2-484f-a32a-842c03435d82,"A sunny day with clear visibility on rural highways in the southeast USA, where red-brown pavement is visible; a moderate number of motorcycles and one gray Ford F150 truck pass by from street level, showcasing varied motorcycle colors.",f5ddba02-4295-48d9-8ad5-ba8583871323/bc6ba36c-aa02-4630-a0ea-4150b9b69e36/Synthetic/6e3bb5bc-dbe2-484f-a32a-842c03435d82_flux_1789422677.png,rural highways,sunny,clear,motorcycles,moderate number of vehicles,southeast USA,red-brown,one truck (Ford F150),gray,varied colors,street-level,motorcycle,,s3://auto-lora/f5ddba02-4295-48d9-8ad5-ba8583871323/1466b03e-841d-4c45-975e-c6900af67662/lora_weights.safetensors,$txc,train
7f403dc2-03ad-47e4-9f17-b7ba3b6b9b02,"A rural highway in the northeast USA with a sunny, clear day; the pavement is red-brown and there is one black Ford F150 truck among very few sedans of varied colors, viewed from street level.",f5ddba02-4295-48d9-8ad5-ba8583871323/bc6ba36c-aa02-4630-a0ea-4150b9b69e36/Synthetic/7f403dc2-03ad-47e4-9f17-b7ba3b6b9b02_flux_1789426475.png,rural highways,sunny,clear,sedans,very few vehicles,northeast USA,red-brown,one truck (Ford F150),black,varied colors,street-level,truck,,s3://auto-lora/f5ddba02-4295-48d9-8ad5-ba8583871323/1466b03e-841d-4c45-975e-c6900af67662/lora_weights.safetensors,$txc,train
4bf06eb2-eef9-48c1-ae0d-257a72e1b034,"An urban highway in the southwest USA with red-brown pavement and clear visibility despite rainy weather conditions, featuring a moderate number of vehicles including one black Ford F150 truck, with varied colored cars present at street level.",f5ddba02-4295-48d9-8ad5-ba8583871323/bc6ba36c-aa02-4630-a0ea-4150b9b69e36/Synthetic/4bf06eb2-eef9-48c1-ae0d-257a72e1b034_flux_1789422937.png,urban highways,rainy,clear,trucks (Ford F150),moderate number of vehicles,southwest USA,red-brown,one truck (Ford F150),black,varied colors,street-level,car,,s3://auto-lora/f5ddba02-4295-48d9-8ad5-ba8583871323/1466b03e-841d-4c45-975e-c6900af67662/lora_weights.safetensors,$txc,train
4a9af375-9732-410f-9a80-bcc4c52ac981,"An urban highway in the southeast USA with active precipitation and gray pavement, showing moderate number of vehicles including a gray Ford F150 truck, from a street-level angle, with varied vehicle colors and a motorcycle as an object of interest.",f5ddba02-4295-48d9-8ad5-ba8583871323/bc6ba36c-aa02-4630-a0ea-4150b9b69e36/Synthetic/4a9af375-9732-410f-9a80-bcc4c52ac981_flux_1789423914.png,urban highways,rainy,active precipitation,trucks (Ford F150),moderate number of vehicles,southeast USA,gray,one truck (Ford F150),gray,varied colors,street-level,motorcycle,,s3://auto-lora/f5ddba02-4295-48d9-8ad5-ba8583871323/1466b03e-841d-4c45-975e-c6900af67662/lora_weights.safetensors,$txc,train
cf32a772-7976-437a-86f7-d2fcf020bd25,"An urban highway in the southwest USA with a rainy, hazy environment, featuring a high density of buses and varied colored vehicles from street-level, including one gray Ford F150 truck, all moving along a gray pavement.",f5ddba02-4295-48d9-8ad5-ba8583871323/bc6ba36c-aa02-4630-a0ea-4150b9b69e36/Synthetic/cf32a772-7976-437a-86f7-d2fcf020bd25_flux_1789425857.png,urban highways,rainy,hazy,buses,high density of vehicles,southwest USA,gray,one truck (Ford F150),gray,varied colors,street-level,car,,s3://auto-lora/f5ddba02-4295-48d9-8ad5-ba8583871323/1466b03e-841d-4c45-975e-c6900af67662/lora_weights.safetensors,$txc,train
1597166b-6f22-4718-b26c-0424b168c051,A rural highway in the southeast USA with a high density of motorcycles and varied vehicle colors passes by under hazy sunny skies; the street-level view shows gray pavement and a white Ford F150 truck.,f5ddba02-4295-48d9-8ad5-ba8583871323/bc6ba36c-aa02-4630-a0ea-4150b9b69e36/Synthetic/1597166b-6f22-4718-b26c-0424b168c051_flux_1789425816.png,rural highways,sunny,hazy,motorcycles,high density of vehicles,southeast USA,gray,one truck (Ford F150),white,varied colors,street-level,car,,s3://auto-lora/f5ddba02-4295-48d9-8ad5-ba8583871323/1466b03e-841d-4c45-975e-c6900af67662/lora_weights.safetensors,$txc,train
3f1207f9-2223-4a94-a183-363132aef97e,A rural highway in the southeast USA with a snowy but clear weather condition and red-brown pavement has moderate number of vehicles including varied colored cars and one blue Ford F150 truck; the street-level view also includes a bus as an object of interest.,f5ddba02-4295-48d9-8ad5-ba8583871323/bc6ba36c-aa02-4630-a0ea-4150b9b69e36/Synthetic/3f1207f9-2223-4a94-a183-363132aef97e_flux_1789424497.png,rural highways,snowy,clear,trucks (Ford F150),moderate number of vehicles,southeast USA,red-brown,one truck (Ford F150),blue,varied colors,street-level,bus,,s3://auto-lora/f5ddba02-4295-48d9-8ad5-ba8583871323/1466b03e-841d-4c45-975e-c6900af67662/lora_weights.safetensors,$txc,train
0675f57e-edf9-4568-93d3-db9a97e7ae2b,"A foggy street-level view on an urban highway in the southeast USA with gray pavement and moderate number of varied-colored sedans, one white Ford F150 truck, and active precipitation.",f5ddba02-4295-48d9-8ad5-ba8583871323/bc6ba36c-aa02-4630-a0ea-4150b9b69e36/Synthetic/0675f57e-edf9-4568-93d3-db9a97e7ae2b_flux_1789422751.png,urban highways,foggy,active precipitation,sedans,moderate number of vehicles,southeast USA,gray,one truck (Ford F150),white,varied colors,street-level,car,,s3://auto-lora/f5ddba02-4295-48d9-8ad5-ba8583871323/1466b03e-841d-4c45-975e-c6900af67662/lora_weights.safetensors,$txc,train
de864a3e-0f0a-4112-acb0-fe08a3f973ac,"An overhead view of a snowy urban highway in the southwest USA with a high density of varied-colored sedans and one blue Ford F150 truck, the pavement is red-brown, and there is a motorcycle present.",f5ddba02-4295-48d9-8ad5-ba8583871323/bc6ba36c-aa02-4630-a0ea-4150b9b69e36/Synthetic/de864a3e-0f0a-4112-acb0-fe08a3f973ac_flux_1789426458.png,urban highways,snowy,clear,sedans,high density of vehicles,southwest USA,red-brown,one truck (Ford F150),blue,varied colors,overhead,motorcycle,,s3://auto-lora/f5ddba02-4295-48d9-8ad5-ba8583871323/1466b03e-841d-4c45-975e-c6900af67662/lora_weights.safetensors,$txc,train
120398f2-3302-43c9-92b1-a2b981524da4,"An overhead image of rural highways in the northeast USA during rainy weather with clear visibility and high density of motorcycles, one black Ford F150 truck, and varied motorcycle colors.",f5ddba02-4295-48d9-8ad5-ba8583871323/bc6ba36c-aa02-4630-a0ea-4150b9b69e36/Synthetic/120398f2-3302-43c9-92b1-a2b981524da4_flux_1789424690.png,rural highways,rainy,clear,motorcycles,high density of vehicles,northeast USA,red-brown,one truck (Ford F150),black,varied colors,overhead,motorcycle,,s3://auto-lora/f5ddba02-4295-48d9-8ad5-ba8583871323/1466b03e-841d-4c45-975e-c6900af67662/lora_weights.safetensors,$txc,train
5410f41e-06e4-4886-8f11-8f41a9ef11aa,"An overhead view of a sunny but hazy urban highway in the southeast USA with a moderate number of motorcycles and one black Ford F150 truck on a red-brown pavement, the motorcycles displaying varied colors.",f5ddba02-4295-48d9-8ad5-ba8583871323/bc6ba36c-aa02-4630-a0ea-4150b9b69e36/Synthetic/5410f41e-06e4-4886-8f11-8f41a9ef11aa_flux_1789422673.png,urban highways,sunny,hazy,motorcycles,moderate number of vehicles,southeast USA,red-brown,one truck (Ford F150),black,varied colors,overhead,motorcycle,,s3://auto-lora/f5ddba02-4295-48d9-8ad5-ba8583871323/1466b03e-841d-4c45-975e-c6900af67662/lora_weights.safetensors,$txc,train
e8ba22a5-6573-4c58-b4c7-4affbfc0a0fe,"An overhead view of rural highways in the northeast USA with foggy weather and clear visibility, featuring a high density of varied colored sedans and one white Ford F150 truck, the pavement is red-brown.",f5ddba02-4295-48d9-8ad5-ba8583871323/bc6ba36c-aa02-4630-a0ea-4150b9b69e36/Synthetic/e8ba22a5-6573-4c58-b4c7-4affbfc0a0fe_flux_1789425581.png,rural highways,foggy,clear,sedans,high density of vehicles,northeast USA,red-brown,one truck (Ford F150),white,varied colors,overhead,car,,s3://auto-lora/f5ddba02-4295-48d9-8ad5-ba8583871323/1466b03e-841d-4c45-975e-c6900af67662/lora_weights.safetensors,$txc,train
4bbcfd19-e6ec-4fc1-9478-2b78030ec7a5,"An urban highway in the northeast USA with foggy weather and active precipitation, showing a street-level view of moderate number of vehicles including a white Ford F150 truck and various colored cars, set against a red-brown pavement.",f5ddba02-4295-48d9-8ad5-ba8583871323/bc6ba36c-aa02-4630-a0ea-4150b9b69e36/Synthetic/4bbcfd19-e6ec-4fc1-9478-2b78030ec7a5_flux_1789425090.png,urban highways,foggy,active precipitation,trucks (Ford F150),moderate number of vehicles,northeast USA,red-brown,one truck (Ford F150),white,varied colors,street-level,car,,s3://auto-lora/f5ddba02-4295-48d9-8ad5-ba8583871323/1466b03e-841d-4c45-975e-c6900af67662/lora_weights.safetensors,$txc,train
acc44230-7b54-421b-8477-d88ac8080355,"An urban highway in the southwest USA with red-brown pavement and active snow precipitation has very few varied-colored sedans present, one white Ford F150 truck, and a motorcycle visible at street level.",f5ddba02-4295-48d9-8ad5-ba8583871323/bc6ba36c-aa02-4630-a0ea-4150b9b69e36/Synthetic/acc44230-7b54-421b-8477-d88ac8080355_flux_1789423440.png,urban highways,snowy,active precipitation,sedans,very few vehicles,southwest USA,red-brown,one truck (Ford F150),white,varied colors,street-level,motorcycle,,s3://auto-lora/f5ddba02-4295-48d9-8ad5-ba8583871323/1466b03e-841d-4c45-975e-c6900af67662/lora_weights.safetensors,$txc,train
440cbac6-e303-426d-9872-bcb753f668e9,"An overhead view of a snowy, hazy urban highway in the southwest USA with a high density of buses and varied colored vehicles, featuring one gray Ford F150 truck, where the pavement is gray and the environment is bustling with traffic.",f5ddba02-4295-48d9-8ad5-ba8583871323/bc6ba36c-aa02-4630-a0ea-4150b9b69e36/Synthetic/440cbac6-e303-426d-9872-bcb753f668e9_flux_1789424891.png,urban highways,snowy,hazy,buses,high density of vehicles,southwest USA,gray,one truck (Ford F150),gray,varied colors,overhead,car,,s3://auto-lora/f5ddba02-4295-48d9-8ad5-ba8583871323/1466b03e-841d-4c45-975e-c6900af67662/lora_weights.safetensors,$txc,train
cefa6d77-53bd-40da-a60e-03c30f1972c3,"An urban highway in the southeast USA with a high density of sedans and varied vehicle colors, the scene is rainy and hazy with gray pavement, one white Ford F150 truck visible, viewed from street level.",f5ddba02-4295-48d9-8ad5-ba8583871323/bc6ba36c-aa02-4630-a0ea-4150b9b69e36/Synthetic/cefa6d77-53bd-40da-a60e-03c30f1972c3_flux_1789423291.png,urban highways,rainy,hazy,sedans,high density of vehicles,southeast USA,gray,one truck (Ford F150),white,varied colors,street-level,car,,s3://auto-lora/f5ddba02-4295-48d9-8ad5-ba8583871323/1466b03e-841d-4c45-975e-c6900af67662/lora_weights.safetensors,$txc,train
5dac7989-dc6a-4b12-8998-38c6b4a2f3b5,An urban highway in the southwest USA with red-brown pavement and clear visibility despite rainy weather conditions shows a moderate number of buses and one black Ford F150 truck; variously colored motorcycles are also visible from street level.,f5ddba02-4295-48d9-8ad5-ba8583871323/bc6ba36c-aa02-4630-a0ea-4150b9b69e36/Synthetic/5dac7989-dc6a-4b12-8998-38c6b4a2f3b5_flux_1789423737.png,urban highways,rainy,clear,buses,moderate number of vehicles,southwest USA,red-brown,one truck (Ford F150),black,varied colors,street-level,motorcycle,,s3://auto-lora/f5ddba02-4295-48d9-8ad5-ba8583871323/1466b03e-841d-4c45-975e-c6900af67662/lora_weights.safetensors,$txc,train
4d07cec0-c3e9-4d30-b6e8-1b71a9896847,"A foggy scene on rural highways in the southwest USA with active precipitation, red-brown pavement, and varied-colored SUVs and one red Ford F150 truck; street-level view showing moderate vehicle traffic including a motorcycle.",f5ddba02-4295-48d9-8ad5-ba8583871323/bc6ba36c-aa02-4630-a0ea-4150b9b69e36/Synthetic/4d07cec0-c3e9-4d30-b6e8-1b71a9896847_flux_1789422743.png,rural highways,foggy,active precipitation,SUVs,moderate number of vehicles,southwest USA,red-brown,one truck (Ford F150),red,varied colors,street-level,motorcycle,,s3://auto-lora/f5ddba02-4295-48d9-8ad5-ba8583871323/1466b03e-841d-4c45-975e-c6900af67662/lora_weights.safetensors,$txc,train
574c0d41-e9d8-4e85-81c2-4e0cdf136f4c,"A rural highway in the southwest USA with a hazy sunny sky, red-brown pavement, and very few vehicles of varied colors; a street-level view shows one white Ford F150 truck.",f5ddba02-4295-48d9-8ad5-ba8583871323/bc6ba36c-aa02-4630-a0ea-4150b9b69e36/Synthetic/574c0d41-e9d8-4e85-81c2-4e0cdf136f4c_flux_1789425263.png,rural highways,sunny,hazy,SUVs,very few vehicles,southwest USA,red-brown,one truck (Ford F150),white,varied colors,street-level,truck,,s3://auto-lora/f5ddba02-4295-48d9-8ad5-ba8583871323/1466b03e-841d-4c45-975e-c6900af67662/lora_weights.safetensors,$txc,train
f8f74886-1b12-4b47-b405-ac4264206812,"An overhead view of rural highways in the northeast USA with a snowy, clear weather condition; moderate number of vehicles including one black Ford F150 truck on gray pavement, objects of interest focusing on the truck.",f5ddba02-4295-48d9-8ad5-ba8583871323/bc6ba36c-aa02-4630-a0ea-4150b9b69e36/Synthetic/f8f74886-1b12-4b47-b405-ac4264206812_flux_1789423514.png,rural highways,snowy,clear,trucks (Ford F150),moderate number of vehicles,northeast USA,gray,one truck (Ford F150),black,varied colors,overhead,truck,,s3://auto-lora/f5ddba02-4295-48d9-8ad5-ba8583871323/1466b03e-841d-4c45-975e-c6900af67662/lora_weights.safetensors,$txc,train
72dedbd2-2c4e-4dd8-a545-1e9d6c17e6bf,"An urban highway in the southeast USA with a sunny but hazy sky, gray pavement, and very few vehicles of varied colors passing by at street level; one gray Ford F150 truck is also visible, and a motorcycle is the primary object of interest in this scene.",f5ddba02-4295-48d9-8ad5-ba8583871323/bc6ba36c-aa02-4630-a0ea-4150b9b69e36/Synthetic/72dedbd2-2c4e-4dd8-a545-1e9d6c17e6bf_flux_1789423168.png,urban highways,sunny,hazy,sedans,very few vehicles,southeast USA,gray,one truck (Ford F150),gray,varied colors,street-level,motorcycle,,s3://auto-lora/f5ddba02-4295-48d9-8ad5-ba8583871323/1466b03e-841d-4c45-975e-c6900af67662/lora_weights.safetensors,$txc,train
8bfc8e2c-22b7-4d15-927a-2e8049b3428f,"An urban highway in the southwest USA with red-brown pavement, snowy but clear conditions, features very few sedans of varied colors and one gray Ford F150 truck, viewed from street level, with a bus as the primary point of interest.",f5ddba02-4295-48d9-8ad5-ba8583871323/bc6ba36c-aa02-4630-a0ea-4150b9b69e36/Synthetic/8bfc8e2c-22b7-4d15-927a-2e8049b3428f_flux_1789423786.png,urban highways,snowy,clear,sedans,very few vehicles,southwest USA,red-brown,one truck (Ford F150),gray,varied colors,street-level,bus,,s3://auto-lora/f5ddba02-4295-48d9-8ad5-ba8583871323/1466b03e-841d-4c45-975e-c6900af67662/lora_weights.safetensors,$txc,train
4a2498b4-54b7-4736-973f-d5bbe87df0fb,"An overhead view of foggy urban highways in the southwest USA with active precipitation, featuring a moderate number of SUVs in varied colors and one gray Ford F150 truck, all against a gray pavement environment.",f5ddba02-4295-48d9-8ad5-ba8583871323/bc6ba36c-aa02-4630-a0ea-4150b9b69e36/Synthetic/4a2498b4-54b7-4736-973f-d5bbe87df0fb_flux_1789426194.png,urban highways,foggy,active precipitation,SUVs,moderate number of vehicles,southwest USA,gray,one truck (Ford F150),gray,varied colors,overhead,car,,s3://auto-lora/f5ddba02-4295-48d9-8ad5-ba8583871323/1466b03e-841d-4c45-975e-c6900af67662/lora_weights.safetensors,$txc,train
8a579591-34a0-434d-a698-d5f6c3afecdc,"An urban highway in the southeast USA with a high density of sedans and varied vehicle colors, snowy weather and clear visibility, red-brown pavement, one blue Ford F150 truck, and a bus as the primary object of interest, viewed from street level.",f5ddba02-4295-48d9-8ad5-ba8583871323/bc6ba36c-aa02-4630-a0ea-4150b9b69e36/Synthetic/8a579591-34a0-434d-a698-d5f6c3afecdc_flux_1789423580.png,urban highways,snowy,clear,sedans,high density of vehicles,southeast USA,red-brown,one truck (Ford F150),blue,varied colors,street-level,bus,,s3://auto-lora/f5ddba02-4295-48d9-8ad5-ba8583871323/1466b03e-841d-4c45-975e-c6900af67662/lora_weights.safetensors,$txc,train
c76d06f3-6c8b-4048-bfd6-372c44db97e6,"An overhead view of rural highways in the northeast USA with sunny and clear weather conditions, featuring a high density of buses on gray pavement and one gray Ford F150 truck, where bus colors vary widely.",f5ddba02-4295-48d9-8ad5-ba8583871323/bc6ba36c-aa02-4630-a0ea-4150b9b69e36/Synthetic/c76d06f3-6c8b-4048-bfd6-372c44db97e6_flux_1789424654.png,rural highways,sunny,clear,buses,high density of vehicles,northeast USA,gray,one truck (Ford F150),gray,varied colors,overhead,bus,,s3://auto-lora/f5ddba02-4295-48d9-8ad5-ba8583871323/1466b03e-841d-4c45-975e-c6900af67662/lora_weights.safetensors,$txc,train
09bd7e9f-e0a5-4a5b-8225-4c5d2fe3c730,"A foggy rural highway in the southeast USA with a street-level view showing gray pavement and a moderate number of motorcycles of varied colors, one white Ford F150 truck, and clear visibility.",f5ddba02-4295-48d9-8ad5-ba8583871323/bc6ba36c-aa02-4630-a0ea-4150b9b69e36/Synthetic/09bd7e9f-e0a5-4a5b-8225-4c5d2fe3c730_flux_1789423444.png,rural highways,foggy,clear,motorcycles,moderate number of vehicles,southeast USA,gray,one truck (Ford F150),white,varied colors,street-level,motorcycle,,s3://auto-lora/f5ddba02-4295-48d9-8ad5-ba8583871323/1466b03e-841d-4c45-975e-c6900af67662/lora_weights.safetensors,$txc,train
a8210bbc-2a1c-4fda-9ea4-ca7707cb28b4,"A foggy rural highway in the southeast USA with active precipitation, featuring a high density of motorcycles in varied colors and one gray Ford F150 truck, all viewed from a street-level perspective.",f5ddba02-4295-48d9-8ad5-ba8583871323/bc6ba36c-aa02-4630-a0ea-4150b9b69e36/Synthetic/a8210bbc-2a1c-4fda-9ea4-ca7707cb28b4_flux_1789425411.png,rural highways,foggy,active precipitation,motorcycles,high density of vehicles,southeast USA,gray,one truck (Ford F150),gray,varied colors,street-level,truck,,s3://auto-lora/f5ddba02-4295-48d9-8ad5-ba8583871323/1466b03e-841d-4c45-975e-c6900af67662/lora_weights.safetensors,$txc,train
a6785ce0-2755-432d-a731-4424a0ba0a52,"An overhead view of a rural highway in the southwest USA with red-brown pavement, active snowy weather and very few vehicles present, including varied colored motorcycles and one white Ford F150 truck, while a car is the primary object of interest.",f5ddba02-4295-48d9-8ad5-ba8583871323/bc6ba36c-aa02-4630-a0ea-4150b9b69e36/Synthetic/a6785ce0-2755-432d-a731-4424a0ba0a52_flux_1789424067.png,rural highways,snowy,active precipitation,motorcycles,very few vehicles,southwest USA,red-brown,one truck (Ford F150),white,varied colors,overhead,car,,s3://auto-lora/f5ddba02-4295-48d9-8ad5-ba8583871323/1466b03e-841d-4c45-975e-c6900af67662/lora_weights.safetensors,$txc,train
cef10969-99bc-4506-a5f3-46e91be9d455,"An overhead view of an urban highway in the southwest USA with a snowy but clear environment, featuring a single black Ford F150 truck and very few vehicles on a gray pavement.",f5ddba02-4295-48d9-8ad5-ba8583871323/bc6ba36c-aa02-4630-a0ea-4150b9b69e36/Synthetic/cef10969-99bc-4506-a5f3-46e91be9d455_flux_1789424327.png,urban highways,snowy,clear,trucks (Ford F150),very few vehicles,southwest USA,gray,one truck (Ford F150),black,varied colors,overhead,truck,,s3://auto-lora/f5ddba02-4295-48d9-8ad5-ba8583871323/1466b03e-841d-4c45-975e-c6900af67662/lora_weights.safetensors,$txc,train
a78ff00e-e4bf-4e4f-8b84-46694f89f910,"An overhead view of a rural highway in the northeast USA with foggy weather and hazy visibility, showing very few motorcycles of varied colors and one white Ford F150 truck, where the primary interest is a bus present on the gray pavement.",f5ddba02-4295-48d9-8ad5-ba8583871323/bc6ba36c-aa02-4630-a0ea-4150b9b69e36/Synthetic/a78ff00e-e4bf-4e4f-8b84-46694f89f910_flux_1789426717.png,rural highways,foggy,hazy,motorcycles,very few vehicles,northeast USA,gray,one truck (Ford F150),white,varied colors,overhead,bus,,s3://auto-lora/f5ddba02-4295-48d9-8ad5-ba8583871323/1466b03e-841d-4c45-975e-c6900af67662/lora_weights.safetensors,$txc,train
efd9206a-fdaf-4df0-bcdf-72b344f9ea80,"An urban highway in the northeast USA with red-brown pavement, visible in a hazy, rainy environment from street level; very few vehicles are present, including varied-colored motorcycles and one black Ford F150 truck, with a bus as the object of interest.",f5ddba02-4295-48d9-8ad5-ba8583871323/bc6ba36c-aa02-4630-a0ea-4150b9b69e36/Synthetic/efd9206a-fdaf-4df0-bcdf-72b344f9ea80_flux_1789423254.png,urban highways,rainy,hazy,motorcycles,very few vehicles,northeast USA,red-brown,one truck (Ford F150),black,varied colors,street-level,bus,,s3://auto-lora/f5ddba02-4295-48d9-8ad5-ba8583871323/1466b03e-841d-4c45-975e-c6900af67662/lora_weights.safetensors,$txc,train
65c34747-a410-4963-b919-9bff21c779ff,"An overhead view of rural highways in the southeast USA with a high density of vehicles, predominantly trucks including one red Ford F150, on a snowy day with clear visibility; gray pavement is visible.",f5ddba02-4295-48d9-8ad5-ba8583871323/bc6ba36c-aa02-4630-a0ea-4150b9b69e36/Synthetic/65c34747-a410-4963-b919-9bff21c779ff_flux_1789425509.png,rural highways,snowy,clear,trucks (Ford F150),high density of vehicles,southeast USA,gray,one truck (Ford F150),red,varied colors,overhead,truck,,s3://auto-lora/f5ddba02-4295-48d9-8ad5-ba8583871323/1466b03e-841d-4c45-975e-c6900af67662/lora_weights.safetensors,$txc,train
3a5b47f2-0e40-401c-bbf8-a7023403d25e,"A foggy rural highway in the southeast USA with hazy visibility and red-brown pavement, featuring a high density of vehicles including one black Ford F150 truck, from the street-level perspective.",f5ddba02-4295-48d9-8ad5-ba8583871323/bc6ba36c-aa02-4630-a0ea-4150b9b69e36/Synthetic/3a5b47f2-0e40-401c-bbf8-a7023403d25e_flux_1789422665.png,rural highways,foggy,hazy,trucks (Ford F150),high density of vehicles,southeast USA,red-brown,one truck (Ford F150),black,varied colors,street-level,truck,,s3://auto-lora/f5ddba02-4295-48d9-8ad5-ba8583871323/1466b03e-841d-4c45-975e-c6900af67662/lora_weights.safetensors,$txc,train
3d62fe39-a0e3-4ce5-aa55-437262fb1a1d,"An overhead view of a rural highway in the southeast USA with a high density of buses and varied colored vehicles under sunny but hazy conditions, featuring one black Ford F150 truck, and gray pavement.",f5ddba02-4295-48d9-8ad5-ba8583871323/bc6ba36c-aa02-4630-a0ea-4150b9b69e36/Synthetic/3d62fe39-a0e3-4ce5-aa55-437262fb1a1d_flux_1789425181.png,rural highways,sunny,hazy,buses,high density of vehicles,southeast USA,gray,one truck (Ford F150),black,varied colors,overhead,car,,s3://auto-lora/f5ddba02-4295-48d9-8ad5-ba8583871323/1466b03e-841d-4c45-975e-c6900af67662/lora_weights.safetensors,$txc,train
c9a44be6-3040-4d67-b88c-406d09848ea2,"An overhead view of a rainy urban highway in the southeast USA with clear visibility, featuring a high density of motorcycles in varied colors and one white Ford F150 truck, the gray pavement stretching beneath an abundance of moving vehicles.",f5ddba02-4295-48d9-8ad5-ba8583871323/bc6ba36c-aa02-4630-a0ea-4150b9b69e36/Synthetic/c9a44be6-3040-4d67-b88c-406d09848ea2_flux_1789424013.png,urban highways,rainy,clear,motorcycles,high density of vehicles,southeast USA,gray,one truck (Ford F150),white,varied colors,overhead,motorcycle,,s3://auto-lora/f5ddba02-4295-48d9-8ad5-ba8583871323/1466b03e-841d-4c45-975e-c6900af67662/lora_weights.safetensors,$txc,train
e856a8df-5adf-4591-8f2d-9eb85e68a29f,"A foggy rural highway in the southwest USA with hazy visibility and red-brown pavement has very few varied-colored SUVs passing by; one red Ford F150 truck is also present, and a single motorcycle is of interest from a street-level view.",f5ddba02-4295-48d9-8ad5-ba8583871323/bc6ba36c-aa02-4630-a0ea-4150b9b69e36/Synthetic/e856a8df-5adf-4591-8f2d-9eb85e68a29f_flux_1789425320.png,rural highways,foggy,hazy,SUVs,very few vehicles,southwest USA,red-brown,one truck (Ford F150),red,varied colors,street-level,motorcycle,,s3://auto-lora/f5ddba02-4295-48d9-8ad5-ba8583871323/1466b03e-841d-4c45-975e-c6900af67662/lora_weights.safetensors,$txc,train
ce0f9490-445c-4573-95a2-6a1b939dd732,"An urban highway in the southeast USA with foggy conditions and active precipitation, showing very few vehicles of varied colors, including one motorcycle, a red Ford F150 truck, and red-brown pavement viewed from street level.",f5ddba02-4295-48d9-8ad5-ba8583871323/bc6ba36c-aa02-4630-a0ea-4150b9b69e36/Synthetic/ce0f9490-445c-4573-95a2-6a1b939dd732_flux_1789426573.png,urban highways,foggy,active precipitation,motorcycles,very few vehicles,southeast USA,red-brown,one truck (Ford F150),red,varied colors,street-level,motorcycle,,s3://auto-lora/f5ddba02-4295-48d9-8ad5-ba8583871323/1466b03e-841d-4c45-975e-c6900af67662/lora_weights.safetensors,$txc,train
3ccbd8d2-3141-442c-86dd-f5ec88ed0dc3,"A rural highway in the southwest USA with a rainy, hazy environment, features red-brown pavement, and shows a moderate number of motorcycles and one white Ford F150 truck; street-level view highlights variously colored cars as objects of interest.",f5ddba02-4295-48d9-8ad5-ba8583871323/bc6ba36c-aa02-4630-a0ea-4150b9b69e36/Synthetic/3ccbd8d2-3141-442c-86dd-f5ec88ed0dc3_flux_1789426343.png,rural highways,rainy,hazy,motorcycles,moderate number of vehicles,southwest USA,red-brown,one truck (Ford F150),white,varied colors,street-level,car,,s3://auto-lora/f5ddba02-4295-48d9-8ad5-ba8583871323/1466b03e-841d-4c45-975e-c6900af67662/lora_weights.safetensors,$txc,train
27b4cb86-a09d-4975-9938-5b42f6de9520,"A sunny rural highway in the southeast USA with active precipitation, featuring a street-level view of a red-brown paved road and a moderate number of motorcycles of varied colors, one white Ford F150 truck, and cars in the foreground.",f5ddba02-4295-48d9-8ad5-ba8583871323/bc6ba36c-aa02-4630-a0ea-4150b9b69e36/Synthetic/27b4cb86-a09d-4975-9938-5b42f6de9520_flux_1789422784.png,rural highways,sunny,active precipitation,motorcycles,moderate number of vehicles,southeast USA,red-brown,one truck (Ford F150),white,varied colors,street-level,car,,s3://auto-lora/f5ddba02-4295-48d9-8ad5-ba8583871323/1466b03e-841d-4c45-975e-c6900af67662/lora_weights.safetensors,$txc,train
6b4631bb-5ab2-4898-9ff9-83a6a9a1eb1e,"An overhead view of rural highways in the southwest USA with active snowy weather and high density of buses, one black Ford F150 truck, and varied vehicle colors, all moving under gray pavement in conditions of heavy snowfall.",f5ddba02-4295-48d9-8ad5-ba8583871323/bc6ba36c-aa02-4630-a0ea-4150b9b69e36/Synthetic/6b4631bb-5ab2-4898-9ff9-83a6a9a1eb1e_flux_1789426540.png,rural highways,snowy,active precipitation,buses,high density of vehicles,southwest USA,gray,one truck (Ford F150),black,varied colors,overhead,truck,,s3://auto-lora/f5ddba02-4295-48d9-8ad5-ba8583871323/1466b03e-841d-4c45-975e-c6900af67662/lora_weights.safetensors,$txc,train
a3f67bcf-5420-41f8-b927-1377541b84f3,"An urban highway in the northeast USA with foggy weather and hazy visibility, featuring a high density of sedans and one gray Ford F150 truck at street level, where vehicle colors are varied.",f5ddba02-4295-48d9-8ad5-ba8583871323/bc6ba36c-aa02-4630-a0ea-4150b9b69e36/Synthetic/a3f67bcf-5420-41f8-b927-1377541b84f3_flux_1789423732.png,urban highways,foggy,hazy,sedans,high density of vehicles,northeast USA,gray,one truck (Ford F150),gray,varied colors,street-level,truck,,s3://auto-lora/f5ddba02-4295-48d9-8ad5-ba8583871323/1466b03e-841d-4c45-975e-c6900af67662/lora_weights.safetensors,$txc,train
e601a5a0-d23c-4a24-a626-a67399b679c5,"An urban highway in the northeast USA with a snowy, hazy environment, featuring very few motorcycles and one black Ford F150 truck at street-level, on a gray pavement.",f5ddba02-4295-48d9-8ad5-ba8583871323/bc6ba36c-aa02-4630-a0ea-4150b9b69e36/Synthetic/e601a5a0-d23c-4a24-a626-a67399b679c5_flux_1789426594.png,urban highways,snowy,hazy,motorcycles,very few vehicles,northeast USA,gray,one truck (Ford F150),black,varied colors,street-level,truck,,s3://auto-lora/f5ddba02-4295-48d9-8ad5-ba8583871323/1466b03e-841d-4c45-975e-c6900af67662/lora_weights.safetensors,$txc,train
9984dc24-286a-4506-9131-be553d992024,"An urban highway in the southeast USA with foggy weather and clear visibility, featuring very few motorcycles of varied colors and one black Ford F150 truck, the pavement is red-brown and the view is from street level with cars as the primary objects of interest.",f5ddba02-4295-48d9-8ad5-ba8583871323/bc6ba36c-aa02-4630-a0ea-4150b9b69e36/Synthetic/9984dc24-286a-4506-9131-be553d992024_flux_1789423357.png,urban highways,foggy,clear,motorcycles,very few vehicles,southeast USA,red-brown,one truck (Ford F150),black,varied colors,street-level,car,,s3://auto-lora/f5ddba02-4295-48d9-8ad5-ba8583871323/1466b03e-841d-4c45-975e-c6900af67662/lora_weights.safetensors,$txc,train
8aa26de8-c9fc-429e-81ae-b135330dd192,"An urban highway in the southeast USA with a high density of vehicles and trucks, including one gray Ford F150, under rainy and hazy conditions; the pavement is red-brown, viewed from street level, and a bus stands out as the object of interest among varied vehicle colors.",f5ddba02-4295-48d9-8ad5-ba8583871323/bc6ba36c-aa02-4630-a0ea-4150b9b69e36/Synthetic/8aa26de8-c9fc-429e-81ae-b135330dd192_flux_1789425959.png,urban highways,rainy,hazy,trucks (Ford F150),high density of vehicles,southeast USA,red-brown,one truck (Ford F150),gray,varied colors,street-level,bus,,s3://auto-lora/f5ddba02-4295-48d9-8ad5-ba8583871323/1466b03e-841d-4c45-975e-c6900af67662/lora_weights.safetensors,$txc,train
6f678329-9c3e-4a59-bfdb-914b34ca00d8,"An overhead view of a foggy rural highway in the northeast USA with high density of buses and varied vehicle colors, active precipitation reducing visibility, and one blue Ford F150 truck present.",f5ddba02-4295-48d9-8ad5-ba8583871323/bc6ba36c-aa02-4630-a0ea-4150b9b69e36/Synthetic/6f678329-9c3e-4a59-bfdb-914b34ca00d8_flux_1789425561.png,rural highways,foggy,active precipitation,buses,high density of vehicles,northeast USA,red-brown,one truck (Ford F150),blue,varied colors,overhead,truck,,s3://auto-lora/f5ddba02-4295-48d9-8ad5-ba8583871323/1466b03e-841d-4c45-975e-c6900af67662/lora_weights.safetensors,$txc,train
4abba1e6-3404-497b-9635-814b6cdc8b6a,A rural highway in the southeast USA with gray pavement and hazy sunny conditions features a street-level view of a moderate number of varied-colored sedans and one red Ford F150 truck.,f5ddba02-4295-48d9-8ad5-ba8583871323/bc6ba36c-aa02-4630-a0ea-4150b9b69e36/Synthetic/4abba1e6-3404-497b-9635-814b6cdc8b6a_flux_1789426347.png,rural highways,sunny,hazy,sedans,moderate number of vehicles,southeast USA,gray,one truck (Ford F150),red,varied colors,street-level,car,,s3://auto-lora/f5ddba02-4295-48d9-8ad5-ba8583871323/1466b03e-841d-4c45-975e-c6900af67662/lora_weights.safetensors,$txc,train
509e9d9d-fe25-4b17-a0ad-4e444ce3b3db,"An overhead view of a foggy urban highway in the southeast USA with a moderate number of sedans and a black Ford F150 truck on a red-brown pavement, objects of interest focusing on the truck.",f5ddba02-4295-48d9-8ad5-ba8583871323/bc6ba36c-aa02-4630-a0ea-4150b9b69e36/Synthetic/509e9d9d-fe25-4b17-a0ad-4e444ce3b3db_flux_1789424046.png,urban highways,foggy,clear,sedans,moderate number of vehicles,southeast USA,red-brown,one truck (Ford F150),black,varied colors,overhead,truck,,s3://auto-lora/f5ddba02-4295-48d9-8ad5-ba8583871323/1466b03e-841d-4c45-975e-c6900af67662/lora_weights.safetensors,$txc,train
33474305-b079-4fb6-aee4-9b62fba85166,"An urban highway in the southwest USA with foggy weather and hazy visibility, featuring very few vehicles of varied colors, one gray Ford F150 truck, and gray pavement; a motorcycle is also visible from a street-level angle.",f5ddba02-4295-48d9-8ad5-ba8583871323/bc6ba36c-aa02-4630-a0ea-4150b9b69e36/Synthetic/33474305-b079-4fb6-aee4-9b62fba85166_flux_1789423848.png,urban highways,foggy,hazy,buses,very few vehicles,southwest USA,gray,one truck (Ford F150),gray,varied colors,street-level,motorcycle,,s3://auto-lora/f5ddba02-4295-48d9-8ad5-ba8583871323/1466b03e-841d-4c45-975e-c6900af67662/lora_weights.safetensors,$txc,train
13836d7a-1cbb-4c02-bae0-2ea24b8a52d2,An overhead view of a foggy urban highway in the southeast USA with a moderate number of vehicles and one red Ford F150 truck on a red-brown pavement.,f5ddba02-4295-48d9-8ad5-ba8583871323/bc6ba36c-aa02-4630-a0ea-4150b9b69e36/Synthetic/13836d7a-1cbb-4c02-bae0-2ea24b8a52d2_flux_1789425947.png,urban highways,foggy,clear,trucks (Ford F150),moderate number of vehicles,southeast USA,red-brown,one truck (Ford F150),red,varied colors,overhead,truck,,s3://auto-lora/f5ddba02-4295-48d9-8ad5-ba8583871323/1466b03e-841d-4c45-975e-c6900af67662/lora_weights.safetensors,$txc,train
89efb21a-00b5-42f0-b741-2d591b025cbd,"An overhead view of a snowy, hazy rural highway in the southeast USA with gray pavement and a moderate number of vehicles, including one gray Ford F150 truck and various other vehicles of varied colors, where the primary focus is a bus traveling on the road.",f5ddba02-4295-48d9-8ad5-ba8583871323/bc6ba36c-aa02-4630-a0ea-4150b9b69e36/Synthetic/89efb21a-00b5-42f0-b741-2d591b025cbd_flux_1789424257.png,rural highways,snowy,hazy,trucks (Ford F150),moderate number of vehicles,southeast USA,gray,one truck (Ford F150),gray,varied colors,overhead,bus,,s3://auto-lora/f5ddba02-4295-48d9-8ad5-ba8583871323/1466b03e-841d-4c45-975e-c6900af67662/lora_weights.safetensors,$txc,train
47699876-1ffc-47bb-9f37-6ec55006883d,"An urban highway in the northeast USA with gray pavement and foggy weather creating hazy visibility; very few sedans are visible, one white Ford F150 truck is present, and varied colored vehicles are scattered; from street level, a motorcycle is the primary object of interest.",f5ddba02-4295-48d9-8ad5-ba8583871323/bc6ba36c-aa02-4630-a0ea-4150b9b69e36/Synthetic/47699876-1ffc-47bb-9f37-6ec55006883d_flux_1789423976.png,urban highways,foggy,hazy,sedans,very few vehicles,northeast USA,gray,one truck (Ford F150),white,varied colors,street-level,motorcycle,,s3://auto-lora/f5ddba02-4295-48d9-8ad5-ba8583871323/1466b03e-841d-4c45-975e-c6900af67662/lora_weights.safetensors,$txc,train
94da2cac-f363-4d6a-a941-cd94509bc42b,"A rural highway in the southeast USA with snowy, hazy conditions features a high density of varied-colored SUVs and one blue Ford F150 truck, the red-brown pavement visible from a street-level angle, and a motorcycle also present.",f5ddba02-4295-48d9-8ad5-ba8583871323/bc6ba36c-aa02-4630-a0ea-4150b9b69e36/Synthetic/94da2cac-f363-4d6a-a941-cd94509bc42b_flux_1789422764.png,rural highways,snowy,hazy,SUVs,high density of vehicles,southeast USA,red-brown,one truck (Ford F150),blue,varied colors,street-level,motorcycle,,s3://auto-lora/f5ddba02-4295-48d9-8ad5-ba8583871323/1466b03e-841d-4c45-975e-c6900af67662/lora_weights.safetensors,$txc,train
1159bcd1-e4b1-4b44-928a-6805f7958472,"An overhead view of rural highways in the northeast USA with sunny and clear conditions, featuring a high density of motorcycles in varied colors, one blue Ford F150 truck, and red-brown pavement.",f5ddba02-4295-48d9-8ad5-ba8583871323/bc6ba36c-aa02-4630-a0ea-4150b9b69e36/Synthetic/1159bcd1-e4b1-4b44-928a-6805f7958472_flux_1789422883.png,rural highways,sunny,clear,motorcycles,high density of vehicles,northeast USA,red-brown,one truck (Ford F150),blue,varied colors,overhead,motorcycle,,s3://auto-lora/f5ddba02-4295-48d9-8ad5-ba8583871323/1466b03e-841d-4c45-975e-c6900af67662/lora_weights.safetensors,$txc,train
a55df136-aabc-4023-bbeb-c968e19717e0,"An overhead view of a rural highway in the southwest USA during rainy, hazy conditions with a high density of vehicles and one blue Ford F150 truck, where the primary focus is a bus among varied vehicle colors on a gray pavement.",f5ddba02-4295-48d9-8ad5-ba8583871323/bc6ba36c-aa02-4630-a0ea-4150b9b69e36/Synthetic/a55df136-aabc-4023-bbeb-c968e19717e0_flux_1789422809.png,rural highways,rainy,hazy,trucks (Ford F150),high density of vehicles,southwest USA,gray,one truck (Ford F150),blue,varied colors,overhead,bus,,s3://auto-lora/f5ddba02-4295-48d9-8ad5-ba8583871323/1466b03e-841d-4c45-975e-c6900af67662/lora_weights.safetensors,$txc,train
1f340ca8-794c-43f9-9a3f-861990df4f49,"An urban highway in the southwest USA with active precipitation creating rainy conditions, featuring a street-level view of moderate SUV traffic, one red Ford F150 truck, and varied vehicle colors, set against a backdrop of red-brown pavement, and notable for a single motorcycle present in the scene.",f5ddba02-4295-48d9-8ad5-ba8583871323/bc6ba36c-aa02-4630-a0ea-4150b9b69e36/Synthetic/1f340ca8-794c-43f9-9a3f-861990df4f49_flux_1789424837.png,urban highways,rainy,active precipitation,SUVs,moderate number of vehicles,southwest USA,red-brown,one truck (Ford F150),red,varied colors,street-level,motorcycle,,s3://auto-lora/f5ddba02-4295-48d9-8ad5-ba8583871323/1466b03e-841d-4c45-975e-c6900af67662/lora_weights.safetensors,$txc,train
a698aa43-47f1-4e29-9449-e986622350d6,"An overhead view of an urban highway in the southwest USA with sunny weather and active precipitation, featuring a moderate number of sedans in varied colors, one gray Ford F150 truck, and gray pavement, where the primary point of interest is a bus present on the scene.",f5ddba02-4295-48d9-8ad5-ba8583871323/bc6ba36c-aa02-4630-a0ea-4150b9b69e36/Synthetic/a698aa43-47f1-4e29-9449-e986622350d6_flux_1789425746.png,urban highways,sunny,active precipitation,sedans,moderate number of vehicles,southwest USA,gray,one truck (Ford F150),gray,varied colors,overhead,bus,,s3://auto-lora/f5ddba02-4295-48d9-8ad5-ba8583871323/1466b03e-841d-4c45-975e-c6900af67662/lora_weights.safetensors,$txc,train
fc9156f0-da48-4e84-9a2d-817390323430,"A sunny but hazy rural highway in the southwest USA with a moderate number of motorcycles and a black Ford F150 truck, all on red-brown pavement viewed from street level, focusing on the truck.",f5ddba02-4295-48d9-8ad5-ba8583871323/bc6ba36c-aa02-4630-a0ea-4150b9b69e36/Synthetic/fc9156f0-da48-4e84-9a2d-817390323430_flux_1789423448.png,rural highways,sunny,hazy,motorcycles,moderate number of vehicles,southwest USA,red-brown,one truck (Ford F150),black,varied colors,street-level,truck,,s3://auto-lora/f5ddba02-4295-48d9-8ad5-ba8583871323/1466b03e-841d-4c45-975e-c6900af67662/lora_weights.safetensors,$txc,train
dde9ef4c-a9d4-4cf4-a576-c02d0f3c75de,"An urban highway in the northeast USA with foggy weather and high density of varied colored sedans, one blue Ford F150 truck, and red-brown pavement viewed from street level, where a motorcycle is also visible.",f5ddba02-4295-48d9-8ad5-ba8583871323/bc6ba36c-aa02-4630-a0ea-4150b9b69e36/Synthetic/dde9ef4c-a9d4-4cf4-a576-c02d0f3c75de_flux_1789424360.png,urban highways,foggy,clear,sedans,high density of vehicles,northeast USA,red-brown,one truck (Ford F150),blue,varied colors,street-level,motorcycle,,s3://auto-lora/f5ddba02-4295-48d9-8ad5-ba8583871323/1466b03e-841d-4c45-975e-c6900af67662/lora_weights.safetensors,$txc,train
b7efa345-3b1c-4f4d-85d1-dfa9b669752d,"An overhead view of a rural highway in the southeast USA with foggy weather and hazy visibility, featuring a high density of vehicles including numerous trucks (one blue Ford F150) and a bus, set against a red-brown pavement.",f5ddba02-4295-48d9-8ad5-ba8583871323/bc6ba36c-aa02-4630-a0ea-4150b9b69e36/Synthetic/b7efa345-3b1c-4f4d-85d1-dfa9b669752d_flux_1789425984.png,rural highways,foggy,hazy,trucks (Ford F150),high density of vehicles,southeast USA,red-brown,one truck (Ford F150),blue,varied colors,overhead,bus,,s3://auto-lora/f5ddba02-4295-48d9-8ad5-ba8583871323/1466b03e-841d-4c45-975e-c6900af67662/lora_weights.safetensors,$txc,train
3f95a2ad-0e85-48d4-92cc-e9d864527ba2,"An overhead view of a rainy rural highway in the southeast USA with active precipitation, featuring a moderate number of motorcycles in varied colors and one white Ford F150 truck, where the pavement is red-brown and the primary object of interest is a bus present in the scene.",f5ddba02-4295-48d9-8ad5-ba8583871323/bc6ba36c-aa02-4630-a0ea-4150b9b69e36/Synthetic/3f95a2ad-0e85-48d4-92cc-e9d864527ba2_flux_1789424269.png,rural highways,rainy,active precipitation,motorcycles,moderate number of vehicles,southeast USA,red-brown,one truck (Ford F150),white,varied colors,overhead,bus,,s3://auto-lora/f5ddba02-4295-48d9-8ad5-ba8583871323/1466b03e-841d-4c45-975e-c6900af67662/lora_weights.safetensors,$txc,train
5505226e-2127-49d7-8b0e-c0c9a69e765c,"An overhead view of rural highways in the southwest USA with a high density of motorcycles and varied vehicle colors in a snowy, but clear weather condition; the pavement is red-brown and a gray Ford F150 truck is present; a bus stands out as the object of interest.",f5ddba02-4295-48d9-8ad5-ba8583871323/bc6ba36c-aa02-4630-a0ea-4150b9b69e36/Synthetic/5505226e-2127-49d7-8b0e-c0c9a69e765c_flux_1789425066.png,rural highways,snowy,clear,motorcycles,high density of vehicles,southwest USA,red-brown,one truck (Ford F150),gray,varied colors,overhead,bus,,s3://auto-lora/f5ddba02-4295-48d9-8ad5-ba8583871323/1466b03e-841d-4c45-975e-c6900af67662/lora_weights.safetensors,$txc,train
6f3b4259-fff9-46ac-94ef-18ba6163f576,"A rural highway in the southwest USA with red-brown pavement and sunny, clear weather has very few vehicles, including varied-colored buses and one white Ford F150 truck, while a motorcycle is the primary object of interest from a street-level view.",f5ddba02-4295-48d9-8ad5-ba8583871323/bc6ba36c-aa02-4630-a0ea-4150b9b69e36/Synthetic/6f3b4259-fff9-46ac-94ef-18ba6163f576_flux_1789423102.png,rural highways,sunny,clear,buses,very few vehicles,southwest USA,red-brown,one truck (Ford F150),white,varied colors,street-level,motorcycle,,s3://auto-lora/f5ddba02-4295-48d9-8ad5-ba8583871323/1466b03e-841d-4c45-975e-c6900af67662/lora_weights.safetensors,$txc,train
7fffc722-1ec1-435c-be19-202e2e09a01b,"An overhead view of an urban highway in the northeast USA with sunny and clear conditions, featuring a red Ford F150 truck and very few vehicles of varied colors, on a gray pavement, with a bus as the object of interest.",f5ddba02-4295-48d9-8ad5-ba8583871323/bc6ba36c-aa02-4630-a0ea-4150b9b69e36/Synthetic/7fffc722-1ec1-435c-be19-202e2e09a01b_flux_1789422879.png,urban highways,sunny,clear,trucks (Ford F150),very few vehicles,northeast USA,gray,one truck (Ford F150),red,varied colors,overhead,bus,,s3://auto-lora/f5ddba02-4295-48d9-8ad5-ba8583871323/1466b03e-841d-4c45-975e-c6900af67662/lora_weights.safetensors,$txc,train
b282648a-e31a-400e-b8ad-0e05dde39853,"A foggy rural highway in the southwest USA with hazy visibility and varied colored SUVs, a moderate number of vehicles, and one blue Ford F150 truck on the red-brown pavement viewed from street level where focus is on the truck.",f5ddba02-4295-48d9-8ad5-ba8583871323/bc6ba36c-aa02-4630-a0ea-4150b9b69e36/Synthetic/b282648a-e31a-400e-b8ad-0e05dde39853_flux_1789425160.png,rural highways,foggy,hazy,SUVs,moderate number of vehicles,southwest USA,red-brown,one truck (Ford F150),blue,varied colors,street-level,truck,,s3://auto-lora/f5ddba02-4295-48d9-8ad5-ba8583871323/1466b03e-841d-4c45-975e-c6900af67662/lora_weights.safetensors,$txc,train
4436b0ca-ccb3-4d3f-8d57-5e64737c8a74,"An urban highway in the southwest USA with a sunny weather condition and active precipitation, featuring a moderate number of motorcycles of varied colors, a gray Ford F150 truck, and gray pavement viewed from street level.",f5ddba02-4295-48d9-8ad5-ba8583871323/bc6ba36c-aa02-4630-a0ea-4150b9b69e36/Synthetic/4436b0ca-ccb3-4d3f-8d57-5e64737c8a74_flux_1789426421.png,urban highways,sunny,active precipitation,motorcycles,moderate number of vehicles,southwest USA,gray,one truck (Ford F150),gray,varied colors,street-level,truck,,s3://auto-lora/f5ddba02-4295-48d9-8ad5-ba8583871323/1466b03e-841d-4c45-975e-c6900af67662/lora_weights.safetensors,$txc,train
5d3f4c97-87a7-4b08-b767-4fd7bce02fc3,"An overhead view of an urban highway in the southwest USA with sunny and clear weather, featuring a red-brown pavement, very few motorcycles, one black Ford F150 truck, and varied motorcycle colors.",f5ddba02-4295-48d9-8ad5-ba8583871323/bc6ba36c-aa02-4630-a0ea-4150b9b69e36/Synthetic/5d3f4c97-87a7-4b08-b767-4fd7bce02fc3_flux_1789425440.png,urban highways,sunny,clear,motorcycles,very few vehicles,southwest USA,red-brown,one truck (Ford F150),black,varied colors,overhead,truck,,s3://auto-lora/f5ddba02-4295-48d9-8ad5-ba8583871323/1466b03e-841d-4c45-975e-c6900af67662/lora_weights.safetensors,$txc,train
37615616-c9b7-4344-8044-147d35736a63,"An overhead view of rural highways in the southwest USA with sunny weather and active precipitation; multiple buses and a moderate number of varied-colored vehicles are present, including one blue Ford F150 truck, all moving under gray pavement.",f5ddba02-4295-48d9-8ad5-ba8583871323/bc6ba36c-aa02-4630-a0ea-4150b9b69e36/Synthetic/37615616-c9b7-4344-8044-147d35736a63_flux_1789425931.png,rural highways,sunny,active precipitation,buses,moderate number of vehicles,southwest USA,gray,one truck (Ford F150),blue,varied colors,overhead,bus,,s3://auto-lora/f5ddba02-4295-48d9-8ad5-ba8583871323/1466b03e-841d-4c45-975e-c6900af67662/lora_weights.safetensors,$txc,train
2024a5db-376e-440f-bded-0bccc4e8d992,"An overhead view of a snowy rural highway in the northeast USA with active precipitation, featuring a gray pavement, very few vehicles including one black Ford F150 truck, and varied colored cars present.",f5ddba02-4295-48d9-8ad5-ba8583871323/bc6ba36c-aa02-4630-a0ea-4150b9b69e36/Synthetic/2024a5db-376e-440f-bded-0bccc4e8d992_flux_1789426561.png,rural highways,snowy,active precipitation,trucks (Ford F150),very few vehicles,northeast USA,gray,one truck (Ford F150),black,varied colors,overhead,car,,s3://auto-lora/f5ddba02-4295-48d9-8ad5-ba8583871323/1466b03e-841d-4c45-975e-c6900af67662/lora_weights.safetensors,$txc,train
a1e9e3e9-e6db-4f23-a6ba-822ce20114b6,"An overhead view of an urban highway in the southeast USA with a snowy, clear weather condition; very few motorcycles of varied colors are present, one blue Ford F150 truck is visible, and a bus stands out as the primary object of interest on the red-brown pavement.",f5ddba02-4295-48d9-8ad5-ba8583871323/bc6ba36c-aa02-4630-a0ea-4150b9b69e36/Synthetic/a1e9e3e9-e6db-4f23-a6ba-822ce20114b6_flux_1789426511.png,urban highways,snowy,clear,motorcycles,very few vehicles,southeast USA,red-brown,one truck (Ford F150),blue,varied colors,overhead,bus,,s3://auto-lora/f5ddba02-4295-48d9-8ad5-ba8583871323/1466b03e-841d-4c45-975e-c6900af67662/lora_weights.safetensors,$txc,train
5de907cd-9931-44ca-a978-255e527447af,"A foggy rural highway in the southwest USA with active precipitation, featuring a high density of motorcycles and a red Ford F150 truck, the pavement is red-brown and viewed from street level focusing on the truck.",f5ddba02-4295-48d9-8ad5-ba8583871323/bc6ba36c-aa02-4630-a0ea-4150b9b69e36/Synthetic/5de907cd-9931-44ca-a978-255e527447af_flux_1789425894.png,rural highways,foggy,active precipitation,motorcycles,high density of vehicles,southwest USA,red-brown,one truck (Ford F150),red,varied colors,street-level,truck,,s3://auto-lora/f5ddba02-4295-48d9-8ad5-ba8583871323/1466b03e-841d-4c45-975e-c6900af67662/lora_weights.safetensors,$txc,train
674ba991-5a9d-44bb-9543-ff8f1ac058f3,"An overhead view of a rainy, hazy urban highway in the southeast USA with gray pavement and very few vehicles, including one blue Ford F150 truck, and a motorcycle present.",f5ddba02-4295-48d9-8ad5-ba8583871323/bc6ba36c-aa02-4630-a0ea-4150b9b69e36/Synthetic/674ba991-5a9d-44bb-9543-ff8f1ac058f3_flux_1789425779.png,urban highways,rainy,hazy,trucks (Ford F150),very few vehicles,southeast USA,gray,one truck (Ford F150),blue,varied colors,overhead,motorcycle,,s3://auto-lora/f5ddba02-4295-48d9-8ad5-ba8583871323/1466b03e-841d-4c45-975e-c6900af67662/lora_weights.safetensors,$txc,train
652cbff7-86a9-4e59-9644-bf2fd2fc8356,"An overhead view of a rural highway in the northeast USA with a sunny but hazy sky, red-brown pavement, and very few varied-colored sedans present; one blue Ford F150 truck is also visible, and the primary object of interest is a bus.",f5ddba02-4295-48d9-8ad5-ba8583871323/bc6ba36c-aa02-4630-a0ea-4150b9b69e36/Synthetic/652cbff7-86a9-4e59-9644-bf2fd2fc8356_flux_1789422718.png,rural highways,sunny,hazy,sedans,very few vehicles,northeast USA,red-brown,one truck (Ford F150),blue,varied colors,overhead,bus,,s3://auto-lora/f5ddba02-4295-48d9-8ad5-ba8583871323/1466b03e-841d-4c45-975e-c6900af67662/lora_weights.safetensors,$txc,train
0a49652d-cee8-4853-96a2-fb1be7fb52a8,"A rural highway in the southwest USA with a sunny, clear sky, red-brown pavement, and a street-level view showing a moderate number of sedans in varied colors and one red Ford F150 truck; a bus is also visible as an object of interest.",f5ddba02-4295-48d9-8ad5-ba8583871323/bc6ba36c-aa02-4630-a0ea-4150b9b69e36/Synthetic/0a49652d-cee8-4853-96a2-fb1be7fb52a8_flux_1789423241.png,rural highways,sunny,clear,sedans,moderate number of vehicles,southwest USA,red-brown,one truck (Ford F150),red,varied colors,street-level,bus,,s3://auto-lora/f5ddba02-4295-48d9-8ad5-ba8583871323/1466b03e-841d-4c45-975e-c6900af67662/lora_weights.safetensors,$txc,train
a82ddff4-38b5-4e8c-be58-5057eccaad93,"A rural highway in the northeast USA with snowy, hazy conditions and a high density of vehicles, predominantly trucks including one gray Ford F150, and variously colored cars; the street-level view shows red-brown pavement and a bus as the object of interest.",f5ddba02-4295-48d9-8ad5-ba8583871323/bc6ba36c-aa02-4630-a0ea-4150b9b69e36/Synthetic/a82ddff4-38b5-4e8c-be58-5057eccaad93_flux_1789426083.png,rural highways,snowy,hazy,trucks (Ford F150),high density of vehicles,northeast USA,red-brown,one truck (Ford F150),gray,varied colors,street-level,bus,,s3://auto-lora/f5ddba02-4295-48d9-8ad5-ba8583871323/1466b03e-841d-4c45-975e-c6900af67662/lora_weights.safetensors,$txc,train
6a4feb4c-b5ba-4b38-bfd3-1aaf0e67173c,"An overhead view of a snowy urban highway in the northeast USA with clear visibility and a high density of buses, one white Ford F150 truck, and vehicles of varied colors passing through, the pavement is gray.",f5ddba02-4295-48d9-8ad5-ba8583871323/bc6ba36c-aa02-4630-a0ea-4150b9b69e36/Synthetic/6a4feb4c-b5ba-4b38-bfd3-1aaf0e67173c_flux_1789425505.png,urban highways,snowy,clear,buses,high density of vehicles,northeast USA,gray,one truck (Ford F150),white,varied colors,overhead,car,,s3://auto-lora/f5ddba02-4295-48d9-8ad5-ba8583871323/1466b03e-841d-4c45-975e-c6900af67662/lora_weights.safetensors,$txc,train
6924abb1-32dd-4169-b4e5-88c7a18e2a7b,"An overhead view of rural highways in the northeast USA during rainy weather with active precipitation, featuring a high density of buses and one red Ford F150 truck on a red-brown pavement, the buses having varied colors.",f5ddba02-4295-48d9-8ad5-ba8583871323/bc6ba36c-aa02-4630-a0ea-4150b9b69e36/Synthetic/6924abb1-32dd-4169-b4e5-88c7a18e2a7b_flux_1789423057.png,rural highways,rainy,active precipitation,buses,high density of vehicles,northeast USA,red-brown,one truck (Ford F150),red,varied colors,overhead,truck,,s3://auto-lora/f5ddba02-4295-48d9-8ad5-ba8583871323/1466b03e-841d-4c45-975e-c6900af67662/lora_weights.safetensors,$txc,train
574546f1-fb9d-489c-bc2e-02486b6bc228,"A foggy street-level view on an urban highway in the southeast USA with high density of buses and varied colored vehicles, active precipitation, a white Ford F150 truck, and a motorcycle visible on the red-brown pavement.",f5ddba02-4295-48d9-8ad5-ba8583871323/bc6ba36c-aa02-4630-a0ea-4150b9b69e36/Synthetic/574546f1-fb9d-489c-bc2e-02486b6bc228_flux_1789426425.png,urban highways,foggy,active precipitation,buses,high density of vehicles,southeast USA,red-brown,one truck (Ford F150),white,varied colors,street-level,motorcycle,,s3://auto-lora/f5ddba02-4295-48d9-8ad5-ba8583871323/1466b03e-841d-4c45-975e-c6900af67662/lora_weights.safetensors,$txc,train
46eeb456-4d52-4d74-a3d0-5b3c3220232d,"An overhead view of a rainy urban highway in the southwest USA with a high density of motorcycles and varied vehicle colors, clear visibility, one white Ford F150 truck, and red-brown pavement.",f5ddba02-4295-48d9-8ad5-ba8583871323/bc6ba36c-aa02-4630-a0ea-4150b9b69e36/Synthetic/46eeb456-4d52-4d74-a3d0-5b3c3220232d_flux_1789424546.png,urban highways,rainy,clear,motorcycles,high density of vehicles,southwest USA,red-brown,one truck (Ford F150),white,varied colors,overhead,car,,s3://auto-lora/f5ddba02-4295-48d9-8ad5-ba8583871323/1466b03e-841d-4c45-975e-c6900af67662/lora_weights.safetensors,$txc,train
39a17d90-69ec-418b-a65e-303f7bd09fe1,"An urban highway in the northeast USA with a high density of vehicles and trucks, including one red Ford F150, under rainy and hazy conditions, viewed from street level, where the pavement is gray and vehicles have varied colors, and a bus is also present as an object of interest.",f5ddba02-4295-48d9-8ad5-ba8583871323/bc6ba36c-aa02-4630-a0ea-4150b9b69e36/Synthetic/39a17d90-69ec-418b-a65e-303f7bd09fe1_flux_1789426734.png,urban highways,rainy,hazy,trucks (Ford F150),high density of vehicles,northeast USA,gray,one truck (Ford F150),red,varied colors,street-level,bus,,s3://auto-lora/f5ddba02-4295-48d9-8ad5-ba8583871323/1466b03e-841d-4c45-975e-c6900af67662/lora_weights.safetensors,$txc,train
bfae495b-d77f-40b3-9e49-517909ffa03d,"An urban highway in the northeast USA with active precipitation from rainy weather, featuring a street-level view of moderate numbers of motorcycles in varied colors and one gray Ford F150 truck. The pavement is red-brown.",f5ddba02-4295-48d9-8ad5-ba8583871323/bc6ba36c-aa02-4630-a0ea-4150b9b69e36/Synthetic/bfae495b-d77f-40b3-9e49-517909ffa03d_flux_1789424460.png,urban highways,rainy,active precipitation,motorcycles,moderate number of vehicles,northeast USA,red-brown,one truck (Ford F150),gray,varied colors,street-level,truck,,s3://auto-lora/f5ddba02-4295-48d9-8ad5-ba8583871323/1466b03e-841d-4c45-975e-c6900af67662/lora_weights.safetensors,$txc,train
c44ac28d-753f-45fb-b500-50202b537895,"An overhead view of rural highways in the southwest USA with foggy weather and clear visibility, featuring very few vehicles of varied colors and one gray Ford F150 truck, set against a backdrop of red-brown pavement.",f5ddba02-4295-48d9-8ad5-ba8583871323/bc6ba36c-aa02-4630-a0ea-4150b9b69e36/Synthetic/c44ac28d-753f-45fb-b500-50202b537895_flux_1789425395.png,rural highways,foggy,clear,SUVs,very few vehicles,southwest USA,red-brown,one truck (Ford F150),gray,varied colors,overhead,car,,s3://auto-lora/f5ddba02-4295-48d9-8ad5-ba8583871323/1466b03e-841d-4c45-975e-c6900af67662/lora_weights.safetensors,$txc,train
aeeb9e21-9554-4b16-bbb3-5088ab2a226b,"An overhead view of a snowy, hazy urban highway in the northeast USA with gray pavement and very few vehicles, including varied-colored motorcycles and one gray Ford F150 truck, where the primary focus is a car in the scene.",f5ddba02-4295-48d9-8ad5-ba8583871323/bc6ba36c-aa02-4630-a0ea-4150b9b69e36/Synthetic/aeeb9e21-9554-4b16-bbb3-5088ab2a226b_flux_1789425976.png,urban highways,snowy,hazy,motorcycles,very few vehicles,northeast USA,gray,one truck (Ford F150),gray,varied colors,overhead,car,,s3://auto-lora/f5ddba02-4295-48d9-8ad5-ba8583871323/1466b03e-841d-4c45-975e-c6900af67662/lora_weights.safetensors,$txc,train
2fa6dd9a-491c-468a-ac93-c9ceff06e6ce,"A rural highway in the southeast USA with red-brown pavement and clear visibility despite rainy weather conditions, featuring a moderate number of vehicles including one gray Ford F150 truck at street level.",f5ddba02-4295-48d9-8ad5-ba8583871323/bc6ba36c-aa02-4630-a0ea-4150b9b69e36/Synthetic/2fa6dd9a-491c-468a-ac93-c9ceff06e6ce_flux_1789423028.png,rural highways,rainy,clear,trucks (Ford F150),moderate number of vehicles,southeast USA,red-brown,one truck (Ford F150),gray,varied colors,street-level,truck,,s3://auto-lora/f5ddba02-4295-48d9-8ad5-ba8583871323/1466b03e-841d-4c45-975e-c6900af67662/lora_weights.safetensors,$txc,train
991eb30e-b360-4e3c-93ea-50b6d6fb6ff9,"An overhead view of an urban highway in the northeast USA with sunny and clear conditions, featuring a gray Ford F150 truck and very few vehicles of varied colors, set against a gray pavement.",f5ddba02-4295-48d9-8ad5-ba8583871323/bc6ba36c-aa02-4630-a0ea-4150b9b69e36/Synthetic/991eb30e-b360-4e3c-93ea-50b6d6fb6ff9_flux_1789425886.png,urban highways,sunny,clear,trucks (Ford F150),very few vehicles,northeast USA,gray,one truck (Ford F150),gray,varied colors,overhead,car,,s3://auto-lora/f5ddba02-4295-48d9-8ad5-ba8583871323/1466b03e-841d-4c45-975e-c6900af67662/lora_weights.safetensors,$txc,train
184b2abf-92f0-40d2-b0a8-c6afce9371a0,"An urban highway in the northeast USA with gray pavement, foggy weather and active precipitation, has very few vehicles including varied colored SUVs and one red Ford F150 truck at street level.",f5ddba02-4295-48d9-8ad5-ba8583871323/bc6ba36c-aa02-4630-a0ea-4150b9b69e36/Synthetic/184b2abf-92f0-40d2-b0a8-c6afce9371a0_flux_1789424290.png,urban highways,foggy,active precipitation,SUVs,very few vehicles,northeast USA,gray,one truck (Ford F150),red,varied colors,street-level,car,,s3://auto-lora/f5ddba02-4295-48d9-8ad5-ba8583871323/1466b03e-841d-4c45-975e-c6900af67662/lora_weights.safetensors,$txc,train
9ac0f2c6-122b-4520-9d51-c22067341d8d,"An overhead view of rural highways in the southeast USA with sunny weather and active precipitation; a high density of motorcycles is visible on a gray pavement, including a red Ford F150 truck, the primary object of interest.",f5ddba02-4295-48d9-8ad5-ba8583871323/bc6ba36c-aa02-4630-a0ea-4150b9b69e36/Synthetic/9ac0f2c6-122b-4520-9d51-c22067341d8d_flux_1789425098.png,rural highways,sunny,active precipitation,motorcycles,high density of vehicles,southeast USA,gray,one truck (Ford F150),red,varied colors,overhead,truck,,s3://auto-lora/f5ddba02-4295-48d9-8ad5-ba8583871323/1466b03e-841d-4c45-975e-c6900af67662/lora_weights.safetensors,$txc,train
ee84cfdb-0589-4946-b521-aa5231d0464d,"A rural highway in the southeast USA with sunny and clear conditions, featuring gray pavement and very few varied-colored sedans; one black Ford F150 truck is also visible at street level.",f5ddba02-4295-48d9-8ad5-ba8583871323/bc6ba36c-aa02-4630-a0ea-4150b9b69e36/Synthetic/ee84cfdb-0589-4946-b521-aa5231d0464d_flux_1789423262.png,rural highways,sunny,clear,sedans,very few vehicles,southeast USA,gray,one truck (Ford F150),black,varied colors,street-level,car,,s3://auto-lora/f5ddba02-4295-48d9-8ad5-ba8583871323/1466b03e-841d-4c45-975e-c6900af67662/lora_weights.safetensors,$txc,train
da455f88-3c82-447f-aad1-596ff27fe869,"An urban highway in the northeast USA with foggy weather and active precipitation, viewed from street level, shows very few vehicles including one gray Ford F150 truck; the pavement is red-brown and vehicles have varied colors.",f5ddba02-4295-48d9-8ad5-ba8583871323/bc6ba36c-aa02-4630-a0ea-4150b9b69e36/Synthetic/da455f88-3c82-447f-aad1-596ff27fe869_flux_1789426709.png,urban highways,foggy,active precipitation,trucks (Ford F150),very few vehicles,northeast USA,red-brown,one truck (Ford F150),gray,varied colors,street-level,car,,s3://auto-lora/f5ddba02-4295-48d9-8ad5-ba8583871323/1466b03e-841d-4c45-975e-c6900af67662/lora_weights.safetensors,$txc,train
578e0461-8019-483b-9037-bb8abd3e5aa1,"On a sunny day in the northeast USA, a street-level view of an urban highway shows a moderate number of buses with varied colors, one black Ford F150 truck, and clear gray pavement; also visible is a motorcycle.",f5ddba02-4295-48d9-8ad5-ba8583871323/bc6ba36c-aa02-4630-a0ea-4150b9b69e36/Synthetic/578e0461-8019-483b-9037-bb8abd3e5aa1_flux_1789424871.png,urban highways,sunny,clear,buses,moderate number of vehicles,northeast USA,gray,one truck (Ford F150),black,varied colors,street-level,motorcycle,,s3://auto-lora/f5ddba02-4295-48d9-8ad5-ba8583871323/1466b03e-841d-4c45-975e-c6900af67662/lora_weights.safetensors,$txc,train
3867e59d-d430-44bc-9b50-c2c52378ce8d,"An urban highway in the southeast USA with active precipitation from rainy weather, featuring a street-level view of moderate number of motorcycles and one blue Ford F150 truck on a red-brown pavement, where motorcycle colors vary.",f5ddba02-4295-48d9-8ad5-ba8583871323/bc6ba36c-aa02-4630-a0ea-4150b9b69e36/Synthetic/3867e59d-d430-44bc-9b50-c2c52378ce8d_flux_1789423642.png,urban highways,rainy,active precipitation,motorcycles,moderate number of vehicles,southeast USA,red-brown,one truck (Ford F150),blue,varied colors,street-level,motorcycle,,s3://auto-lora/f5ddba02-4295-48d9-8ad5-ba8583871323/1466b03e-841d-4c45-975e-c6900af67662/lora_weights.safetensors,$txc,train
2ce9cac7-5ae7-43c0-9f46-643174bcceac,"An overhead view of a rural highway in the southeast USA with sunny weather and active precipitation, featuring very few vehicles of varied colors including buses and one black Ford F150 truck, where the primary interest is a motorcycle visible on the gray pavement.",f5ddba02-4295-48d9-8ad5-ba8583871323/bc6ba36c-aa02-4630-a0ea-4150b9b69e36/Synthetic/2ce9cac7-5ae7-43c0-9f46-643174bcceac_flux_1789425037.png,rural highways,sunny,active precipitation,buses,very few vehicles,southeast USA,gray,one truck (Ford F150),black,varied colors,overhead,motorcycle,,s3://auto-lora/f5ddba02-4295-48d9-8ad5-ba8583871323/1466b03e-841d-4c45-975e-c6900af67662/lora_weights.safetensors,$txc,train
d2122aef-04b9-4151-bbf7-91537a6373ed,"An overhead view of a foggy urban highway in the southeast USA with hazy visibility and high density of motorcycles in varied colors, one gray Ford F150 truck, and red-brown pavement.",f5ddba02-4295-48d9-8ad5-ba8583871323/bc6ba36c-aa02-4630-a0ea-4150b9b69e36/Synthetic/d2122aef-04b9-4151-bbf7-91537a6373ed_flux_1789424294.png,urban highways,foggy,hazy,motorcycles,high density of vehicles,southeast USA,red-brown,one truck (Ford F150),gray,varied colors,overhead,car,,s3://auto-lora/f5ddba02-4295-48d9-8ad5-ba8583871323/1466b03e-841d-4c45-975e-c6900af67662/lora_weights.safetensors,$txc,train
dc6e846e-be0c-42d5-8a8f-8b6958b1dc9e,"A rural highway in the northeast USA with red-brown pavement, snowy conditions and active precipitation, features very few vehicles of varied colors and one blue Ford F150 truck at street level.",f5ddba02-4295-48d9-8ad5-ba8583871323/bc6ba36c-aa02-4630-a0ea-4150b9b69e36/Synthetic/dc6e846e-be0c-42d5-8a8f-8b6958b1dc9e_flux_1789426400.png,rural highways,snowy,active precipitation,trucks (Ford F150),very few vehicles,northeast USA,red-brown,one truck (Ford F150),blue,varied colors,street-level,car,,s3://auto-lora/f5ddba02-4295-48d9-8ad5-ba8583871323/1466b03e-841d-4c45-975e-c6900af67662/lora_weights.safetensors,$txc,train
8387fdd6-634a-41ae-ab6c-dd33aa19c6dd,"An overhead view of a snowy urban highway in the northeast USA with a high density of varied-colored SUVs and clear visibility, one blue Ford F150 truck, and a motorcycle present on a gray pavement.",f5ddba02-4295-48d9-8ad5-ba8583871323/bc6ba36c-aa02-4630-a0ea-4150b9b69e36/Synthetic/8387fdd6-634a-41ae-ab6c-dd33aa19c6dd_flux_1789425337.png,urban highways,snowy,clear,SUVs,high density of vehicles,northeast USA,gray,one truck (Ford F150),blue,varied colors,overhead,motorcycle,,s3://auto-lora/f5ddba02-4295-48d9-8ad5-ba8583871323/1466b03e-841d-4c45-975e-c6900af67662/lora_weights.safetensors,$txc,train
da8ccc7c-c4e4-4be3-b091-d3f11274d06c,"An overhead view of a snowy, hazy urban highway in the northeast USA with gray pavement and a moderate number of varied-colored SUVs, one white Ford F150 truck, and a motorcycle present.",f5ddba02-4295-48d9-8ad5-ba8583871323/bc6ba36c-aa02-4630-a0ea-4150b9b69e36/Synthetic/da8ccc7c-c4e4-4be3-b091-d3f11274d06c_flux_1789426750.png,urban highways,snowy,hazy,SUVs,moderate number of vehicles,northeast USA,gray,one truck (Ford F150),white,varied colors,overhead,motorcycle,,s3://auto-lora/f5ddba02-4295-48d9-8ad5-ba8583871323/1466b03e-841d-4c45-975e-c6900af67662/lora_weights.safetensors,$txc,train
f0f7f593-d173-4445-bf36-f1da5f1602b5,"An overhead view of a rainy, hazy urban highway in the northeast USA with a high density of SUVs and one red Ford F150 truck, the pavement is gray and vehicles display varied colors.",f5ddba02-4295-48d9-8ad5-ba8583871323/bc6ba36c-aa02-4630-a0ea-4150b9b69e36/Synthetic/f0f7f593-d173-4445-bf36-f1da5f1602b5_flux_1789422702.png,urban highways,rainy,hazy,SUVs,high density of vehicles,northeast USA,gray,one truck (Ford F150),red,varied colors,overhead,car,,s3://auto-lora/f5ddba02-4295-48d9-8ad5-ba8583871323/1466b03e-841d-4c45-975e-c6900af67662/lora_weights.safetensors,$txc,train
2b6359b5-a87b-4428-aa9c-f748dc9ef7d4,"An overhead view of rural highways in the northeast USA covered in snow with active precipitation, featuring a moderate number of buses and varied colored vehicles, including one black Ford F150 truck, all moving under a gray pavement environment.",f5ddba02-4295-48d9-8ad5-ba8583871323/bc6ba36c-aa02-4630-a0ea-4150b9b69e36/Synthetic/2b6359b5-a87b-4428-aa9c-f748dc9ef7d4_flux_1789424904.png,rural highways,snowy,active precipitation,buses,moderate number of vehicles,northeast USA,gray,one truck (Ford F150),black,varied colors,overhead,car,,s3://auto-lora/f5ddba02-4295-48d9-8ad5-ba8583871323/1466b03e-841d-4c45-975e-c6900af67662/lora_weights.safetensors,$txc,train
4b96e5b8-a8e6-468a-888c-b64af6653897,"A rural highway in the southwest USA with active precipitation creating rainy conditions and low visibility; numerous buses densely packed on the red-brown pavement, one gray Ford F150 truck present, and various vehicle colors visible from street level, focusing on the truck as the primary object of interest.",f5ddba02-4295-48d9-8ad5-ba8583871323/bc6ba36c-aa02-4630-a0ea-4150b9b69e36/Synthetic/4b96e5b8-a8e6-468a-888c-b64af6653897_flux_1789422833.png,rural highways,rainy,active precipitation,buses,high density of vehicles,southwest USA,red-brown,one truck (Ford F150),gray,varied colors,street-level,truck,,s3://auto-lora/f5ddba02-4295-48d9-8ad5-ba8583871323/1466b03e-841d-4c45-975e-c6900af67662/lora_weights.safetensors,$txc,train
3d41c623-ac39-48ae-80ad-d9ae2d0aa4ef,"A street-level view of an urban highway in the southwest USA with gray pavement and rainy weather but clear visibility, showing very few vehicles including one blue Ford F150 truck and various other vehicles with varied colors passing by.",f5ddba02-4295-48d9-8ad5-ba8583871323/bc6ba36c-aa02-4630-a0ea-4150b9b69e36/Synthetic/3d41c623-ac39-48ae-80ad-d9ae2d0aa4ef_flux_1789422829.png,urban highways,rainy,clear,trucks (Ford F150),very few vehicles,southwest USA,gray,one truck (Ford F150),blue,varied colors,street-level,car,,s3://auto-lora/f5ddba02-4295-48d9-8ad5-ba8583871323/1466b03e-841d-4c45-975e-c6900af67662/lora_weights.safetensors,$txc,train
36f249cb-b7fa-46da-a572-64cc2f40ba4f,"An urban highway in the southeast USA with a high density of sedans and varied vehicle colors under rainy, hazy conditions; a street-level view shows gray pavement and one red Ford F150 truck; objects of interest include a motorcycle visible in the scene.",f5ddba02-4295-48d9-8ad5-ba8583871323/bc6ba36c-aa02-4630-a0ea-4150b9b69e36/Synthetic/36f249cb-b7fa-46da-a572-64cc2f40ba4f_flux_1789426359.png,urban highways,rainy,hazy,sedans,high density of vehicles,southeast USA,gray,one truck (Ford F150),red,varied colors,street-level,motorcycle,,s3://auto-lora/f5ddba02-4295-48d9-8ad5-ba8583871323/1466b03e-841d-4c45-975e-c6900af67662/lora_weights.safetensors,$txc,train
339103f0-8695-426c-b991-8020181e7681,"A rural highway in the northeast USA with red-brown pavement and foggy, hazy weather conditions shows very few varied-colored SUVs and one black Ford F150 truck at street level.",f5ddba02-4295-48d9-8ad5-ba8583871323/bc6ba36c-aa02-4630-a0ea-4150b9b69e36/Synthetic/339103f0-8695-426c-b991-8020181e7681_flux_1789423208.png,rural highways,foggy,hazy,SUVs,very few vehicles,northeast USA,red-brown,one truck (Ford F150),black,varied colors,street-level,car,,s3://auto-lora/f5ddba02-4295-48d9-8ad5-ba8583871323/1466b03e-841d-4c45-975e-c6900af67662/lora_weights.safetensors,$txc,train
18f9bfed-1ac8-4f7b-9496-8714246ab55d,"An overhead view of a foggy urban highway in the southwest USA with active precipitation, featuring a high density of vehicles and one gray Ford F150 truck on a gray pavement, surrounded by vehicles of varied colors.",f5ddba02-4295-48d9-8ad5-ba8583871323/bc6ba36c-aa02-4630-a0ea-4150b9b69e36/Synthetic/18f9bfed-1ac8-4f7b-9496-8714246ab55d_flux_1789425771.png,urban highways,foggy,active precipitation,trucks (Ford F150),high density of vehicles,southwest USA,gray,one truck (Ford F150),gray,varied colors,overhead,truck,,s3://auto-lora/f5ddba02-4295-48d9-8ad5-ba8583871323/1466b03e-841d-4c45-975e-c6900af67662/lora_weights.safetensors,$txc,train
d83fdd81-52ef-4a68-8f48-bcb30b36055e,"An overhead view of a snowy, hazy urban highway in the northeast USA with gray pavement and a moderate number of sedans of varied colors, one blue Ford F150 truck, and no significant obstructions to visibility.",f5ddba02-4295-48d9-8ad5-ba8583871323/bc6ba36c-aa02-4630-a0ea-4150b9b69e36/Synthetic/d83fdd81-52ef-4a68-8f48-bcb30b36055e_flux_1789423188.png,urban highways,snowy,hazy,sedans,moderate number of vehicles,northeast USA,gray,one truck (Ford F150),blue,varied colors,overhead,car,,s3://auto-lora/f5ddba02-4295-48d9-8ad5-ba8583871323/1466b03e-841d-4c45-975e-c6900af67662/lora_weights.safetensors,$txc,train
29a504cf-8c56-4e03-b12f-f4b06f119a20,"An overhead view of rural highways in the northeast USA with active snowy weather and high density of varied-colored SUVs, one blue Ford F150 truck, and visible motorcycles on a gray pavement surface.",f5ddba02-4295-48d9-8ad5-ba8583871323/bc6ba36c-aa02-4630-a0ea-4150b9b69e36/Synthetic/29a504cf-8c56-4e03-b12f-f4b06f119a20_flux_1789426408.png,rural highways,snowy,active precipitation,SUVs,high density of vehicles,northeast USA,gray,one truck (Ford F150),blue,varied colors,overhead,motorcycle,,s3://auto-lora/f5ddba02-4295-48d9-8ad5-ba8583871323/1466b03e-841d-4c45-975e-c6900af67662/lora_weights.safetensors,$txc,train
93d550b5-bca3-4ed1-8d48-cf13e178205e,"An overhead view of rural highways in the northeast USA with active snowy weather and high density of buses, one black Ford F150 truck, and varied vehicle colors, all moving under gray pavement conditions.",f5ddba02-4295-48d9-8ad5-ba8583871323/bc6ba36c-aa02-4630-a0ea-4150b9b69e36/Synthetic/93d550b5-bca3-4ed1-8d48-cf13e178205e_flux_1789424936.png,rural highways,snowy,active precipitation,buses,high density of vehicles,northeast USA,gray,one truck (Ford F150),black,varied colors,overhead,bus,,s3://auto-lora/f5ddba02-4295-48d9-8ad5-ba8583871323/1466b03e-841d-4c45-975e-c6900af67662/lora_weights.safetensors,$txc,train
4e27e06a-969a-48ce-a0b5-89d2bfef6228,"An overhead view of rural highways in the southeast USA with sunny and clear weather conditions, featuring a moderate number of motorcycles in varied colors and one black Ford F150 truck on a gray pavement.",f5ddba02-4295-48d9-8ad5-ba8583871323/bc6ba36c-aa02-4630-a0ea-4150b9b69e36/Synthetic/4e27e06a-969a-48ce-a0b5-89d2bfef6228_flux_1789423712.png,rural highways,sunny,clear,motorcycles,moderate number of vehicles,southeast USA,gray,one truck (Ford F150),black,varied colors,overhead,truck,,s3://auto-lora/f5ddba02-4295-48d9-8ad5-ba8583871323/1466b03e-841d-4c45-975e-c6900af67662/lora_weights.safetensors,$txc,train
679a7094-3858-4c75-b755-86ef0cf8621b,"An overhead view of an urban highway in the northeast USA with a sunny weather condition and active precipitation, featuring a red-brown pavement, very few vehicles of varied colors, one white Ford F150 truck, and a bus as the primary points of interest.",f5ddba02-4295-48d9-8ad5-ba8583871323/bc6ba36c-aa02-4630-a0ea-4150b9b69e36/Synthetic/679a7094-3858-4c75-b755-86ef0cf8621b_flux_1789426754.png,urban highways,sunny,active precipitation,motorcycles,very few vehicles,northeast USA,red-brown,one truck (Ford F150),white,varied colors,overhead,bus,,s3://auto-lora/f5ddba02-4295-48d9-8ad5-ba8583871323/1466b03e-841d-4c45-975e-c6900af67662/lora_weights.safetensors,$txc,train
d853cbbf-e0e5-4b20-ae73-e9e8040cbae4,"A foggy rural highway in the southwest USA with active precipitation, red-brown pavement, high density of varied-colored sedans, one red Ford F150 truck, and a bus visible from street-level.",f5ddba02-4295-48d9-8ad5-ba8583871323/bc6ba36c-aa02-4630-a0ea-4150b9b69e36/Synthetic/d853cbbf-e0e5-4b20-ae73-e9e8040cbae4_flux_1789424924.png,rural highways,foggy,active precipitation,sedans,high density of vehicles,southwest USA,red-brown,one truck (Ford F150),red,varied colors,street-level,bus,,s3://auto-lora/f5ddba02-4295-48d9-8ad5-ba8583871323/1466b03e-841d-4c45-975e-c6900af67662/lora_weights.safetensors,$txc,train
5c33491b-a85f-4b28-89f4-d2f53c46010f,"An overhead view of a densely packed highway in the southwest USA with gray pavement, sunny but hazy weather, and predominantly sedans; one white Ford F150 truck is visible among the varied colored vehicles, and a motorcycle is also present.",f5ddba02-4295-48d9-8ad5-ba8583871323/bc6ba36c-aa02-4630-a0ea-4150b9b69e36/Synthetic/5c33491b-a85f-4b28-89f4-d2f53c46010f_flux_1789422867.png,urban highways,sunny,hazy,sedans,high density of vehicles,southwest USA,gray,one truck (Ford F150),white,varied colors,overhead,motorcycle,,s3://auto-lora/f5ddba02-4295-48d9-8ad5-ba8583871323/1466b03e-841d-4c45-975e-c6900af67662/lora_weights.safetensors,$txc,train
524f744b-9b37-4b5b-8bab-f46c6a338198,"An overhead view of a busy urban highway in the southeast USA with a high density of motorcycles and varied vehicle colors under sunny conditions, active precipitation reducing visibility, and one blue Ford F150 truck; a bus is also notable in the scene on a red-brown pavement.",f5ddba02-4295-48d9-8ad5-ba8583871323/bc6ba36c-aa02-4630-a0ea-4150b9b69e36/Synthetic/524f744b-9b37-4b5b-8bab-f46c6a338198_flux_1789424788.png,urban highways,sunny,active precipitation,motorcycles,high density of vehicles,southeast USA,red-brown,one truck (Ford F150),blue,varied colors,overhead,bus,,s3://auto-lora/f5ddba02-4295-48d9-8ad5-ba8583871323/1466b03e-841d-4c45-975e-c6900af67662/lora_weights.safetensors,$txc,train
09099908-a1e6-4056-9830-fbd13d6b5d4b,"An overhead view of a foggy rural highway in the southeast USA with a high density of buses and varied vehicle colors, one white Ford F150 truck visible, gray pavement, and excellent visibility despite the fog.",f5ddba02-4295-48d9-8ad5-ba8583871323/bc6ba36c-aa02-4630-a0ea-4150b9b69e36/Synthetic/09099908-a1e6-4056-9830-fbd13d6b5d4b_flux_1789423857.png,rural highways,foggy,clear,buses,high density of vehicles,southeast USA,gray,one truck (Ford F150),white,varied colors,overhead,car,,s3://auto-lora/f5ddba02-4295-48d9-8ad5-ba8583871323/1466b03e-841d-4c45-975e-c6900af67662/lora_weights.safetensors,$txc,train
c6db8505-4c69-491a-b700-cbdf39bb1f6e,A rural highway in the southwest USA with red-brown pavement and foggy weather has very few varied-colored SUVs and one white Ford F150 truck passing by; street-level view with clear visibility and an object of interest being a bus.,f5ddba02-4295-48d9-8ad5-ba8583871323/bc6ba36c-aa02-4630-a0ea-4150b9b69e36/Synthetic/c6db8505-4c69-491a-b700-cbdf39bb1f6e_flux_1789424191.png,rural highways,foggy,clear,SUVs,very few vehicles,southwest USA,red-brown,one truck (Ford F150),white,varied colors,street-level,bus,,s3://auto-lora/f5ddba02-4295-48d9-8ad5-ba8583871323/1466b03e-841d-4c45-975e-c6900af67662/lora_weights.safetensors,$txc,train
79f3f1c8-6d58-4725-b6f7-05af3bdf7038,"An overhead view of rural highways in the southwest USA during rainy weather with clear visibility and high density of vehicles, featuring one white Ford F150 truck among various colored vehicles.",f5ddba02-4295-48d9-8ad5-ba8583871323/bc6ba36c-aa02-4630-a0ea-4150b9b69e36/Synthetic/79f3f1c8-6d58-4725-b6f7-05af3bdf7038_flux_1789425841.png,rural highways,rainy,clear,trucks (Ford F150),high density of vehicles,southwest USA,red-brown,one truck (Ford F150),white,varied colors,overhead,truck,,s3://auto-lora/f5ddba02-4295-48d9-8ad5-ba8583871323/1466b03e-841d-4c45-975e-c6900af67662/lora_weights.safetensors,$txc,train
310ccd19-81ca-4c3f-b643-2bfbeae09a1e,"An overhead view of rural highways in the southeast USA with a high density of varied-colored sedans and one gray Ford F150 truck on a red-brown pavement, set against a snowy backdrop offering clear visibility.",f5ddba02-4295-48d9-8ad5-ba8583871323/bc6ba36c-aa02-4630-a0ea-4150b9b69e36/Synthetic/310ccd19-81ca-4c3f-b643-2bfbeae09a1e_flux_1789424976.png,rural highways,snowy,clear,sedans,high density of vehicles,southeast USA,red-brown,one truck (Ford F150),gray,varied colors,overhead,car,,s3://auto-lora/f5ddba02-4295-48d9-8ad5-ba8583871323/1466b03e-841d-4c45-975e-c6900af67662/lora_weights.safetensors,$txc,train
c6a28247-00e8-4283-935a-38b1bbb338c4,"A rural highway in the northeast USA with a sunny but hazy sky, featuring a street-level view of gray pavement and a moderate number of varied-colored SUVs, including one gray Ford F150 truck.",f5ddba02-4295-48d9-8ad5-ba8583871323/bc6ba36c-aa02-4630-a0ea-4150b9b69e36/Synthetic/c6a28247-00e8-4283-935a-38b1bbb338c4_flux_1789424825.png,rural highways,sunny,hazy,SUVs,moderate number of vehicles,northeast USA,gray,one truck (Ford F150),gray,varied colors,street-level,car,,s3://auto-lora/f5ddba02-4295-48d9-8ad5-ba8583871323/1466b03e-841d-4c45-975e-c6900af67662/lora_weights.safetensors,$txc,train
4ebdd113-8603-4041-aa4e-7c0ee2afdfee,"A rural highway in the southwest USA with rainy, hazy conditions features a high density of buses and one blue Ford F150 truck driving on a gray pavement from a street-level perspective; vehicles display varied colors.",f5ddba02-4295-48d9-8ad5-ba8583871323/bc6ba36c-aa02-4630-a0ea-4150b9b69e36/Synthetic/4ebdd113-8603-4041-aa4e-7c0ee2afdfee_flux_1789424658.png,rural highways,rainy,hazy,buses,high density of vehicles,southwest USA,gray,one truck (Ford F150),blue,varied colors,street-level,car,,s3://auto-lora/f5ddba02-4295-48d9-8ad5-ba8583871323/1466b03e-841d-4c45-975e-c6900af67662/lora_weights.safetensors,$txc,train
df1c86c6-1a2e-43bf-b005-fffbf824485c,"An overhead view of a rural highway in the southeast USA with a sunny but hazy sky, gray pavement, and very few vehicles of varied colors passing by; one blue Ford F150 truck is also visible, and a single motorcycle is the primary point of interest.",f5ddba02-4295-48d9-8ad5-ba8583871323/bc6ba36c-aa02-4630-a0ea-4150b9b69e36/Synthetic/df1c86c6-1a2e-43bf-b005-fffbf824485c_flux_1789423663.png,rural highways,sunny,hazy,buses,very few vehicles,southeast USA,gray,one truck (Ford F150),blue,varied colors,overhead,motorcycle,,s3://auto-lora/f5ddba02-4295-48d9-8ad5-ba8583871323/1466b03e-841d-4c45-975e-c6900af67662/lora_weights.safetensors,$txc,train
d93c1d07-9720-40e7-a06b-f05e7ec1712b,"An overhead view of a foggy urban highway in the southwest USA with hazy visibility, very few vehicles present, including varied colored motorcycles and one red Ford F150 truck, where the pavement is gray and the focus is on a car in the scene.",f5ddba02-4295-48d9-8ad5-ba8583871323/bc6ba36c-aa02-4630-a0ea-4150b9b69e36/Synthetic/d93c1d07-9720-40e7-a06b-f05e7ec1712b_flux_1789423249.png,urban highways,foggy,hazy,motorcycles,very few vehicles,southwest USA,gray,one truck (Ford F150),red,varied colors,overhead,car,,s3://auto-lora/f5ddba02-4295-48d9-8ad5-ba8583871323/1466b03e-841d-4c45-975e-c6900af67662/lora_weights.safetensors,$txc,train
e3881b6f-5d90-4fb7-96d1-64163aa4ab11,"An overhead view of a snowy, hazy urban highway in the southeast USA with a high density of gray sedans and one gray Ford F150 truck, showcasing varied vehicle colors against a gray pavement environment.",f5ddba02-4295-48d9-8ad5-ba8583871323/bc6ba36c-aa02-4630-a0ea-4150b9b69e36/Synthetic/e3881b6f-5d90-4fb7-96d1-64163aa4ab11_flux_1789426058.png,urban highways,snowy,hazy,sedans,high density of vehicles,southeast USA,gray,one truck (Ford F150),gray,varied colors,overhead,car,,s3://auto-lora/f5ddba02-4295-48d9-8ad5-ba8583871323/1466b03e-841d-4c45-975e-c6900af67662/lora_weights.safetensors,$txc,train
4b6dbb84-f0a3-4234-98c6-50030a95f357,"An urban highway in the southeast USA with foggy weather and clear visibility, featuring a high density of motorcycles in varied colors, one blue Ford F150 truck, and gray pavement viewed from street level focusing on the motorcycles.",f5ddba02-4295-48d9-8ad5-ba8583871323/bc6ba36c-aa02-4630-a0ea-4150b9b69e36/Synthetic/4b6dbb84-f0a3-4234-98c6-50030a95f357_flux_1789423172.png,urban highways,foggy,clear,motorcycles,high density of vehicles,southeast USA,gray,one truck (Ford F150),blue,varied colors,street-level,motorcycle,,s3://auto-lora/f5ddba02-4295-48d9-8ad5-ba8583871323/1466b03e-841d-4c45-975e-c6900af67662/lora_weights.safetensors,$txc,train
09cfc12d-2ce8-4dbe-8ba1-9e3a01cbd32f,"A foggy rural highway in the southeast USA with active precipitation, featuring a street-level view of very few vehicles, predominantly varied colored cars and trucks, but most prominently one white Ford F150 truck on the red-brown pavement.",f5ddba02-4295-48d9-8ad5-ba8583871323/bc6ba36c-aa02-4630-a0ea-4150b9b69e36/Synthetic/09cfc12d-2ce8-4dbe-8ba1-9e3a01cbd32f_flux_1789423774.png,rural highways,foggy,active precipitation,trucks (Ford F150),very few vehicles,southeast USA,red-brown,one truck (Ford F150),white,varied colors,street-level,truck,,s3://auto-lora/f5ddba02-4295-48d9-8ad5-ba8583871323/1466b03e-841d-4c45-975e-c6900af67662/lora_weights.safetensors,$txc,train
13583713-efbb-4907-a9b6-c93a8f661885,"On a sunny day with clear visibility, an urban highway in the southeast USA is depicted from street level, featuring gray pavement and very few motorcycles of varied colors; a black Ford F150 truck is also present.",f5ddba02-4295-48d9-8ad5-ba8583871323/bc6ba36c-aa02-4630-a0ea-4150b9b69e36/Synthetic/13583713-efbb-4907-a9b6-c93a8f661885_flux_1789424373.png,urban highways,sunny,clear,motorcycles,very few vehicles,southeast USA,gray,one truck (Ford F150),black,varied colors,street-level,car,,s3://auto-lora/f5ddba02-4295-48d9-8ad5-ba8583871323/1466b03e-841d-4c45-975e-c6900af67662/lora_weights.safetensors,$txc,train
68b39ea7-a958-4a0f-9bf9-4a54f6cae30e,"An overhead view of an urban highway in the southeast USA with active precipitation from rainy weather, featuring very few vehicles including varied-colored motorcycles and one black Ford F150 truck, while a bus is the primary object of interest on a red-brown pavement.",f5ddba02-4295-48d9-8ad5-ba8583871323/bc6ba36c-aa02-4630-a0ea-4150b9b69e36/Synthetic/68b39ea7-a958-4a0f-9bf9-4a54f6cae30e_flux_1789424141.png,urban highways,rainy,active precipitation,motorcycles,very few vehicles,southeast USA,red-brown,one truck (Ford F150),black,varied colors,overhead,bus,,s3://auto-lora/f5ddba02-4295-48d9-8ad5-ba8583871323/1466b03e-841d-4c45-975e-c6900af67662/lora_weights.safetensors,$txc,train
aaf70e14-9e36-4242-829a-3b03a3afe355,"An urban highway in the southeast USA with active precipitation, featuring a high density of buses and varied colored vehicles from street level, one gray Ford F150 truck, and red-brown pavement.",f5ddba02-4295-48d9-8ad5-ba8583871323/bc6ba36c-aa02-4630-a0ea-4150b9b69e36/Synthetic/aaf70e14-9e36-4242-829a-3b03a3afe355_flux_1789425667.png,urban highways,rainy,active precipitation,buses,high density of vehicles,southeast USA,red-brown,one truck (Ford F150),gray,varied colors,street-level,car,,s3://auto-lora/f5ddba02-4295-48d9-8ad5-ba8583871323/1466b03e-841d-4c45-975e-c6900af67662/lora_weights.safetensors,$txc,train
9c6727ff-c133-4d39-92d6-add637a6456e,"An overhead view of a snowy, hazy urban highway in the southwest USA with gray pavement and very few vehicles, including varied-colored SUVs and one black Ford F150 truck, where the primary point of interest is a motorcycle present on the road.",f5ddba02-4295-48d9-8ad5-ba8583871323/bc6ba36c-aa02-4630-a0ea-4150b9b69e36/Synthetic/9c6727ff-c133-4d39-92d6-add637a6456e_flux_1789424960.png,urban highways,snowy,hazy,SUVs,very few vehicles,southwest USA,gray,one truck (Ford F150),black,varied colors,overhead,motorcycle,,s3://auto-lora/f5ddba02-4295-48d9-8ad5-ba8583871323/1466b03e-841d-4c45-975e-c6900af67662/lora_weights.safetensors,$txc,train
17a6137a-ed85-4fae-ac34-cfdc033e81a3,"An overhead view of a snowy urban highway in the southwest USA with active precipitation, featuring a moderate number of sedans in varied colors and one red Ford F150 truck, where the gray pavement is interspersed with a motorcycle visible in the scene.",f5ddba02-4295-48d9-8ad5-ba8583871323/bc6ba36c-aa02-4630-a0ea-4150b9b69e36/Synthetic/17a6137a-ed85-4fae-ac34-cfdc033e81a3_flux_1789424518.png,urban highways,snowy,active precipitation,sedans,moderate number of vehicles,southwest USA,gray,one truck (Ford F150),red,varied colors,overhead,motorcycle,,s3://auto-lora/f5ddba02-4295-48d9-8ad5-ba8583871323/1466b03e-841d-4c45-975e-c6900af67662/lora_weights.safetensors,$txc,train
8e1ed6ac-69eb-42bb-ad0d-f079bc6fa52e,"An urban highway in the northeast USA with a snowy, hazy environment, featuring very few varied-colored sedans and one red Ford F150 truck, where the street-level view shows a red-brown pavement and a bus as the primary object of interest.",f5ddba02-4295-48d9-8ad5-ba8583871323/bc6ba36c-aa02-4630-a0ea-4150b9b69e36/Synthetic/8e1ed6ac-69eb-42bb-ad0d-f079bc6fa52e_flux_1789424800.png,urban highways,snowy,hazy,sedans,very few vehicles,northeast USA,red-brown,one truck (Ford F150),red,varied colors,street-level,bus,,s3://auto-lora/f5ddba02-4295-48d9-8ad5-ba8583871323/1466b03e-841d-4c45-975e-c6900af67662/lora_weights.safetensors,$txc,train
4ba003d2-ad20-42a2-8aa1-5d77b4f5d0b8,"An overhead view of rural highways in the northeast USA with sunny weather and active precipitation; the road surface is red-brown and features a high density of buses and one gray Ford F150 truck, while varied colored motorcycles are also present.",f5ddba02-4295-48d9-8ad5-ba8583871323/bc6ba36c-aa02-4630-a0ea-4150b9b69e36/Synthetic/4ba003d2-ad20-42a2-8aa1-5d77b4f5d0b8_flux_1789423667.png,rural highways,sunny,active precipitation,buses,high density of vehicles,northeast USA,red-brown,one truck (Ford F150),gray,varied colors,overhead,motorcycle,,s3://auto-lora/f5ddba02-4295-48d9-8ad5-ba8583871323/1466b03e-841d-4c45-975e-c6900af67662/lora_weights.safetensors,$txc,train
71bb8c8f-96e1-445b-b251-93aae862adb9,"An overhead view of a foggy urban highway in the southeast USA with red-brown pavement and very few vehicles, including varied-colored SUVs and one gray Ford F150 truck, set against a background of active precipitation.",f5ddba02-4295-48d9-8ad5-ba8583871323/bc6ba36c-aa02-4630-a0ea-4150b9b69e36/Synthetic/71bb8c8f-96e1-445b-b251-93aae862adb9_flux_1789425123.png,urban highways,foggy,active precipitation,SUVs,very few vehicles,southeast USA,red-brown,one truck (Ford F150),gray,varied colors,overhead,car,,s3://auto-lora/f5ddba02-4295-48d9-8ad5-ba8583871323/1466b03e-841d-4c45-975e-c6900af67662/lora_weights.safetensors,$txc,train
38e462e6-ce2a-4108-aaf7-0696005477fb,"An overhead view of a foggy urban highway in the southeast USA with hazy visibility, featuring a moderate number of vehicles and one white Ford F150 truck on the red-brown pavement, objects of interest focusing on the truck.",f5ddba02-4295-48d9-8ad5-ba8583871323/bc6ba36c-aa02-4630-a0ea-4150b9b69e36/Synthetic/38e462e6-ce2a-4108-aaf7-0696005477fb_flux_1789426145.png,urban highways,foggy,hazy,trucks (Ford F150),moderate number of vehicles,southeast USA,red-brown,one truck (Ford F150),white,varied colors,overhead,truck,,s3://auto-lora/f5ddba02-4295-48d9-8ad5-ba8583871323/1466b03e-841d-4c45-975e-c6900af67662/lora_weights.safetensors,$txc,train
e179d27f-627c-4950-af04-0a96793f88b5,An overhead view of a foggy urban highway in the northeast USA with hazy visibility and a moderate number of sedans; one black Ford F150 truck is also visible on the gray pavement.,f5ddba02-4295-48d9-8ad5-ba8583871323/bc6ba36c-aa02-4630-a0ea-4150b9b69e36/Synthetic/e179d27f-627c-4950-af04-0a96793f88b5_flux_1789426487.png,urban highways,foggy,hazy,sedans,moderate number of vehicles,northeast USA,gray,one truck (Ford F150),black,varied colors,overhead,truck,,s3://auto-lora/f5ddba02-4295-48d9-8ad5-ba8583871323/1466b03e-841d-4c45-975e-c6900af67662/lora_weights.safetensors,$txc,train
e48775bf-2b6b-43d9-b390-bceefa637117,"An urban highway in the southwest USA with active snow precipitation, gray pavement, and moderate number of motorcycles of varied colors; a street-level view shows one blue Ford F150 truck and a bus as objects of interest.",f5ddba02-4295-48d9-8ad5-ba8583871323/bc6ba36c-aa02-4630-a0ea-4150b9b69e36/Synthetic/e48775bf-2b6b-43d9-b390-bceefa637117_flux_1789425176.png,urban highways,snowy,active precipitation,motorcycles,moderate number of vehicles,southwest USA,gray,one truck (Ford F150),blue,varied colors,street-level,bus,,s3://auto-lora/f5ddba02-4295-48d9-8ad5-ba8583871323/1466b03e-841d-4c45-975e-c6900af67662/lora_weights.safetensors,$txc,train
2ee64d31-4c6a-41e6-8e4f-1f6871f9d2df,"A street-level view of an urban highway in the southwest USA with a sunny but hazy sky, gray pavement, and very few vehicles of varied colors passing by; one black Ford F150 truck is also visible.",f5ddba02-4295-48d9-8ad5-ba8583871323/bc6ba36c-aa02-4630-a0ea-4150b9b69e36/Synthetic/2ee64d31-4c6a-41e6-8e4f-1f6871f9d2df_flux_1789423572.png,urban highways,sunny,hazy,sedans,very few vehicles,southwest USA,gray,one truck (Ford F150),black,varied colors,street-level,car,,s3://auto-lora/f5ddba02-4295-48d9-8ad5-ba8583871323/1466b03e-841d-4c45-975e-c6900af67662/lora_weights.safetensors,$txc,train
733ecb5b-d9a5-4acf-8ebb-0773fa627b9e,"A foggy rural highway in the southeast USA with active precipitation, featuring a street-level view of moderate numbers of motorcycles in varied colors and one red Ford F150 truck, all set against a backdrop of red-brown pavement.",f5ddba02-4295-48d9-8ad5-ba8583871323/bc6ba36c-aa02-4630-a0ea-4150b9b69e36/Synthetic/733ecb5b-d9a5-4acf-8ebb-0773fa627b9e_flux_1789422966.png,rural highways,foggy,active precipitation,motorcycles,moderate number of vehicles,southeast USA,red-brown,one truck (Ford F150),red,varied colors,street-level,truck,,s3://auto-lora/f5ddba02-4295-48d9-8ad5-ba8583871323/1466b03e-841d-4c45-975e-c6900af67662/lora_weights.safetensors,$txc,train
1b9ec1a6-d028-4ab2-ab00-94847a1c1cdb,"An overhead view of an urban highway in the southeast USA with a sunny weather condition and active precipitation, featuring a gray pavement, very few vehicles of varied colors, and one black Ford F150 truck.",f5ddba02-4295-48d9-8ad5-ba8583871323/bc6ba36c-aa02-4630-a0ea-4150b9b69e36/Synthetic/1b9ec1a6-d028-4ab2-ab00-94847a1c1cdb_flux_1789425078.png,urban highways,sunny,active precipitation,motorcycles,very few vehicles,southeast USA,gray,one truck (Ford F150),black,varied colors,overhead,truck,,s3://auto-lora/f5ddba02-4295-48d9-8ad5-ba8583871323/1466b03e-841d-4c45-975e-c6900af67662/lora_weights.safetensors,$txc,train
824fb937-904d-4653-ac29-4c4e0d78f7e5,"A rural highway in the southeast USA with a snowy, hazy environment; very few vehicles including varied-colored SUVs and one white Ford F150 truck, viewed from street level, where a bus is the primary object of interest on a gray pavement.",f5ddba02-4295-48d9-8ad5-ba8583871323/bc6ba36c-aa02-4630-a0ea-4150b9b69e36/Synthetic/824fb937-904d-4653-ac29-4c4e0d78f7e5_flux_1789426137.png,rural highways,snowy,hazy,SUVs,very few vehicles,southeast USA,gray,one truck (Ford F150),white,varied colors,street-level,bus,,s3://auto-lora/f5ddba02-4295-48d9-8ad5-ba8583871323/1466b03e-841d-4c45-975e-c6900af67662/lora_weights.safetensors,$txc,test
30c3d3f7-6a27-4fb2-b936-03f9e93df03f,"An overhead view of a rainy, hazy urban highway in the northeast USA with red-brown pavement and very few varied-colored SUVs; one blue Ford F150 truck is present, and a motorcycle is the primary point of interest.",f5ddba02-4295-48d9-8ad5-ba8583871323/bc6ba36c-aa02-4630-a0ea-4150b9b69e36/Synthetic/30c3d3f7-6a27-4fb2-b936-03f9e93df03f_flux_1789425033.png,urban highways,rainy,hazy,SUVs,very few vehicles,northeast USA,red-brown,one truck (Ford F150),blue,varied colors,overhead,motorcycle,,s3://auto-lora/f5ddba02-4295-48d9-8ad5-ba8583871323/1466b03e-841d-4c45-975e-c6900af67662/lora_weights.safetensors,$txc,test
c92e2205-e587-487c-95f5-365e4df4d25a,"On a sunny day with active precipitation, a street-level view of an urban highway in the northeast USA shows very few vehicles, including one black Ford F150 truck and various vehicles of varied colors, while a bus is the primary object of interest against a gray pavement.",f5ddba02-4295-48d9-8ad5-ba8583871323/bc6ba36c-aa02-4630-a0ea-4150b9b69e36/Synthetic/c92e2205-e587-487c-95f5-365e4df4d25a_flux_1789425004.png,urban highways,sunny,active precipitation,trucks (Ford F150),very few vehicles,northeast USA,gray,one truck (Ford F150),black,varied colors,street-level,bus,,s3://auto-lora/f5ddba02-4295-48d9-8ad5-ba8583871323/1466b03e-841d-4c45-975e-c6900af67662/lora_weights.safetensors,$txc,test
176c0df2-a9b6-45ad-a9e9-680ffb623e9d,"A foggy rural highway in the southwest USA with a high density of SUVs and a red-brown pavement; a blue Ford F150 truck is visible in the background, and various colored vehicles are scattered throughout the hazy scene from street level.",f5ddba02-4295-48d9-8ad5-ba8583871323/bc6ba36c-aa02-4630-a0ea-4150b9b69e36/Synthetic/176c0df2-a9b6-45ad-a9e9-680ffb623e9d_flux_1789424414.png,rural highways,foggy,hazy,SUVs,high density of vehicles,southwest USA,red-brown,one truck (Ford F150),blue,varied colors,street-level,truck,,s3://auto-lora/f5ddba02-4295-48d9-8ad5-ba8583871323/1466b03e-841d-4c45-975e-c6900af67662/lora_weights.safetensors,$txc,test
49c5a336-31a3-4be7-9a4f-e668603843e5,"An urban highway in the southwest USA with a sunny, clear sky, gray pavement, and very few vehicles of varied colors passing by; a street-level view shows one blue Ford F150 truck and a bus as the primary objects of interest.",f5ddba02-4295-48d9-8ad5-ba8583871323/bc6ba36c-aa02-4630-a0ea-4150b9b69e36/Synthetic/49c5a336-31a3-4be7-9a4f-e668603843e5_flux_1789424034.png,urban highways,sunny,clear,motorcycles,very few vehicles,southwest USA,gray,one truck (Ford F150),blue,varied colors,street-level,bus,,s3://auto-lora/f5ddba02-4295-48d9-8ad5-ba8583871323/1466b03e-841d-4c45-975e-c6900af67662/lora_weights.safetensors,$txc,test
57a579d4-05bf-4803-904d-16d1a7b57170,"An overhead view of an urban highway in the southwest USA with active precipitation from rainy weather, featuring very few varied-colored sedans and one white Ford F150 truck, where the red-brown pavement is visible and a motorcycle is the primary object of interest.",f5ddba02-4295-48d9-8ad5-ba8583871323/bc6ba36c-aa02-4630-a0ea-4150b9b69e36/Synthetic/57a579d4-05bf-4803-904d-16d1a7b57170_flux_1789423369.png,urban highways,rainy,active precipitation,sedans,very few vehicles,southwest USA,red-brown,one truck (Ford F150),white,varied colors,overhead,motorcycle,,s3://auto-lora/f5ddba02-4295-48d9-8ad5-ba8583871323/1466b03e-841d-4c45-975e-c6900af67662/lora_weights.safetensors,$txc,test
bdd1a32f-c49a-4a35-82df-e8c95bdc2d1d,"An urban highway in the northeast USA with foggy weather and hazy visibility, featuring a street-level view of a moderate number of motorcycles and a gray Ford F150 truck, all on a gray pavement, with varied motorcycle colors.",f5ddba02-4295-48d9-8ad5-ba8583871323/bc6ba36c-aa02-4630-a0ea-4150b9b69e36/Synthetic/bdd1a32f-c49a-4a35-82df-e8c95bdc2d1d_flux_1789425557.png,urban highways,foggy,hazy,motorcycles,moderate number of vehicles,northeast USA,gray,one truck (Ford F150),gray,varied colors,street-level,motorcycle,,s3://auto-lora/f5ddba02-4295-48d9-8ad5-ba8583871323/1466b03e-841d-4c45-975e-c6900af67662/lora_weights.safetensors,$txc,test
16a9ffeb-9609-4765-b600-9f3599c8c696,"An overhead view of rural highways in the southwest USA with a high density of motorcycles and a white Ford F150 truck, the environment is snowy but visibility is clear, pavement is gray and vehicles display varied colors.",f5ddba02-4295-48d9-8ad5-ba8583871323/bc6ba36c-aa02-4630-a0ea-4150b9b69e36/Synthetic/16a9ffeb-9609-4765-b600-9f3599c8c696_flux_1789423935.png,rural highways,snowy,clear,motorcycles,high density of vehicles,southwest USA,gray,one truck (Ford F150),white,varied colors,overhead,truck,,s3://auto-lora/f5ddba02-4295-48d9-8ad5-ba8583871323/1466b03e-841d-4c45-975e-c6900af67662/lora_weights.safetensors,$txc,test
25b58483-0bf8-455b-af79-23728e59323a,"A rural highway in the southwest USA with a high density of sedans under sunny conditions and active precipitation; the street-level view shows a red-brown pavement, one black Ford F150 truck, and various colored vehicles.",f5ddba02-4295-48d9-8ad5-ba8583871323/bc6ba36c-aa02-4630-a0ea-4150b9b69e36/Synthetic/25b58483-0bf8-455b-af79-23728e59323a_flux_1789422862.png,rural highways,sunny,active precipitation,sedans,high density of vehicles,southwest USA,red-brown,one truck (Ford F150),black,varied colors,street-level,truck,,s3://auto-lora/f5ddba02-4295-48d9-8ad5-ba8583871323/1466b03e-841d-4c45-975e-c6900af67662/lora_weights.safetensors,$txc,test
49581bb0-2bdb-4a1a-b086-c76096c27150,"An urban highway in the southwest USA with active snow precipitation, featuring a high density of buses and varied colored vehicles from street level, where a black Ford F150 truck is also visible on a red-brown pavement.",f5ddba02-4295-48d9-8ad5-ba8583871323/bc6ba36c-aa02-4630-a0ea-4150b9b69e36/Synthetic/49581bb0-2bdb-4a1a-b086-c76096c27150_flux_1789426162.png,urban highways,snowy,active precipitation,buses,high density of vehicles,southwest USA,red-brown,one truck (Ford F150),black,varied colors,street-level,car,,s3://auto-lora/f5ddba02-4295-48d9-8ad5-ba8583871323/1466b03e-841d-4c45-975e-c6900af67662/lora_weights.safetensors,$txc,test
1758c38d-8909-4a92-a00e-8fb79e181bdd,"An overhead view of rural highways in the southwest USA with sunny and clear conditions, featuring a high density of sedans in varied colors and one gray Ford F150 truck.",f5ddba02-4295-48d9-8ad5-ba8583871323/bc6ba36c-aa02-4630-a0ea-4150b9b69e36/Synthetic/1758c38d-8909-4a92-a00e-8fb79e181bdd_flux_1789425671.png,rural highways,sunny,clear,sedans,high density of vehicles,southwest USA,gray,one truck (Ford F150),gray,varied colors,overhead,truck,,s3://auto-lora/f5ddba02-4295-48d9-8ad5-ba8583871323/1466b03e-841d-4c45-975e-c6900af67662/lora_weights.safetensors,$txc,test
e1a851fa-3eca-41f4-aceb-b87543c9a95c,"An urban highway in the southeast USA with active precipitation from rainy weather, featuring a street-level view of moderate SUV traffic and one black Ford F150 truck, all moving under gray pavement conditions.",f5ddba02-4295-48d9-8ad5-ba8583871323/bc6ba36c-aa02-4630-a0ea-4150b9b69e36/Synthetic/e1a851fa-3eca-41f4-aceb-b87543c9a95c_flux_1789424768.png,urban highways,rainy,active precipitation,SUVs,moderate number of vehicles,southeast USA,gray,one truck (Ford F150),black,varied colors,street-level,car,,s3://auto-lora/f5ddba02-4295-48d9-8ad5-ba8583871323/1466b03e-841d-4c45-975e-c6900af67662/lora_weights.safetensors,$txc,test
fb15afdf-3bbe-46dc-9bfc-bd3fc5a4f11c,"An urban highway in the southwest USA with a high density of sedans and varied vehicle colors under sunny conditions, active precipitation reducing visibility, and a red Ford F150 truck present from a street-level perspective.",f5ddba02-4295-48d9-8ad5-ba8583871323/bc6ba36c-aa02-4630-a0ea-4150b9b69e36/Synthetic/fb15afdf-3bbe-46dc-9bfc-bd3fc5a4f11c_flux_1789426483.png,urban highways,sunny,active precipitation,sedans,high density of vehicles,southwest USA,red-brown,one truck (Ford F150),red,varied colors,street-level,car,,s3://auto-lora/f5ddba02-4295-48d9-8ad5-ba8583871323/1466b03e-841d-4c45-975e-c6900af67662/lora_weights.safetensors,$txc,test
2fc96112-3405-4b23-ace4-5cb866670407,"An urban highway in the southeast USA with foggy weather and clear visibility, featuring a street-level view of moderate number of vehicles including one black Ford F150 truck and various colored cars, set against a red-brown pavement, with a motorcycle as the object of interest.",f5ddba02-4295-48d9-8ad5-ba8583871323/bc6ba36c-aa02-4630-a0ea-4150b9b69e36/Synthetic/2fc96112-3405-4b23-ace4-5cb866670407_flux_1789425144.png,urban highways,foggy,clear,trucks (Ford F150),moderate number of vehicles,southeast USA,red-brown,one truck (Ford F150),black,varied colors,street-level,motorcycle,,s3://auto-lora/f5ddba02-4295-48d9-8ad5-ba8583871323/1466b03e-841d-4c45-975e-c6900af67662/lora_weights.safetensors,$txc,test
82a5b508-45e5-4b90-9845-f77a95a429e4,"A foggy street-level view on an urban highway in the southeast USA with active precipitation, featuring a moderate number of vehicles and one gray Ford F150 truck on a gray pavement.",f5ddba02-4295-48d9-8ad5-ba8583871323/bc6ba36c-aa02-4630-a0ea-4150b9b69e36/Synthetic/82a5b508-45e5-4b90-9845-f77a95a429e4_flux_1789423127.png,urban highways,foggy,active precipitation,trucks (Ford F150),moderate number of vehicles,southeast USA,gray,one truck (Ford F150),gray,varied colors,street-level,truck,,s3://auto-lora/f5ddba02-4295-48d9-8ad5-ba8583871323/1466b03e-841d-4c45-975e-c6900af67662/lora_weights.safetensors,$txc,test
db8b2ae6-e780-4e7a-abc5-b8fe3b20eca3,"A street-level view of an urban highway in the northeast USA with gray pavement and sunny weather, showing very few vehicles including one gray Ford F150 truck, while other vehicles have varied colors and there is active precipitation reducing visibility.",f5ddba02-4295-48d9-8ad5-ba8583871323/bc6ba36c-aa02-4630-a0ea-4150b9b69e36/Synthetic/db8b2ae6-e780-4e7a-abc5-b8fe3b20eca3_flux_1789425865.png,urban highways,sunny,active precipitation,trucks (Ford F150),very few vehicles,northeast USA,gray,one truck (Ford F150),gray,varied colors,street-level,car,,s3://auto-lora/f5ddba02-4295-48d9-8ad5-ba8583871323/1466b03e-841d-4c45-975e-c6900af67662/lora_weights.safetensors,$txc,test
d07ef73b-e4a1-4ca1-9de0-1c9da4d2496f,A rural highway in the southwest USA with gray pavement and clear visibility despite rainy weather conditions; street-level view shows a moderate number of motorcycles and one white Ford F150 truck passing by.,f5ddba02-4295-48d9-8ad5-ba8583871323/bc6ba36c-aa02-4630-a0ea-4150b9b69e36/Synthetic/d07ef73b-e4a1-4ca1-9de0-1c9da4d2496f_flux_1789424381.png,rural highways,rainy,clear,motorcycles,moderate number of vehicles,southwest USA,gray,one truck (Ford F150),white,varied colors,street-level,truck,,s3://auto-lora/f5ddba02-4295-48d9-8ad5-ba8583871323/1466b03e-841d-4c45-975e-c6900af67662/lora_weights.safetensors,$txc,test
d47c05f1-7ee2-4503-9f26-5558c821006d,"An overhead view of a snowy urban highway in the northeast USA with clear visibility, featuring a moderate number of motorcycles in varied colors and one blue Ford F150 truck, where the primary interest is a bus present on the scene against a gray pavement.",f5ddba02-4295-48d9-8ad5-ba8583871323/bc6ba36c-aa02-4630-a0ea-4150b9b69e36/Synthetic/d47c05f1-7ee2-4503-9f26-5558c821006d_flux_1789425537.png,urban highways,snowy,clear,motorcycles,moderate number of vehicles,northeast USA,gray,one truck (Ford F150),blue,varied colors,overhead,bus,,s3://auto-lora/f5ddba02-4295-48d9-8ad5-ba8583871323/1466b03e-841d-4c45-975e-c6900af67662/lora_weights.safetensors,$txc,test
35052a89-003e-48fd-80b6-1f2f9907224c,"An overhead view of a foggy urban highway in the southeast USA with a high density of sedans and varied vehicle colors, one white Ford F150 truck, and red-brown pavement stretching into the distance.",f5ddba02-4295-48d9-8ad5-ba8583871323/bc6ba36c-aa02-4630-a0ea-4150b9b69e36/Synthetic/35052a89-003e-48fd-80b6-1f2f9907224c_flux_1789426079.png,urban highways,foggy,clear,sedans,high density of vehicles,southeast USA,red-brown,one truck (Ford F150),white,varied colors,overhead,car,,s3://auto-lora/f5ddba02-4295-48d9-8ad5-ba8583871323/1466b03e-841d-4c45-975e-c6900af67662/lora_weights.safetensors,$txc,test
73f16e3f-5f66-4d06-bf0b-c2ba3389b922,"An overhead view of a rainy, hazy urban highway in the southwest USA with a moderate number of buses and varied colored vehicles, including one black Ford F150 truck, and red-brown pavement, focusing on cars as objects of interest.",f5ddba02-4295-48d9-8ad5-ba8583871323/bc6ba36c-aa02-4630-a0ea-4150b9b69e36/Synthetic/73f16e3f-5f66-4d06-bf0b-c2ba3389b922_flux_1789423432.png,urban highways,rainy,hazy,buses,moderate number of vehicles,southwest USA,red-brown,one truck (Ford F150),black,varied colors,overhead,car,,s3://auto-lora/f5ddba02-4295-48d9-8ad5-ba8583871323/1466b03e-841d-4c45-975e-c6900af67662/lora_weights.safetensors,$txc,test
9a0e36d8-2d41-446b-8919-793d3a661b46,An overhead view of rural highways in the southwest USA with a high density of buses and clear visibility despite rainy weather; the pavement is red-brown and a gray Ford F150 truck is present; bus colors vary.,f5ddba02-4295-48d9-8ad5-ba8583871323/bc6ba36c-aa02-4630-a0ea-4150b9b69e36/Synthetic/9a0e36d8-2d41-446b-8919-793d3a661b46_flux_1789422854.png,rural highways,rainy,clear,buses,high density of vehicles,southwest USA,red-brown,one truck (Ford F150),gray,varied colors,overhead,bus,,s3://auto-lora/f5ddba02-4295-48d9-8ad5-ba8583871323/1466b03e-841d-4c45-975e-c6900af67662/lora_weights.safetensors,$txc,test
199d5673-ca7d-450b-9802-3a4395bf240c,"An overhead view of an urban highway in the southwest USA with a sunny but hazy sky, featuring very few vehicles and a gray Ford F150 truck. The pavement is red-brown and varies in color among the buses and other vehicles present.",f5ddba02-4295-48d9-8ad5-ba8583871323/bc6ba36c-aa02-4630-a0ea-4150b9b69e36/Synthetic/199d5673-ca7d-450b-9802-3a4395bf240c_flux_1789423984.png,urban highways,sunny,hazy,buses,very few vehicles,southwest USA,red-brown,one truck (Ford F150),gray,varied colors,overhead,truck,,s3://auto-lora/f5ddba02-4295-48d9-8ad5-ba8583871323/1466b03e-841d-4c45-975e-c6900af67662/lora_weights.safetensors,$txc,test
1ea77822-d277-4434-aa10-311e0a3482f9,"An overhead view of a snowy, hazy rural highway in the southeast USA with a high density of buses and varied colored vehicles, including one gray Ford F150 truck, where the pavement is gray and the environment is predominantly rural.",f5ddba02-4295-48d9-8ad5-ba8583871323/bc6ba36c-aa02-4630-a0ea-4150b9b69e36/Synthetic/1ea77822-d277-4434-aa10-311e0a3482f9_flux_1789424005.png,rural highways,snowy,hazy,buses,high density of vehicles,southeast USA,gray,one truck (Ford F150),gray,varied colors,overhead,car,,s3://auto-lora/f5ddba02-4295-48d9-8ad5-ba8583871323/1466b03e-841d-4c45-975e-c6900af67662/lora_weights.safetensors,$txc,test
b7f02b83-6605-41e9-9fdc-02ff945fbc7f,"An overhead view of rural highways in the northeast USA during a rainy, hazy weather condition with a moderate number of buses and a white Ford F150 truck visible on the red-brown pavement.",f5ddba02-4295-48d9-8ad5-ba8583871323/bc6ba36c-aa02-4630-a0ea-4150b9b69e36/Synthetic/b7f02b83-6605-41e9-9fdc-02ff945fbc7f_flux_1789425460.png,rural highways,rainy,hazy,buses,moderate number of vehicles,northeast USA,red-brown,one truck (Ford F150),white,varied colors,overhead,truck,,s3://auto-lora/f5ddba02-4295-48d9-8ad5-ba8583871323/1466b03e-841d-4c45-975e-c6900af67662/lora_weights.safetensors,$txc,test
c3a7fd65-df13-45c7-b84d-d4656f475b78,"A foggy urban highway in the northeast USA with active precipitation, showing a street-level view of moderate number of vehicles including varied colored cars and one black Ford F150 truck, and a motorcycle present among the red-brown pavement.",f5ddba02-4295-48d9-8ad5-ba8583871323/bc6ba36c-aa02-4630-a0ea-4150b9b69e36/Synthetic/c3a7fd65-df13-45c7-b84d-d4656f475b78_flux_1789424522.png,urban highways,foggy,active precipitation,trucks (Ford F150),moderate number of vehicles,northeast USA,red-brown,one truck (Ford F150),black,varied colors,street-level,motorcycle,,s3://auto-lora/f5ddba02-4295-48d9-8ad5-ba8583871323/1466b03e-841d-4c45-975e-c6900af67662/lora_weights.safetensors,$txc,test
580a56b7-32a5-430f-8b84-5d069659615b,"An overhead view of a rural highway in the southeast USA with red-brown pavement, foggy weather causing hazy visibility and very few vehicles, including an SUV and one blue Ford F150 truck, with varied colored motorcycles also present.",f5ddba02-4295-48d9-8ad5-ba8583871323/bc6ba36c-aa02-4630-a0ea-4150b9b69e36/Synthetic/580a56b7-32a5-430f-8b84-5d069659615b_flux_1789425642.png,rural highways,foggy,hazy,SUVs,very few vehicles,southeast USA,red-brown,one truck (Ford F150),blue,varied colors,overhead,motorcycle,,s3://auto-lora/f5ddba02-4295-48d9-8ad5-ba8583871323/1466b03e-841d-4c45-975e-c6900af67662/lora_weights.safetensors,$txc,test
6186345e-abb2-4788-aaf0-f603589b53d9,"An overhead view of a rainy, hazy rural highway in the southeast USA with a high density of varied colored sedans and one red Ford F150 truck, where a bus is also visible on the gray pavement.",f5ddba02-4295-48d9-8ad5-ba8583871323/bc6ba36c-aa02-4630-a0ea-4150b9b69e36/Synthetic/6186345e-abb2-4788-aaf0-f603589b53d9_flux_1789426235.png,rural highways,rainy,hazy,sedans,high density of vehicles,southeast USA,gray,one truck (Ford F150),red,varied colors,overhead,bus,,s3://auto-lora/f5ddba02-4295-48d9-8ad5-ba8583871323/1466b03e-841d-4c45-975e-c6900af67662/lora_weights.safetensors,$txc,test
1467df19-7b73-4984-88ac-aba798005ad2,"An overhead view of an urban highway in the southeast USA with a sunny and clear weather condition, featuring red-brown pavement, very few varied-colored sedans, one gray Ford F150 truck, and a motorcycle present in the scene.",f5ddba02-4295-48d9-8ad5-ba8583871323/bc6ba36c-aa02-4630-a0ea-4150b9b69e36/Synthetic/1467df19-7b73-4984-88ac-aba798005ad2_flux_1789426104.png,urban highways,sunny,clear,sedans,very few vehicles,southeast USA,red-brown,one truck (Ford F150),gray,varied colors,overhead,motorcycle,,s3://auto-lora/f5ddba02-4295-48d9-8ad5-ba8583871323/1466b03e-841d-4c45-975e-c6900af67662/lora_weights.safetensors,$txc,test
aca7668e-c7a0-4e5c-b300-2063b1d823b3,"An urban highway in the northeast USA with active snow precipitation, gray pavement, and varied colored motorcycles moving at street level; one blue Ford F150 truck is also present, and cars are visible throughout the scene.",f5ddba02-4295-48d9-8ad5-ba8583871323/bc6ba36c-aa02-4630-a0ea-4150b9b69e36/Synthetic/aca7668e-c7a0-4e5c-b300-2063b1d823b3_flux_1789423927.png,urban highways,snowy,active precipitation,motorcycles,moderate number of vehicles,northeast USA,gray,one truck (Ford F150),blue,varied colors,street-level,car,,s3://auto-lora/f5ddba02-4295-48d9-8ad5-ba8583871323/1466b03e-841d-4c45-975e-c6900af67662/lora_weights.safetensors,$txc,test
1402c33c-aa08-45a1-9a72-9cd95041df50,"A rural highway in the northeast USA with gray pavement, visible under clear rainy weather and a street-level view, features very few sedans, one black Ford F150 truck, and varied vehicle colors, with a motorcycle as the primary object of interest.",f5ddba02-4295-48d9-8ad5-ba8583871323/bc6ba36c-aa02-4630-a0ea-4150b9b69e36/Synthetic/1402c33c-aa08-45a1-9a72-9cd95041df50_flux_1789426705.png,rural highways,rainy,clear,sedans,very few vehicles,northeast USA,gray,one truck (Ford F150),black,varied colors,street-level,motorcycle,,s3://auto-lora/f5ddba02-4295-48d9-8ad5-ba8583871323/1466b03e-841d-4c45-975e-c6900af67662/lora_weights.safetensors,$txc,test
aa90ad33-011b-4f28-ae03-e94de1f81819,"An urban highway in the northeast USA with a rainy, hazy environment; street-level view shows a moderate number of motorcycles and one blue Ford F150 truck, all moving under gray pavement conditions.",f5ddba02-4295-48d9-8ad5-ba8583871323/bc6ba36c-aa02-4630-a0ea-4150b9b69e36/Synthetic/aa90ad33-011b-4f28-ae03-e94de1f81819_flux_1789422723.png,urban highways,rainy,hazy,motorcycles,moderate number of vehicles,northeast USA,gray,one truck (Ford F150),blue,varied colors,street-level,motorcycle,,s3://auto-lora/f5ddba02-4295-48d9-8ad5-ba8583871323/1466b03e-841d-4c45-975e-c6900af67662/lora_weights.safetensors,$txc,test
71711de4-862c-4f01-bdbf-80e189960312,"A rural highway in the southwest USA with red-brown pavement and clear visibility despite rainy weather conditions features very few vehicles, including buses and one white Ford F150 truck, viewed from street level.",f5ddba02-4295-48d9-8ad5-ba8583871323/bc6ba36c-aa02-4630-a0ea-4150b9b69e36/Synthetic/71711de4-862c-4f01-bdbf-80e189960312_flux_1789423086.png,rural highways,rainy,clear,buses,very few vehicles,southwest USA,red-brown,one truck (Ford F150),white,varied colors,street-level,truck,,s3://auto-lora/f5ddba02-4295-48d9-8ad5-ba8583871323/1466b03e-841d-4c45-975e-c6900af67662/lora_weights.safetensors,$txc,test
12c015d8-6c31-4d8a-bbbe-a165985fe77f,"A rural highway in the southwest USA with a red-brown pavement, sunny weather and active precipitation, features a moderate number of motorcycles and one gray Ford F150 truck at street level, the vehicles display varied colors.",f5ddba02-4295-48d9-8ad5-ba8583871323/bc6ba36c-aa02-4630-a0ea-4150b9b69e36/Synthetic/12c015d8-6c31-4d8a-bbbe-a165985fe77f_flux_1789426627.png,rural highways,sunny,active precipitation,motorcycles,moderate number of vehicles,southwest USA,red-brown,one truck (Ford F150),gray,varied colors,street-level,truck,,s3://auto-lora/f5ddba02-4295-48d9-8ad5-ba8583871323/1466b03e-841d-4c45-975e-c6900af67662/lora_weights.safetensors,$txc,test
478103a4-d7f3-4c30-b40f-6d68cc5f1db5,"An overhead view of an urban highway in the southwest USA with a snowy, clear weather condition, featuring very few vehicles including varied colored buses and one blue Ford F150 truck, set against a backdrop of red-brown pavement.",f5ddba02-4295-48d9-8ad5-ba8583871323/bc6ba36c-aa02-4630-a0ea-4150b9b69e36/Synthetic/478103a4-d7f3-4c30-b40f-6d68cc5f1db5_flux_1789423535.png,urban highways,snowy,clear,buses,very few vehicles,southwest USA,red-brown,one truck (Ford F150),blue,varied colors,overhead,bus,,s3://auto-lora/f5ddba02-4295-48d9-8ad5-ba8583871323/1466b03e-841d-4c45-975e-c6900af67662/lora_weights.safetensors,$txc,test
723d97c0-2f5d-45b5-b535-2cd23c642820,An overhead view of a snowy urban highway in the southeast USA with a high density of varied colored sedans and one red Ford F150 truck on a red-brown pavement.,f5ddba02-4295-48d9-8ad5-ba8583871323/bc6ba36c-aa02-4630-a0ea-4150b9b69e36/Synthetic/723d97c0-2f5d-45b5-b535-2cd23c642820_flux_1789424055.png,urban highways,snowy,clear,sedans,high density of vehicles,southeast USA,red-brown,one truck (Ford F150),red,varied colors,overhead,truck,,s3://auto-lora/f5ddba02-4295-48d9-8ad5-ba8583871323/1466b03e-841d-4c45-975e-c6900af67662/lora_weights.safetensors,$txc,test
8709c0dc-1730-4d09-8726-649e2f12759e,"An urban highway in the southwest USA with active snow precipitation, featuring a high density of buses and varied colored vehicles, a gray-paved road, and one gray Ford F150 truck, viewed from street level.",f5ddba02-4295-48d9-8ad5-ba8583871323/bc6ba36c-aa02-4630-a0ea-4150b9b69e36/Synthetic/8709c0dc-1730-4d09-8726-649e2f12759e_flux_1789422690.png,urban highways,snowy,active precipitation,buses,high density of vehicles,southwest USA,gray,one truck (Ford F150),gray,varied colors,street-level,car,,s3://auto-lora/f5ddba02-4295-48d9-8ad5-ba8583871323/1466b03e-841d-4c45-975e-c6900af67662/lora_weights.safetensors,$txc,test
3f9fc508-c2b5-4fd3-ba65-963d851cb3a0,"An overhead view of a rainy urban highway in the northeast USA with active precipitation, featuring a high density of buses and varied colored vehicles, including one black Ford F150 truck, all moving under gray pavement.",f5ddba02-4295-48d9-8ad5-ba8583871323/bc6ba36c-aa02-4630-a0ea-4150b9b69e36/Synthetic/3f9fc508-c2b5-4fd3-ba65-963d851cb3a0_flux_1789426108.png,urban highways,rainy,active precipitation,buses,high density of vehicles,northeast USA,gray,one truck (Ford F150),black,varied colors,overhead,car,,s3://auto-lora/f5ddba02-4295-48d9-8ad5-ba8583871323/1466b03e-841d-4c45-975e-c6900af67662/lora_weights.safetensors,$txc,test
faa6091f-13ae-4cff-8f9a-f2e33188c6ec,"An urban highway in the southeast USA with active snow precipitation and high density of buses, featuring a white Ford F150 truck and varied colored vehicles, viewed from street level where the pavement is red-brown.",f5ddba02-4295-48d9-8ad5-ba8583871323/bc6ba36c-aa02-4630-a0ea-4150b9b69e36/Synthetic/faa6091f-13ae-4cff-8f9a-f2e33188c6ec_flux_1789424694.png,urban highways,snowy,active precipitation,buses,high density of vehicles,southeast USA,red-brown,one truck (Ford F150),white,varied colors,street-level,truck,,s3://auto-lora/f5ddba02-4295-48d9-8ad5-ba8583871323/1466b03e-841d-4c45-975e-c6900af67662/lora_weights.safetensors,$txc,test
26ffe277-b0a8-4b2c-8daa-b1520c56852e,"A rural highway in the southwest USA with gray pavement and high density of sedans, a white Ford F150 truck, and varied vehicle colors, captured on a street-level angle during rainy weather with clear visibility.",f5ddba02-4295-48d9-8ad5-ba8583871323/bc6ba36c-aa02-4630-a0ea-4150b9b69e36/Synthetic/26ffe277-b0a8-4b2c-8daa-b1520c56852e_flux_1789426392.png,rural highways,rainy,clear,sedans,high density of vehicles,southwest USA,gray,one truck (Ford F150),white,varied colors,street-level,truck,,s3://auto-lora/f5ddba02-4295-48d9-8ad5-ba8583871323/1466b03e-841d-4c45-975e-c6900af67662/lora_weights.safetensors,$txc,test
ec1eb925-bde5-4186-ba9f-8f0356c0072c,"A rural highway in the southwest USA with a hazy sunny sky, red-brown pavement, and very few varied-colored sedans; a street-level view shows one blue Ford F150 truck passing by.",f5ddba02-4295-48d9-8ad5-ba8583871323/bc6ba36c-aa02-4630-a0ea-4150b9b69e36/Synthetic/ec1eb925-bde5-4186-ba9f-8f0356c0072c_flux_1789424113.png,rural highways,sunny,hazy,sedans,very few vehicles,southwest USA,red-brown,one truck (Ford F150),blue,varied colors,street-level,truck,,s3://auto-lora/f5ddba02-4295-48d9-8ad5-ba8583871323/1466b03e-841d-4c45-975e-c6900af67662/lora_weights.safetensors,$txc,test
1e3f5ed0-3cff-4001-8385-f4c03bf30ee1,"An overhead view of a snowy urban highway in the southeast USA with active precipitation, featuring a moderate number of sedans in varied colors and one red Ford F150 truck, where the pavement has a red-brown color and the primary object of interest is a bus present on the scene.",f5ddba02-4295-48d9-8ad5-ba8583871323/bc6ba36c-aa02-4630-a0ea-4150b9b69e36/Synthetic/1e3f5ed0-3cff-4001-8385-f4c03bf30ee1_flux_1789424220.png,urban highways,snowy,active precipitation,sedans,moderate number of vehicles,southeast USA,red-brown,one truck (Ford F150),red,varied colors,overhead,bus,,s3://auto-lora/f5ddba02-4295-48d9-8ad5-ba8583871323/1466b03e-841d-4c45-975e-c6900af67662/lora_weights.safetensors,$txc,test
ca4b5f4d-1191-43bf-9d2f-135d1c4fa883,"An urban highway in the southeast USA with a sunny and clear sky, gray pavement, very few motorcycles of varied colors, a blue Ford F150 truck, and a bus visible at street level.",f5ddba02-4295-48d9-8ad5-ba8583871323/bc6ba36c-aa02-4630-a0ea-4150b9b69e36/Synthetic/ca4b5f4d-1191-43bf-9d2f-135d1c4fa883_flux_1789423007.png,urban highways,sunny,clear,motorcycles,very few vehicles,southeast USA,gray,one truck (Ford F150),blue,varied colors,street-level,bus,,s3://auto-lora/f5ddba02-4295-48d9-8ad5-ba8583871323/1466b03e-841d-4c45-975e-c6900af67662/lora_weights.safetensors,$txc,test
12a2d189-3c69-487d-8300-30549dcac89e,"An overhead view of a snowy, hazy urban highway in the southwest USA with red-brown pavement and very few vehicles, including varied colored buses and one blue Ford F150 truck, stretching into the distance.",f5ddba02-4295-48d9-8ad5-ba8583871323/bc6ba36c-aa02-4630-a0ea-4150b9b69e36/Synthetic/12a2d189-3c69-487d-8300-30549dcac89e_flux_1789425070.png,urban highways,snowy,hazy,buses,very few vehicles,southwest USA,red-brown,one truck (Ford F150),blue,varied colors,overhead,car,,s3://auto-lora/f5ddba02-4295-48d9-8ad5-ba8583871323/1466b03e-841d-4c45-975e-c6900af67662/lora_weights.safetensors,$txc,test
d58004f0-32fd-486d-9e7b-6d485e464267,"A rural highway in the southeast USA with active precipitation and red-brown pavement has sedans and a moderate number of vehicles, including a blue Ford F150 truck; the street-level view shows varied vehicle colors and a bus as an object of interest.",f5ddba02-4295-48d9-8ad5-ba8583871323/bc6ba36c-aa02-4630-a0ea-4150b9b69e36/Synthetic/d58004f0-32fd-486d-9e7b-6d485e464267_flux_1789424145.png,rural highways,rainy,active precipitation,sedans,moderate number of vehicles,southeast USA,red-brown,one truck (Ford F150),blue,varied colors,street-level,bus,,s3://auto-lora/f5ddba02-4295-48d9-8ad5-ba8583871323/1466b03e-841d-4c45-975e-c6900af67662/lora_weights.safetensors,$txc,test
400cdf36-423c-4e66-88b7-c5dc1d024511,"An overhead view of a foggy urban highway in the southeast USA with a high density of motorcycles and varied vehicle colors, a blue Ford F150 truck, and clear red-brown pavement, where the primary focus is a bus amidst this busy scene.",f5ddba02-4295-48d9-8ad5-ba8583871323/bc6ba36c-aa02-4630-a0ea-4150b9b69e36/Synthetic/400cdf36-423c-4e66-88b7-c5dc1d024511_flux_1789426128.png,urban highways,foggy,clear,motorcycles,high density of vehicles,southeast USA,red-brown,one truck (Ford F150),blue,varied colors,overhead,bus,,s3://auto-lora/f5ddba02-4295-48d9-8ad5-ba8583871323/1466b03e-841d-4c45-975e-c6900af67662/lora_weights.safetensors,$txc,test
5c8c174c-ab11-40c2-9505-4834917a086b,"An overhead view of rural highways in the southwest USA with a high density of buses and hazy snowy conditions reducing visibility; a red Ford F150 truck is also present, and the pavement is gray with vehicles displaying varied colors.",f5ddba02-4295-48d9-8ad5-ba8583871323/bc6ba36c-aa02-4630-a0ea-4150b9b69e36/Synthetic/5c8c174c-ab11-40c2-9505-4834917a086b_flux_1789424739.png,rural highways,snowy,hazy,buses,high density of vehicles,southwest USA,gray,one truck (Ford F150),red,varied colors,overhead,bus,,s3://auto-lora/f5ddba02-4295-48d9-8ad5-ba8583871323/1466b03e-841d-4c45-975e-c6900af67662/lora_weights.safetensors,$txc,test
7865e484-23c7-4068-92cb-ebf018866b32,"An overhead view of an urban highway in the southeast USA with a rainy, hazy environment, featuring very few vehicles of varied colors and one blue Ford F150 truck, set against a red-brown pavement, focusing on cars as the primary objects of interest.",f5ddba02-4295-48d9-8ad5-ba8583871323/bc6ba36c-aa02-4630-a0ea-4150b9b69e36/Synthetic/7865e484-23c7-4068-92cb-ebf018866b32_flux_1789423155.png,urban highways,rainy,hazy,SUVs,very few vehicles,southeast USA,red-brown,one truck (Ford F150),blue,varied colors,overhead,car,,s3://auto-lora/f5ddba02-4295-48d9-8ad5-ba8583871323/1466b03e-841d-4c45-975e-c6900af67662/lora_weights.safetensors,$txc,test
7655050b-d585-42fe-adfa-925e18ba65d3,"An overhead view of a rural highway in the southeast USA with a foggy, hazy weather condition, featuring gray pavement and a moderate number of motorcycles of varied colors, one gray Ford F150 truck, and several cars, creating a dense traffic scene.",f5ddba02-4295-48d9-8ad5-ba8583871323/bc6ba36c-aa02-4630-a0ea-4150b9b69e36/Synthetic/7655050b-d585-42fe-adfa-925e18ba65d3_flux_1789425428.png,rural highways,foggy,hazy,motorcycles,moderate number of vehicles,southeast USA,gray,one truck (Ford F150),gray,varied colors,overhead,car,,s3://auto-lora/f5ddba02-4295-48d9-8ad5-ba8583871323/1466b03e-841d-4c45-975e-c6900af67662/lora_weights.safetensors,$txc,test
ce42cb40-e1f5-4260-852c-0a78add370d6,"An overhead view of rural highways in the southeast USA with a snowy, clear weather condition; the pavement is red-brown and features a moderate number of vehicles including various colors and one blue Ford F150 truck, with no other trucks present.",f5ddba02-4295-48d9-8ad5-ba8583871323/bc6ba36c-aa02-4630-a0ea-4150b9b69e36/Synthetic/ce42cb40-e1f5-4260-852c-0a78add370d6_flux_1789424302.png,rural highways,snowy,clear,trucks (Ford F150),moderate number of vehicles,southeast USA,red-brown,one truck (Ford F150),blue,varied colors,overhead,car,,s3://auto-lora/f5ddba02-4295-48d9-8ad5-ba8583871323/1466b03e-841d-4c45-975e-c6900af67662/lora_weights.safetensors,$txc,test
8e8bc92f-4eca-4155-96eb-a3e6212c5ca7,"An overhead view of an urban highway in the southeast USA with a sunny weather condition and active precipitation, featuring gray pavement and very few vehicles of varied colors, including one SUV and a white Ford F150 truck.",f5ddba02-4295-48d9-8ad5-ba8583871323/bc6ba36c-aa02-4630-a0ea-4150b9b69e36/Synthetic/8e8bc92f-4eca-4155-96eb-a3e6212c5ca7_flux_1789423630.png,urban highways,sunny,active precipitation,SUVs,very few vehicles,southeast USA,gray,one truck (Ford F150),white,varied colors,overhead,car,,s3://auto-lora/f5ddba02-4295-48d9-8ad5-ba8583871323/1466b03e-841d-4c45-975e-c6900af67662/lora_weights.safetensors,$txc,test
2c8afd57-911d-494c-ad36-9caffa312198,"A rural highway in the southeast USA with active precipitation from rainy weather, featuring a street-level view of very few motorcycles and a red Ford F150 truck, set against a backdrop of red-brown pavement, and including varied vehicle colors with cars as the primary objects of interest.",f5ddba02-4295-48d9-8ad5-ba8583871323/bc6ba36c-aa02-4630-a0ea-4150b9b69e36/Synthetic/2c8afd57-911d-494c-ad36-9caffa312198_flux_1789424212.png,rural highways,rainy,active precipitation,motorcycles,very few vehicles,southeast USA,red-brown,one truck (Ford F150),red,varied colors,street-level,car,,s3://auto-lora/f5ddba02-4295-48d9-8ad5-ba8583871323/1466b03e-841d-4c45-975e-c6900af67662/lora_weights.safetensors,$txc,test
a2cd1961-4153-4990-bc4a-2149e9591d7b,"A sunny day with clear visibility on a rural highway in the northeast USA, where gray pavement is visible; multiple SUVs of varied colors travel at a moderate density, and one black Ford F150 truck is also present from a street-level perspective.",f5ddba02-4295-48d9-8ad5-ba8583871323/bc6ba36c-aa02-4630-a0ea-4150b9b69e36/Synthetic/a2cd1961-4153-4990-bc4a-2149e9591d7b_flux_1789426170.png,rural highways,sunny,clear,SUVs,moderate number of vehicles,northeast USA,gray,one truck (Ford F150),black,varied colors,street-level,car,,s3://auto-lora/f5ddba02-4295-48d9-8ad5-ba8583871323/1466b03e-841d-4c45-975e-c6900af67662/lora_weights.safetensors,$txc,test
9b93dbe5-5ed5-44c2-b48b-7cdb11d6cc77,"An urban highway in the northeast USA with a snowy, hazy environment; vehicles including a moderate number of SUVs in varied colors and one black Ford F150 truck are visible from street level on the gray pavement.",f5ddba02-4295-48d9-8ad5-ba8583871323/bc6ba36c-aa02-4630-a0ea-4150b9b69e36/Synthetic/9b93dbe5-5ed5-44c2-b48b-7cdb11d6cc77_flux_1789422842.png,urban highways,snowy,hazy,SUVs,moderate number of vehicles,northeast USA,gray,one truck (Ford F150),black,varied colors,street-level,car,,s3://auto-lora/f5ddba02-4295-48d9-8ad5-ba8583871323/1466b03e-841d-4c45-975e-c6900af67662/lora_weights.safetensors,$txc,test
9736610e-1b4e-4511-8ffe-7b010b532877,A foggy street-level view of an urban highway in the southeast USA with hazy visibility and a moderate number of varied-colored sedans; one blue Ford F150 truck is also visible on the red-brown pavement.,f5ddba02-4295-48d9-8ad5-ba8583871323/bc6ba36c-aa02-4630-a0ea-4150b9b69e36/Synthetic/9736610e-1b4e-4511-8ffe-7b010b532877_flux_1789423196.png,urban highways,foggy,hazy,sedans,moderate number of vehicles,southeast USA,red-brown,one truck (Ford F150),blue,varied colors,street-level,car,,s3://auto-lora/f5ddba02-4295-48d9-8ad5-ba8583871323/1466b03e-841d-4c45-975e-c6900af67662/lora_weights.safetensors,$txc,test
bdc8d732-f84d-4707-9256-abe8c131044f,"An overhead view of a rural highway in the northeast USA with active precipitation, featuring a high density of varied-colored SUVs and one blue Ford F150 truck; the road has a red-brown pavement and motorcycles are also present in the scene.",f5ddba02-4295-48d9-8ad5-ba8583871323/bc6ba36c-aa02-4630-a0ea-4150b9b69e36/Synthetic/bdc8d732-f84d-4707-9256-abe8c131044f_flux_1789426429.png,rural highways,rainy,active precipitation,SUVs,high density of vehicles,northeast USA,red-brown,one truck (Ford F150),blue,varied colors,overhead,motorcycle,,s3://auto-lora/f5ddba02-4295-48d9-8ad5-ba8583871323/1466b03e-841d-4c45-975e-c6900af67662/lora_weights.safetensors,$txc,test
81cbf05d-4f0f-4a85-940e-0a3df449a88d,"An overhead view of rural highways in the southeast USA with active snowy weather and moderate number of vehicles, including a black Ford F150 truck, on a red-brown pavement; varied colored cars are also present amidst one black Ford F150 truck.",f5ddba02-4295-48d9-8ad5-ba8583871323/bc6ba36c-aa02-4630-a0ea-4150b9b69e36/Synthetic/81cbf05d-4f0f-4a85-940e-0a3df449a88d_flux_1789423988.png,rural highways,snowy,active precipitation,trucks (Ford F150),moderate number of vehicles,southeast USA,red-brown,one truck (Ford F150),black,varied colors,overhead,car,,s3://auto-lora/f5ddba02-4295-48d9-8ad5-ba8583871323/1466b03e-841d-4c45-975e-c6900af67662/lora_weights.safetensors,$txc,test
3b107ace-e27d-4e1a-8856-bc071e62db99,"An overhead view of a foggy rural highway in the northeast USA with active precipitation, featuring a gray pavement, very few varied-colored SUVs, and one black Ford F150 truck.",f5ddba02-4295-48d9-8ad5-ba8583871323/bc6ba36c-aa02-4630-a0ea-4150b9b69e36/Synthetic/3b107ace-e27d-4e1a-8856-bc071e62db99_flux_1789425448.png,rural highways,foggy,active precipitation,SUVs,very few vehicles,northeast USA,gray,one truck (Ford F150),black,varied colors,overhead,truck,,s3://auto-lora/f5ddba02-4295-48d9-8ad5-ba8583871323/1466b03e-841d-4c45-975e-c6900af67662/lora_weights.safetensors,$txc,test
9a274823-cfb9-470c-bc1b-8828a51f5720,"An urban highway in the southwest USA with a high density of sedans and varied vehicle colors, a street-level view during rainy weather with clear visibility, featuring one white Ford F150 truck among the traffic on gray pavement.",f5ddba02-4295-48d9-8ad5-ba8583871323/bc6ba36c-aa02-4630-a0ea-4150b9b69e36/Synthetic/9a274823-cfb9-470c-bc1b-8828a51f5720_flux_1789423015.png,urban highways,rainy,clear,sedans,high density of vehicles,southwest USA,gray,one truck (Ford F150),white,varied colors,street-level,truck,,s3://auto-lora/f5ddba02-4295-48d9-8ad5-ba8583871323/1466b03e-841d-4c45-975e-c6900af67662/lora_weights.safetensors,$txc,test
c1bde25a-3f8e-48f6-a478-8eef760989a9,"An urban highway in the northeast USA with a high density of sedans and varied vehicle colors, snowy conditions offering clear visibility, one black Ford F150 truck, and a motorcycle present at street-level.",f5ddba02-4295-48d9-8ad5-ba8583871323/bc6ba36c-aa02-4630-a0ea-4150b9b69e36/Synthetic/c1bde25a-3f8e-48f6-a478-8eef760989a9_flux_1789423485.png,urban highways,snowy,clear,sedans,high density of vehicles,northeast USA,gray,one truck (Ford F150),black,varied colors,street-level,motorcycle,,s3://auto-lora/f5ddba02-4295-48d9-8ad5-ba8583871323/1466b03e-841d-4c45-975e-c6900af67662/lora_weights.safetensors,$txc,test
39a88482-ed84-40dc-8294-48110353cf34,"An overhead view of rural highways in the northeast USA during rainy weather with active precipitation, featuring a moderate number of motorcycles in varied colors and one white Ford F150 truck, set against a red-brown pavement, with a bus as the primary object of interest.",f5ddba02-4295-48d9-8ad5-ba8583871323/bc6ba36c-aa02-4630-a0ea-4150b9b69e36/Synthetic/39a88482-ed84-40dc-8294-48110353cf34_flux_1789424203.png,rural highways,rainy,active precipitation,motorcycles,moderate number of vehicles,northeast USA,red-brown,one truck (Ford F150),white,varied colors,overhead,bus,,s3://auto-lora/f5ddba02-4295-48d9-8ad5-ba8583871323/1466b03e-841d-4c45-975e-c6900af67662/lora_weights.safetensors,$txc,test
3353b1ef-237a-479b-ad73-eda47f327390,"An overhead view of a snowy urban highway in the northeast USA with active precipitation, featuring a high density of sedans and one white Ford F150 truck in the foreground on a red-brown pavement.",f5ddba02-4295-48d9-8ad5-ba8583871323/bc6ba36c-aa02-4630-a0ea-4150b9b69e36/Synthetic/3353b1ef-237a-479b-ad73-eda47f327390_flux_1789423131.png,urban highways,snowy,active precipitation,sedans,high density of vehicles,northeast USA,red-brown,one truck (Ford F150),white,varied colors,overhead,truck,,s3://auto-lora/f5ddba02-4295-48d9-8ad5-ba8583871323/1466b03e-841d-4c45-975e-c6900af67662/lora_weights.safetensors,$txc,test
d2a75b4d-214f-497e-b6f0-91c9a7928c34,"An overhead view of rural highways in the northeast USA with sunny weather and active precipitation, showing a moderate number of vehicles including varied colored cars and one black Ford F150 truck on gray pavement.",f5ddba02-4295-48d9-8ad5-ba8583871323/bc6ba36c-aa02-4630-a0ea-4150b9b69e36/Synthetic/d2a75b4d-214f-497e-b6f0-91c9a7928c34_flux_1789425488.png,rural highways,sunny,active precipitation,trucks (Ford F150),moderate number of vehicles,northeast USA,gray,one truck (Ford F150),black,varied colors,overhead,car,,s3://auto-lora/f5ddba02-4295-48d9-8ad5-ba8583871323/1466b03e-841d-4c45-975e-c6900af67662/lora_weights.safetensors,$txc,test
9f3b26c7-11cf-4943-bd39-75529c69a0f5,"An overhead view of a foggy urban highway in the southwest USA with a high density of varied-colored sedans and one black Ford F150 truck, the pavement is red-brown, and a bus is also visible.",f5ddba02-4295-48d9-8ad5-ba8583871323/bc6ba36c-aa02-4630-a0ea-4150b9b69e36/Synthetic/9f3b26c7-11cf-4943-bd39-75529c69a0f5_flux_1789424298.png,urban highways,foggy,clear,sedans,high density of vehicles,southwest USA,red-brown,one truck (Ford F150),black,varied colors,overhead,bus,,s3://auto-lora/f5ddba02-4295-48d9-8ad5-ba8583871323/1466b03e-841d-4c45-975e-c6900af67662/lora_weights.safetensors,$txc,test
94e9f8cd-1d93-4209-8a8b-4ee23037ebd0,A rural highway in the southeast USA with active precipitation and gray pavement has a high density of sedans and one red Ford F150 truck; vehicles have varied colors and the street-level view shows a bus as an object of interest.,f5ddba02-4295-48d9-8ad5-ba8583871323/bc6ba36c-aa02-4630-a0ea-4150b9b69e36/Synthetic/94e9f8cd-1d93-4209-8a8b-4ee23037ebd0_flux_1789425787.png,rural highways,rainy,active precipitation,sedans,high density of vehicles,southeast USA,gray,one truck (Ford F150),red,varied colors,street-level,bus,,s3://auto-lora/f5ddba02-4295-48d9-8ad5-ba8583871323/1466b03e-841d-4c45-975e-c6900af67662/lora_weights.safetensors,$txc,test
9d1e95e3-af48-451b-82da-a3003c6722c7,"An overhead view of an urban highway in the northeast USA during rainy weather with clear visibility and a moderate number of buses; one white Ford F150 truck is also present, and buses come in varied colors.",f5ddba02-4295-48d9-8ad5-ba8583871323/bc6ba36c-aa02-4630-a0ea-4150b9b69e36/Synthetic/9d1e95e3-af48-451b-82da-a3003c6722c7_flux_1789425432.png,urban highways,rainy,clear,buses,moderate number of vehicles,northeast USA,gray,one truck (Ford F150),white,varied colors,overhead,bus,,s3://auto-lora/f5ddba02-4295-48d9-8ad5-ba8583871323/1466b03e-841d-4c45-975e-c6900af67662/lora_weights.safetensors,$txc,test
a9931b0b-ea11-46a4-ae73-e12c70806fe6,"A sunny day with clear visibility on a rural highway in the northeast USA, gray pavement, street-level view showing a moderate number of varied-colored SUVs and one red Ford F150 truck passing by.",f5ddba02-4295-48d9-8ad5-ba8583871323/bc6ba36c-aa02-4630-a0ea-4150b9b69e36/Synthetic/a9931b0b-ea11-46a4-ae73-e12c70806fe6_flux_1789424867.png,rural highways,sunny,clear,SUVs,moderate number of vehicles,northeast USA,gray,one truck (Ford F150),red,varied colors,street-level,car,,s3://auto-lora/f5ddba02-4295-48d9-8ad5-ba8583871323/1466b03e-841d-4c45-975e-c6900af67662/lora_weights.safetensors,$txc,test
7551760e-425d-423f-845e-74b7c04f65f1,"A foggy street-level view on an urban highway in the southeast USA with active precipitation, featuring a moderate number of buses and a black Ford F150 truck, the pavement is red-brown and vehicles have varied colors.",f5ddba02-4295-48d9-8ad5-ba8583871323/bc6ba36c-aa02-4630-a0ea-4150b9b69e36/Synthetic/7551760e-425d-423f-845e-74b7c04f65f1_flux_1789426433.png,urban highways,foggy,active precipitation,buses,moderate number of vehicles,southeast USA,red-brown,one truck (Ford F150),black,varied colors,street-level,truck,,s3://auto-lora/f5ddba02-4295-48d9-8ad5-ba8583871323/1466b03e-841d-4c45-975e-c6900af67662/lora_weights.safetensors,$txc,test
9cbe7485-1676-4e5c-93e1-65ca0792ac89,"A rural highway in the southeast USA with sunny and clear weather conditions, featuring a street-level view of moderate number of vehicles with varied colors, one white Ford F150 truck, and gray pavement, where a bus is also visible.",f5ddba02-4295-48d9-8ad5-ba8583871323/bc6ba36c-aa02-4630-a0ea-4150b9b69e36/Synthetic/9cbe7485-1676-4e5c-93e1-65ca0792ac89_flux_1789426721.png,rural highways,sunny,clear,trucks (Ford F150),moderate number of vehicles,southeast USA,gray,one truck (Ford F150),white,varied colors,street-level,bus,,s3://auto-lora/f5ddba02-4295-48d9-8ad5-ba8583871323/1466b03e-841d-4c45-975e-c6900af67662/lora_weights.safetensors,$txc,test
3b5c0389-bbb9-4124-b544-94c566333672,"An overhead view of a snowy urban highway in the southeast USA with active precipitation, featuring very few vehicles including varied-colored motorcycles and one blue Ford F150 truck on a red-brown pavement.",f5ddba02-4295-48d9-8ad5-ba8583871323/bc6ba36c-aa02-4630-a0ea-4150b9b69e36/Synthetic/3b5c0389-bbb9-4124-b544-94c566333672_flux_1789424476.png,urban highways,snowy,active precipitation,motorcycles,very few vehicles,southeast USA,red-brown,one truck (Ford F150),blue,varied colors,overhead,motorcycle,,s3://auto-lora/f5ddba02-4295-48d9-8ad5-ba8583871323/1466b03e-841d-4c45-975e-c6900af67662/lora_weights.safetensors,$txc,test
3c126a3b-f862-441b-9a13-a89be79d4aa7,"A street-level image showing an urban highway in the southeast USA with sunny and clear weather, featuring a moderate number of vehicles and one red Ford F150 truck on a red-brown pavement.",f5ddba02-4295-48d9-8ad5-ba8583871323/bc6ba36c-aa02-4630-a0ea-4150b9b69e36/Synthetic/3c126a3b-f862-441b-9a13-a89be79d4aa7_flux_1789425513.png,urban highways,sunny,clear,trucks (Ford F150),moderate number of vehicles,southeast USA,red-brown,one truck (Ford F150),red,varied colors,street-level,truck,,s3://auto-lora/f5ddba02-4295-48d9-8ad5-ba8583871323/1466b03e-841d-4c45-975e-c6900af67662/lora_weights.safetensors,$txc,test
18711033-486b-46be-a06d-c2d0535dba10,"An overhead view of rural highways in the northeast USA with sunny weather and active precipitation; gray pavement is visible as a moderate number of motorcycles and one white Ford F150 truck travel, varied vehicle colors present, and a bus stands out as an object of interest.",f5ddba02-4295-48d9-8ad5-ba8583871323/bc6ba36c-aa02-4630-a0ea-4150b9b69e36/Synthetic/18711033-486b-46be-a06d-c2d0535dba10_flux_1789425444.png,rural highways,sunny,active precipitation,motorcycles,moderate number of vehicles,northeast USA,gray,one truck (Ford F150),white,varied colors,overhead,bus,,s3://auto-lora/f5ddba02-4295-48d9-8ad5-ba8583871323/1466b03e-841d-4c45-975e-c6900af67662/lora_weights.safetensors,$txc,test
818c4e98-78e1-428c-8ee2-f5790993fc47,"An overhead view of a sunny yet hazy urban highway in the southeast USA with red-brown pavement, very few vehicles including varied-colored buses and one gray Ford F150 truck, with a motorcycle as the primary point of interest.",f5ddba02-4295-48d9-8ad5-ba8583871323/bc6ba36c-aa02-4630-a0ea-4150b9b69e36/Synthetic/818c4e98-78e1-428c-8ee2-f5790993fc47_flux_1789423460.png,urban highways,sunny,hazy,buses,very few vehicles,southeast USA,red-brown,one truck (Ford F150),gray,varied colors,overhead,motorcycle,,s3://auto-lora/f5ddba02-4295-48d9-8ad5-ba8583871323/1466b03e-841d-4c45-975e-c6900af67662/lora_weights.safetensors,$txc,test
39f4a8ca-ad38-4d2f-ad51-de24d4a9aac9,"An overhead view of rural highways in the southwest USA with foggy weather and active precipitation, showing high density of vehicles including varied colored cars and one blue Ford F150 truck.",f5ddba02-4295-48d9-8ad5-ba8583871323/bc6ba36c-aa02-4630-a0ea-4150b9b69e36/Synthetic/39f4a8ca-ad38-4d2f-ad51-de24d4a9aac9_flux_1789425517.png,rural highways,foggy,active precipitation,trucks (Ford F150),high density of vehicles,southwest USA,gray,one truck (Ford F150),blue,varied colors,overhead,truck,,s3://auto-lora/f5ddba02-4295-48d9-8ad5-ba8583871323/1466b03e-841d-4c45-975e-c6900af67662/lora_weights.safetensors,$txc,test
a09bd4d5-6e14-466a-b628-f8cd4b7960ae,"An urban highway in the northeast USA with snowy, hazy conditions features red-brown pavement and a moderate number of motorcycles at street level; one white Ford F150 truck is also visible, and motorcycles come in varied colors.",f5ddba02-4295-48d9-8ad5-ba8583871323/bc6ba36c-aa02-4630-a0ea-4150b9b69e36/Synthetic/a09bd4d5-6e14-466a-b628-f8cd4b7960ae_flux_1789425172.png,urban highways,snowy,hazy,motorcycles,moderate number of vehicles,northeast USA,red-brown,one truck (Ford F150),white,varied colors,street-level,motorcycle,,s3://auto-lora/f5ddba02-4295-48d9-8ad5-ba8583871323/1466b03e-841d-4c45-975e-c6900af67662/lora_weights.safetensors,$txc,test
80e6115f-1147-41a4-bae4-3cb16b842d1e,"An overhead view of rural highways in the southwest USA with sunny weather and active precipitation, featuring a moderate number of motorcycles in varied colors, one blue Ford F150 truck, and a bus standing out as the primary object of interest on a red-brown pavement.",f5ddba02-4295-48d9-8ad5-ba8583871323/bc6ba36c-aa02-4630-a0ea-4150b9b69e36/Synthetic/80e6115f-1147-41a4-bae4-3cb16b842d1e_flux_1789426766.png,rural highways,sunny,active precipitation,motorcycles,moderate number of vehicles,southwest USA,red-brown,one truck (Ford F150),blue,varied colors,overhead,bus,,s3://auto-lora/f5ddba02-4295-48d9-8ad5-ba8583871323/1466b03e-841d-4c45-975e-c6900af67662/lora_weights.safetensors,$txc,test
742bb46f-60fa-41d7-befd-d8f80597f280,"A sunny but hazy day on an urban highway in the southeast USA with a high density of buses and varied colored vehicles, one gray Ford F150 truck, and red-brown pavement, where a motorcycle is also visible at street level.",f5ddba02-4295-48d9-8ad5-ba8583871323/bc6ba36c-aa02-4630-a0ea-4150b9b69e36/Synthetic/742bb46f-60fa-41d7-befd-d8f80597f280_flux_1789422805.png,urban highways,sunny,hazy,buses,high density of vehicles,southeast USA,red-brown,one truck (Ford F150),gray,varied colors,street-level,motorcycle,,s3://auto-lora/f5ddba02-4295-48d9-8ad5-ba8583871323/1466b03e-841d-4c45-975e-c6900af67662/lora_weights.safetensors,$txc,test
4244513c-04c2-491c-9d84-c6b90ef9074f,"An overhead view of an urban highway in the southwest USA with a sunny sky and active precipitation, featuring a red-brown pavement, very few vehicles of varied colors, and one blue Ford F150 truck; a bus is also visible in the scene.",f5ddba02-4295-48d9-8ad5-ba8583871323/bc6ba36c-aa02-4630-a0ea-4150b9b69e36/Synthetic/4244513c-04c2-491c-9d84-c6b90ef9074f_flux_1789425480.png,urban highways,sunny,active precipitation,trucks (Ford F150),very few vehicles,southwest USA,red-brown,one truck (Ford F150),blue,varied colors,overhead,bus,,s3://auto-lora/f5ddba02-4295-48d9-8ad5-ba8583871323/1466b03e-841d-4c45-975e-c6900af67662/lora_weights.safetensors,$txc,test
fa65fde1-5398-4a0f-91fa-bc287799f869,"An overhead view of a foggy rural highway in the southeast USA with a high density of buses and varied vehicle colors, a gray Ford F150 truck, and red-brown pavement stretching into the distance.",f5ddba02-4295-48d9-8ad5-ba8583871323/bc6ba36c-aa02-4630-a0ea-4150b9b69e36/Synthetic/fa65fde1-5398-4a0f-91fa-bc287799f869_flux_1789424170.png,rural highways,foggy,clear,buses,high density of vehicles,southeast USA,red-brown,one truck (Ford F150),gray,varied colors,overhead,car,,s3://auto-lora/f5ddba02-4295-48d9-8ad5-ba8583871323/1466b03e-841d-4c45-975e-c6900af67662/lora_weights.safetensors,$txc,test
1e4e249a-c3bb-4279-8694-6f67dee9d5d8,A foggy rural highway in the northeast USA with gray pavement and very few vehicles of varied colors; a street-level view showing one white Ford F150 truck as the primary object of interest.,f5ddba02-4295-48d9-8ad5-ba8583871323/bc6ba36c-aa02-4630-a0ea-4150b9b69e36/Synthetic/1e4e249a-c3bb-4279-8694-6f67dee9d5d8_flux_1789425738.png,rural highways,foggy,clear,sedans,very few vehicles,northeast USA,gray,one truck (Ford F150),white,varied colors,street-level,truck,,s3://auto-lora/f5ddba02-4295-48d9-8ad5-ba8583871323/1466b03e-841d-4c45-975e-c6900af67662/lora_weights.safetensors,$txc,test
3c47aa11-a757-4a5e-9d73-3072a1ee5f2c,"A rural highway in the southwest USA with active snowy precipitation and high density of sedans, featuring a blue Ford F150 truck at street-level, where the pavement is gray and vehicles display varied colors.",f5ddba02-4295-48d9-8ad5-ba8583871323/bc6ba36c-aa02-4630-a0ea-4150b9b69e36/Synthetic/3c47aa11-a757-4a5e-9d73-3072a1ee5f2c_flux_1789426651.png,rural highways,snowy,active precipitation,sedans,high density of vehicles,southwest USA,gray,one truck (Ford F150),blue,varied colors,street-level,truck,,s3://auto-lora/f5ddba02-4295-48d9-8ad5-ba8583871323/1466b03e-841d-4c45-975e-c6900af67662/lora_weights.safetensors,$txc,test
9050f9ef-ae1a-448a-9cd9-35dae054d2e6,"An overhead view of an urban highway in the southwest USA with a rainy, hazy environment; very few red-brown paved sedans and one gray Ford F150 truck are visible.",f5ddba02-4295-48d9-8ad5-ba8583871323/bc6ba36c-aa02-4630-a0ea-4150b9b69e36/Synthetic/9050f9ef-ae1a-448a-9cd9-35dae054d2e6_flux_1789425283.png,urban highways,rainy,hazy,sedans,very few vehicles,southwest USA,red-brown,one truck (Ford F150),gray,varied colors,overhead,car,,s3://auto-lora/f5ddba02-4295-48d9-8ad5-ba8583871323/1466b03e-841d-4c45-975e-c6900af67662/lora_weights.safetensors,$txc,test
cbf329f7-c2de-4ba8-a7c7-0701533f33e2,"An overhead view of a rural highway in the southeast USA with a snowy, clear weather condition; the pavement is red-brown and features very few varied-colored sedans and one black Ford F150 truck. The scene includes a bus as an object of interest.",f5ddba02-4295-48d9-8ad5-ba8583871323/bc6ba36c-aa02-4630-a0ea-4150b9b69e36/Synthetic/cbf329f7-c2de-4ba8-a7c7-0701533f33e2_flux_1789425688.png,rural highways,snowy,clear,sedans,very few vehicles,southeast USA,red-brown,one truck (Ford F150),black,varied colors,overhead,bus,,s3://auto-lora/f5ddba02-4295-48d9-8ad5-ba8583871323/1466b03e-841d-4c45-975e-c6900af67662/lora_weights.safetensors,$txc,test
784a2114-2fb8-4df7-a111-cb48486f355f,"An overhead view of a foggy urban highway in the southwest USA with hazy visibility, featuring very few vehicles and one red Ford F150 truck, while buses are also present in varied colors on a gray pavement.",f5ddba02-4295-48d9-8ad5-ba8583871323/bc6ba36c-aa02-4630-a0ea-4150b9b69e36/Synthetic/784a2114-2fb8-4df7-a111-cb48486f355f_flux_1789425029.png,urban highways,foggy,hazy,buses,very few vehicles,southwest USA,gray,one truck (Ford F150),red,varied colors,overhead,truck,,s3://auto-lora/f5ddba02-4295-48d9-8ad5-ba8583871323/1466b03e-841d-4c45-975e-c6900af67662/lora_weights.safetensors,$txc,test
f5cfd279-b8b1-40b6-b586-049afd53cd92,"An overhead view of an urban highway in the northeast USA during rainy weather with active precipitation, featuring a moderate number of motorcycles in varied colors and one blue Ford F150 truck, all moving under gray pavement.",f5ddba02-4295-48d9-8ad5-ba8583871323/bc6ba36c-aa02-4630-a0ea-4150b9b69e36/Synthetic/f5cfd279-b8b1-40b6-b586-049afd53cd92_flux_1789423634.png,urban highways,rainy,active precipitation,motorcycles,moderate number of vehicles,northeast USA,gray,one truck (Ford F150),blue,varied colors,overhead,car,,s3://auto-lora/f5ddba02-4295-48d9-8ad5-ba8583871323/1466b03e-841d-4c45-975e-c6900af67662/lora_weights.safetensors,$txc,test
a0cca22d-377b-4735-8d9a-899feada301e,"A foggy rural highway in the northeast USA with hazy visibility and gray pavement, featuring a moderate number of buses and one red Ford F150 truck, where vehicles display varied colors from street-level perspective, with cars being the primary objects of interest.",f5ddba02-4295-48d9-8ad5-ba8583871323/bc6ba36c-aa02-4630-a0ea-4150b9b69e36/Synthetic/a0cca22d-377b-4735-8d9a-899feada301e_flux_1789423077.png,rural highways,foggy,hazy,buses,moderate number of vehicles,northeast USA,gray,one truck (Ford F150),red,varied colors,street-level,car,,s3://auto-lora/f5ddba02-4295-48d9-8ad5-ba8583871323/1466b03e-841d-4c45-975e-c6900af67662/lora_weights.safetensors,$txc,test
de635f79-6ea8-4670-acf7-7b075bcb394c,"A rural highway in the southeast USA with gray pavement and hazy sunny conditions features very few vehicles, including varied-colored SUVs and one black Ford F150 truck, while a bus is the primary object of interest from a street-level perspective.",f5ddba02-4295-48d9-8ad5-ba8583871323/bc6ba36c-aa02-4630-a0ea-4150b9b69e36/Synthetic/de635f79-6ea8-4670-acf7-7b075bcb394c_flux_1789423547.png,rural highways,sunny,hazy,SUVs,very few vehicles,southeast USA,gray,one truck (Ford F150),black,varied colors,street-level,bus,,s3://auto-lora/f5ddba02-4295-48d9-8ad5-ba8583871323/1466b03e-841d-4c45-975e-c6900af67662/lora_weights.safetensors,$txc,test
8e4d5967-c60c-42ec-86cf-38f1ed848073,"A foggy rural highway in the northeast USA with gray pavement and moderate number of varied-colored sedans, one red Ford F150 truck, and a motorcycle visible from street level.",f5ddba02-4295-48d9-8ad5-ba8583871323/bc6ba36c-aa02-4630-a0ea-4150b9b69e36/Synthetic/8e4d5967-c60c-42ec-86cf-38f1ed848073_flux_1789426442.png,rural highways,foggy,clear,sedans,moderate number of vehicles,northeast USA,gray,one truck (Ford F150),red,varied colors,street-level,motorcycle,,s3://auto-lora/f5ddba02-4295-48d9-8ad5-ba8583871323/1466b03e-841d-4c45-975e-c6900af67662/lora_weights.safetensors,$txc,test
8f0abc92-08a3-4c43-bfeb-ac47234f0bf7,"A rural highway in the southeast USA with sunny weather and active precipitation, featuring a street-level view of very few vehicles including an SUV and one blue Ford F150 truck, with gray pavement and varied vehicle colors.",f5ddba02-4295-48d9-8ad5-ba8583871323/bc6ba36c-aa02-4630-a0ea-4150b9b69e36/Synthetic/8f0abc92-08a3-4c43-bfeb-ac47234f0bf7_flux_1789425622.png,rural highways,sunny,active precipitation,SUVs,very few vehicles,southeast USA,gray,one truck (Ford F150),blue,varied colors,street-level,truck,,s3://auto-lora/f5ddba02-4295-48d9-8ad5-ba8583871323/1466b03e-841d-4c45-975e-c6900af67662/lora_weights.safetensors,$txc,test
19833509-4abd-40cd-81f8-7b573c8d37fc,"An overhead view of a rainy rural highway in the northeast USA with active precipitation, featuring a high density of buses and a gray Ford F150 truck, the pavement is red-brown and motorcycles are present among varied vehicle colors.",f5ddba02-4295-48d9-8ad5-ba8583871323/bc6ba36c-aa02-4630-a0ea-4150b9b69e36/Synthetic/19833509-4abd-40cd-81f8-7b573c8d37fc_flux_1789425041.png,rural highways,rainy,active precipitation,buses,high density of vehicles,northeast USA,red-brown,one truck (Ford F150),gray,varied colors,overhead,motorcycle,,s3://auto-lora/f5ddba02-4295-48d9-8ad5-ba8583871323/1466b03e-841d-4c45-975e-c6900af67662/lora_weights.safetensors,$txc,test
9eeb10eb-805c-4940-bc89-f08c952c918d,"An overhead view of a foggy urban highway in the southeast USA with hazy visibility and red-brown pavement, featuring very few varied-colored SUVs and one red Ford F150 truck, with a motorcycle also visible as an object of interest.",f5ddba02-4295-48d9-8ad5-ba8583871323/bc6ba36c-aa02-4630-a0ea-4150b9b69e36/Synthetic/9eeb10eb-805c-4940-bc89-f08c952c918d_flux_1789426021.png,urban highways,foggy,hazy,SUVs,very few vehicles,southeast USA,red-brown,one truck (Ford F150),red,varied colors,overhead,motorcycle,,s3://auto-lora/f5ddba02-4295-48d9-8ad5-ba8583871323/1466b03e-841d-4c45-975e-c6900af67662/lora_weights.safetensors,$txc,test
f5203831-50c9-418d-b565-ef6e86bf3bd0,"An overhead view of an urban highway in the southwest USA with sunny weather and active precipitation, featuring a moderate number of vehicles including varied colored cars and one blue Ford F150 truck, set against a red-brown pavement, with a bus also visible in the scene.",f5ddba02-4295-48d9-8ad5-ba8583871323/bc6ba36c-aa02-4630-a0ea-4150b9b69e36/Synthetic/f5203831-50c9-418d-b565-ef6e86bf3bd0_flux_1789422941.png,urban highways,sunny,active precipitation,trucks (Ford F150),moderate number of vehicles,southwest USA,red-brown,one truck (Ford F150),blue,varied colors,overhead,bus,,s3://auto-lora/f5ddba02-4295-48d9-8ad5-ba8583871323/1466b03e-841d-4c45-975e-c6900af67662/lora_weights.safetensors,$txc,test
fec32dcd-9e74-41f3-9d98-ff18f3782bdf,"An overhead view of a snowy, hazy urban highway in the northeast USA with a moderate number of varied-colored SUVs and one gray Ford F150 truck, where the pavement is gray and motorcycles are present as objects of interest.",f5ddba02-4295-48d9-8ad5-ba8583871323/bc6ba36c-aa02-4630-a0ea-4150b9b69e36/Synthetic/fec32dcd-9e74-41f3-9d98-ff18f3782bdf_flux_1789422825.png,urban highways,snowy,hazy,SUVs,moderate number of vehicles,northeast USA,gray,one truck (Ford F150),gray,varied colors,overhead,motorcycle,,s3://auto-lora/f5ddba02-4295-48d9-8ad5-ba8583871323/1466b03e-841d-4c45-975e-c6900af67662/lora_weights.safetensors,$txc,test
c3c5e77a-6814-4382-b92d-edae14745590,"An overhead view of a foggy urban highway in the southeast USA with active precipitation, featuring a moderate number of motorcycles in varied colors and one blue Ford F150 truck, all against a gray pavement environment, with cars as the primary objects of interest.",f5ddba02-4295-48d9-8ad5-ba8583871323/bc6ba36c-aa02-4630-a0ea-4150b9b69e36/Synthetic/c3c5e77a-6814-4382-b92d-edae14745590_flux_1789425312.png,urban highways,foggy,active precipitation,motorcycles,moderate number of vehicles,southeast USA,gray,one truck (Ford F150),blue,varied colors,overhead,car,,s3://auto-lora/f5ddba02-4295-48d9-8ad5-ba8583871323/1466b03e-841d-4c45-975e-c6900af67662/lora_weights.safetensors,$txc,test
c36c2893-e17a-40ed-86c8-82b32cc36d2d,"A rural highway in the southwest USA with active precipitation, red-brown pavement, high density of buses, one white Ford F150 truck, and varied vehicle colors; viewed from street level, a motorcycle is also visible.",f5ddba02-4295-48d9-8ad5-ba8583871323/bc6ba36c-aa02-4630-a0ea-4150b9b69e36/Synthetic/c36c2893-e17a-40ed-86c8-82b32cc36d2d_flux_1789425012.png,rural highways,rainy,active precipitation,buses,high density of vehicles,southwest USA,red-brown,one truck (Ford F150),white,varied colors,street-level,motorcycle,,s3://auto-lora/f5ddba02-4295-48d9-8ad5-ba8583871323/1466b03e-841d-4c45-975e-c6900af67662/lora_weights.safetensors,$txc,test
a4c19d86-ce71-4c42-9e49-f03b0f078833,A rural highway in the southwest USA with red-brown pavement and foggy weather has very few motorcycles and one white Ford F150 truck passing by; the street-level view shows varied motorcycle colors and a clear path ahead.,f5ddba02-4295-48d9-8ad5-ba8583871323/bc6ba36c-aa02-4630-a0ea-4150b9b69e36/Synthetic/a4c19d86-ce71-4c42-9e49-f03b0f078833_flux_1789423473.png,rural highways,foggy,clear,motorcycles,very few vehicles,southwest USA,red-brown,one truck (Ford F150),white,varied colors,street-level,car,,s3://auto-lora/f5ddba02-4295-48d9-8ad5-ba8583871323/1466b03e-841d-4c45-975e-c6900af67662/lora_weights.safetensors,$txc,test
05674070-ed53-4fd8-93e8-10ed243d7b29,"An overhead view of a rural highway in the northeast USA with a sunny weather condition and active precipitation, featuring gray pavement, very few varied-colored sedans, and one black Ford F150 truck overhead.",f5ddba02-4295-48d9-8ad5-ba8583871323/bc6ba36c-aa02-4630-a0ea-4150b9b69e36/Synthetic/05674070-ed53-4fd8-93e8-10ed243d7b29_flux_1789426701.png,rural highways,sunny,active precipitation,sedans,very few vehicles,northeast USA,gray,one truck (Ford F150),black,varied colors,overhead,car,,s3://auto-lora/f5ddba02-4295-48d9-8ad5-ba8583871323/1466b03e-841d-4c45-975e-c6900af67662/lora_weights.safetensors,$txc,test
339c6305-3f27-4053-a696-0f69f80e3c64,"A rural highway in the northeast USA with snowy conditions and clear visibility features a high density of sedans in varied colors, one blue Ford F150 truck, and gray pavement from a street-level perspective; a bus is the object of interest.",f5ddba02-4295-48d9-8ad5-ba8583871323/bc6ba36c-aa02-4630-a0ea-4150b9b69e36/Synthetic/339c6305-3f27-4053-a696-0f69f80e3c64_flux_1789423836.png,rural highways,snowy,clear,sedans,high density of vehicles,northeast USA,gray,one truck (Ford F150),blue,varied colors,street-level,bus,,s3://auto-lora/f5ddba02-4295-48d9-8ad5-ba8583871323/1466b03e-841d-4c45-975e-c6900af67662/lora_weights.safetensors,$txc,test
ea931132-d2d1-4012-8389-ef3c00e8f84d,"An overhead view of a foggy urban highway in the southeast USA with active precipitation, featuring a moderate number of vehicles of varied colors and one gray Ford F150 truck, all against a gray pavement environment.",f5ddba02-4295-48d9-8ad5-ba8583871323/bc6ba36c-aa02-4630-a0ea-4150b9b69e36/Synthetic/ea931132-d2d1-4012-8389-ef3c00e8f84d_flux_1789425025.png,urban highways,foggy,active precipitation,trucks (Ford F150),moderate number of vehicles,southeast USA,gray,one truck (Ford F150),gray,varied colors,overhead,car,,s3://auto-lora/f5ddba02-4295-48d9-8ad5-ba8583871323/1466b03e-841d-4c45-975e-c6900af67662/lora_weights.safetensors,$txc,test
5262aef7-9f08-4b54-8bee-a84a25ad6f75,"An overhead view of an urban highway in the northeast USA with active precipitation from a rainy day; very few varied-colored SUVs are present, and one white Ford F150 truck is visible on the red-brown pavement.",f5ddba02-4295-48d9-8ad5-ba8583871323/bc6ba36c-aa02-4630-a0ea-4150b9b69e36/Synthetic/5262aef7-9f08-4b54-8bee-a84a25ad6f75_flux_1789426306.png,urban highways,rainy,active precipitation,SUVs,very few vehicles,northeast USA,red-brown,one truck (Ford F150),white,varied colors,overhead,truck,,s3://auto-lora/f5ddba02-4295-48d9-8ad5-ba8583871323/1466b03e-841d-4c45-975e-c6900af67662/lora_weights.safetensors,$txc,test
d0c0ae58-7a04-401e-8b80-0a2ffa4294ed,"A rural highway in the southeast USA with a high density of buses and hazy visibility due to rainy weather, the pavement is red-brown and a gray Ford F150 truck is present, buses come in varied colors from street level perspective.",f5ddba02-4295-48d9-8ad5-ba8583871323/bc6ba36c-aa02-4630-a0ea-4150b9b69e36/Synthetic/d0c0ae58-7a04-401e-8b80-0a2ffa4294ed_flux_1789424916.png,rural highways,rainy,hazy,buses,high density of vehicles,southeast USA,red-brown,one truck (Ford F150),gray,varied colors,street-level,bus,,s3://auto-lora/f5ddba02-4295-48d9-8ad5-ba8583871323/1466b03e-841d-4c45-975e-c6900af67662/lora_weights.safetensors,$txc,test
1720c4c5-2a33-4429-a984-23386436af40,"An overhead view of rural highways in the southwest USA with a rainy, hazy environment; multiple SUVs and one blue Ford F150 truck are visible on the red-brown pavement, creating a moderate number of vehicles in the scene.",f5ddba02-4295-48d9-8ad5-ba8583871323/bc6ba36c-aa02-4630-a0ea-4150b9b69e36/Synthetic/1720c4c5-2a33-4429-a984-23386436af40_flux_1789426322.png,rural highways,rainy,hazy,SUVs,moderate number of vehicles,southwest USA,red-brown,one truck (Ford F150),blue,varied colors,overhead,car,,s3://auto-lora/f5ddba02-4295-48d9-8ad5-ba8583871323/1466b03e-841d-4c45-975e-c6900af67662/lora_weights.safetensors,$txc,test
d288c46f-92b5-41ac-9189-b6c936ce3b2d,"An overhead view of an urban highway in the southeast USA with a sunny weather condition and active precipitation, featuring very few vehicles of varied colors including buses and one blue Ford F150 truck, on a gray pavement.",f5ddba02-4295-48d9-8ad5-ba8583871323/bc6ba36c-aa02-4630-a0ea-4150b9b69e36/Synthetic/d288c46f-92b5-41ac-9189-b6c936ce3b2d_flux_1789426631.png,urban highways,sunny,active precipitation,buses,very few vehicles,southeast USA,gray,one truck (Ford F150),blue,varied colors,overhead,car,,s3://auto-lora/f5ddba02-4295-48d9-8ad5-ba8583871323/1466b03e-841d-4c45-975e-c6900af67662/lora_weights.safetensors,$txc,test
48ce3f48-9d47-4c7d-b3d4-4d250ce05eab,"An overhead view of a rural highway in the southeast USA with a high density of varied-colored sedans and hazy rainy conditions, one white Ford F150 truck visible, and red-brown pavement.",f5ddba02-4295-48d9-8ad5-ba8583871323/bc6ba36c-aa02-4630-a0ea-4150b9b69e36/Synthetic/48ce3f48-9d47-4c7d-b3d4-4d250ce05eab_flux_1789425589.png,rural highways,rainy,hazy,sedans,high density of vehicles,southeast USA,red-brown,one truck (Ford F150),white,varied colors,overhead,car,,s3://auto-lora/f5ddba02-4295-48d9-8ad5-ba8583871323/1466b03e-841d-4c45-975e-c6900af67662/lora_weights.safetensors,$txc,test
9479fdf9-86f0-422b-a0cb-5484047a0fec,"An overhead view of a rainy, hazy urban highway in the southeast USA with a high density of SUVs and varied vehicle colors, including one gray Ford F150 truck, all行驶在灰色路面的车辆密集，环境昏暗。",f5ddba02-4295-48d9-8ad5-ba8583871323/bc6ba36c-aa02-4630-a0ea-4150b9b69e36/Synthetic/9479fdf9-86f0-422b-a0cb-5484047a0fec_flux_1789423233.png,urban highways,rainy,hazy,SUVs,high density of vehicles,southeast USA,gray,one truck (Ford F150),gray,varied colors,overhead,car,,s3://auto-lora/f5ddba02-4295-48d9-8ad5-ba8583871323/1466b03e-841d-4c45-975e-c6900af67662/lora_weights.safetensors,$txc,test
b24cc86c-e79b-4e22-9303-8018bdceb0e9,"An overhead view of a rural highway in the southwest USA with red-brown pavement, snowy conditions and active precipitation, very few motorcycles, one blue Ford F150 truck, and varied vehicle colors, with a bus as the primary point of interest.",f5ddba02-4295-48d9-8ad5-ba8583871323/bc6ba36c-aa02-4630-a0ea-4150b9b69e36/Synthetic/b24cc86c-e79b-4e22-9303-8018bdceb0e9_flux_1789424559.png,rural highways,snowy,active precipitation,motorcycles,very few vehicles,southwest USA,red-brown,one truck (Ford F150),blue,varied colors,overhead,bus,,s3://auto-lora/f5ddba02-4295-48d9-8ad5-ba8583871323/1466b03e-841d-4c45-975e-c6900af67662/lora_weights.safetensors,$txc,test
7e2f931f-8c22-4ba8-b126-feaf0f89c65d,"An overhead view of a rural highway in the northeast USA with a sunny weather condition and active precipitation, featuring a red-brown pavement and very few vehicles of varied colors, including one SUV and a red Ford F150 truck.",f5ddba02-4295-48d9-8ad5-ba8583871323/bc6ba36c-aa02-4630-a0ea-4150b9b69e36/Synthetic/7e2f931f-8c22-4ba8-b126-feaf0f89c65d_flux_1789425102.png,rural highways,sunny,active precipitation,SUVs,very few vehicles,northeast USA,red-brown,one truck (Ford F150),red,varied colors,overhead,car,,s3://auto-lora/f5ddba02-4295-48d9-8ad5-ba8583871323/1466b03e-841d-4c45-975e-c6900af67662/lora_weights.safetensors,$txc,test
1c601941-3391-441f-9f37-b4d289b5ad08,"An overhead view of a rainy, hazy urban highway in the northeast USA with a moderate number of varied-colored SUVs and one white Ford F150 truck, where the pavement has a red-brown color and the primary object of interest is a bus present in the scene.",f5ddba02-4295-48d9-8ad5-ba8583871323/bc6ba36c-aa02-4630-a0ea-4150b9b69e36/Synthetic/1c601941-3391-441f-9f37-b4d289b5ad08_flux_1789424895.png,urban highways,rainy,hazy,SUVs,moderate number of vehicles,northeast USA,red-brown,one truck (Ford F150),white,varied colors,overhead,bus,,s3://auto-lora/f5ddba02-4295-48d9-8ad5-ba8583871323/1466b03e-841d-4c45-975e-c6900af67662/lora_weights.safetensors,$txc,test
c58b12b4-baae-4fc5-a799-274a8f7f3d62,"An overhead view of a sunny, clear urban highway in the southwest USA with a high density of motorcycles and one black Ford F150 truck, all moving on gray pavement, showcasing varied motorcycle colors.",f5ddba02-4295-48d9-8ad5-ba8583871323/bc6ba36c-aa02-4630-a0ea-4150b9b69e36/Synthetic/c58b12b4-baae-4fc5-a799-274a8f7f3d62_flux_1789424505.png,urban highways,sunny,clear,motorcycles,high density of vehicles,southwest USA,gray,one truck (Ford F150),black,varied colors,overhead,motorcycle,,s3://auto-lora/f5ddba02-4295-48d9-8ad5-ba8583871323/1466b03e-841d-4c45-975e-c6900af67662/lora_weights.safetensors,$txc,test
91553360-b909-4017-aa69-d09cdc41c6b7,"An overhead view of an urban highway in the northeast USA during rainy weather with clear visibility and a moderate number of buses; one blue Ford F150 truck is also visible, and vehicles come in varied colors.",f5ddba02-4295-48d9-8ad5-ba8583871323/bc6ba36c-aa02-4630-a0ea-4150b9b69e36/Synthetic/91553360-b909-4017-aa69-d09cdc41c6b7_flux_1789423266.png,urban highways,rainy,clear,buses,moderate number of vehicles,northeast USA,red-brown,one truck (Ford F150),blue,varied colors,overhead,truck,,s3://auto-lora/f5ddba02-4295-48d9-8ad5-ba8583871323/1466b03e-841d-4c45-975e-c6900af67662/lora_weights.safetensors,$txc,test
1774dd28-8015-4b10-8fef-a89e324d6825,"An urban highway in the southwest USA with foggy weather and hazy visibility, featuring a moderate number of buses and a black Ford F150 truck, the pavement is red-brown and viewed from street level focusing on the truck.",f5ddba02-4295-48d9-8ad5-ba8583871323/bc6ba36c-aa02-4630-a0ea-4150b9b69e36/Synthetic/1774dd28-8015-4b10-8fef-a89e324d6825_flux_1789424423.png,urban highways,foggy,hazy,buses,moderate number of vehicles,southwest USA,red-brown,one truck (Ford F150),black,varied colors,street-level,truck,,s3://auto-lora/f5ddba02-4295-48d9-8ad5-ba8583871323/1466b03e-841d-4c45-975e-c6900af67662/lora_weights.safetensors,$txc,test
84c14391-0ced-43ec-9b5e-ac2eb4634c86,"An urban highway in the southeast USA with a high density of motorcycles and varied vehicle colors under sunny conditions, active precipitation reducing visibility slightly, a street-level view showing one blue Ford F150 truck among the traffic, with red-brown pavement.",f5ddba02-4295-48d9-8ad5-ba8583871323/bc6ba36c-aa02-4630-a0ea-4150b9b69e36/Synthetic/84c14391-0ced-43ec-9b5e-ac2eb4634c86_flux_1789426491.png,urban highways,sunny,active precipitation,motorcycles,high density of vehicles,southeast USA,red-brown,one truck (Ford F150),blue,varied colors,street-level,truck,,s3://auto-lora/f5ddba02-4295-48d9-8ad5-ba8583871323/1466b03e-841d-4c45-975e-c6900af67662/lora_weights.safetensors,$txc,test
a0dbbff5-b5a1-43ca-a4df-9399f46aa0c0,"An overhead view of rural highways in the northeast USA during rainy weather with active precipitation, featuring a moderate number of SUVs in varied colors, one black Ford F150 truck, and a bus visible on the red-brown pavement.",f5ddba02-4295-48d9-8ad5-ba8583871323/bc6ba36c-aa02-4630-a0ea-4150b9b69e36/Synthetic/a0dbbff5-b5a1-43ca-a4df-9399f46aa0c0_flux_1789425316.png,rural highways,rainy,active precipitation,SUVs,moderate number of vehicles,northeast USA,red-brown,one truck (Ford F150),black,varied colors,overhead,bus,,s3://auto-lora/f5ddba02-4295-48d9-8ad5-ba8583871323/1466b03e-841d-4c45-975e-c6900af67662/lora_weights.safetensors,$txc,test
a9b66fcd-308e-492c-a727-7bd3ab95dfd2,"An overhead view of a busy highway in the southwest USA with a high density of SUVs and active sunny weather conditions, featuring a black Ford F150 truck among varied vehicle colors on red-brown pavement.",f5ddba02-4295-48d9-8ad5-ba8583871323/bc6ba36c-aa02-4630-a0ea-4150b9b69e36/Synthetic/a9b66fcd-308e-492c-a727-7bd3ab95dfd2_flux_1789424017.png,urban highways,sunny,active precipitation,SUVs,high density of vehicles,southwest USA,red-brown,one truck (Ford F150),black,varied colors,overhead,truck,,s3://auto-lora/f5ddba02-4295-48d9-8ad5-ba8583871323/1466b03e-841d-4c45-975e-c6900af67662/lora_weights.safetensors,$txc,test
9a87049b-08a7-4a6e-9e91-0f8c3ac27b57,"An overhead view of a snowy, hazy urban highway in the southwest USA with a high density of vehicles and one blue Ford F150 truck; the red-brown pavement is crowded with variously colored cars and trucks, and a motorcycle is of particular interest.",f5ddba02-4295-48d9-8ad5-ba8583871323/bc6ba36c-aa02-4630-a0ea-4150b9b69e36/Synthetic/9a87049b-08a7-4a6e-9e91-0f8c3ac27b57_flux_1789426466.png,urban highways,snowy,hazy,trucks (Ford F150),high density of vehicles,southwest USA,red-brown,one truck (Ford F150),blue,varied colors,overhead,motorcycle,,s3://auto-lora/f5ddba02-4295-48d9-8ad5-ba8583871323/1466b03e-841d-4c45-975e-c6900af67662/lora_weights.safetensors,$txc,test
acd928b4-c716-444e-a56e-3e5efe51e31b,"An overhead view of rural highways in the northeast USA during rainy weather with active precipitation, showing a moderate number of motorcycles in varied colors and one black Ford F150 truck, all moving under gray pavement.",f5ddba02-4295-48d9-8ad5-ba8583871323/bc6ba36c-aa02-4630-a0ea-4150b9b69e36/Synthetic/acd928b4-c716-444e-a56e-3e5efe51e31b_flux_1789426396.png,rural highways,rainy,active precipitation,motorcycles,moderate number of vehicles,northeast USA,gray,one truck (Ford F150),black,varied colors,overhead,car,,s3://auto-lora/f5ddba02-4295-48d9-8ad5-ba8583871323/1466b03e-841d-4c45-975e-c6900af67662/lora_weights.safetensors,$txc,test
1e21b9ab-3cc0-412a-9665-59087eefed6a,"An urban highway in the northeast USA with active precipitation, featuring a street-level view of moderate numbers of motorcycles in varied colors and one black Ford F150 truck, set against a backdrop of red-brown pavement.",f5ddba02-4295-48d9-8ad5-ba8583871323/bc6ba36c-aa02-4630-a0ea-4150b9b69e36/Synthetic/1e21b9ab-3cc0-412a-9665-59087eefed6a_flux_1789425045.png,urban highways,rainy,active precipitation,motorcycles,moderate number of vehicles,northeast USA,red-brown,one truck (Ford F150),black,varied colors,street-level,car,,s3://auto-lora/f5ddba02-4295-48d9-8ad5-ba8583871323/1466b03e-841d-4c45-975e-c6900af67662/lora_weights.safetensors,$txc,test
cd6c94f2-717a-4671-b7a2-00e529bd9bed,"An urban highway in the southwest USA with gray pavement and clear visibility despite rainy weather conditions, showing a street-level view of very few vehicles including varied colored buses and one red Ford F150 truck.",f5ddba02-4295-48d9-8ad5-ba8583871323/bc6ba36c-aa02-4630-a0ea-4150b9b69e36/Synthetic/cd6c94f2-717a-4671-b7a2-00e529bd9bed_flux_1789425341.png,urban highways,rainy,clear,buses,very few vehicles,southwest USA,gray,one truck (Ford F150),red,varied colors,street-level,bus,,s3://auto-lora/f5ddba02-4295-48d9-8ad5-ba8583871323/1466b03e-841d-4c45-975e-c6900af67662/lora_weights.safetensors,$txc,test
5263ab2a-e4c4-4fab-87b5-0a544c2afbc8,"An overhead view of a snowy urban highway in the southwest USA with active precipitation, featuring a high density of buses and varied colored vehicles, including one black Ford F150 truck, set against a red-brown pavement.",f5ddba02-4295-48d9-8ad5-ba8583871323/bc6ba36c-aa02-4630-a0ea-4150b9b69e36/Synthetic/5263ab2a-e4c4-4fab-87b5-0a544c2afbc8_flux_1789424944.png,urban highways,snowy,active precipitation,buses,high density of vehicles,southwest USA,red-brown,one truck (Ford F150),black,varied colors,overhead,bus,,s3://auto-lora/f5ddba02-4295-48d9-8ad5-ba8583871323/1466b03e-841d-4c45-975e-c6900af67662/lora_weights.safetensors,$txc,test
d959489d-0d71-4313-9a95-61937a178f1b,"A sunny day with hazy visibility on rural highways in the northeast USA, gray pavement, moderate number of buses and varied colored vehicles passing by, including one black Ford F150 truck, viewed from street level with cars as the primary focus.",f5ddba02-4295-48d9-8ad5-ba8583871323/bc6ba36c-aa02-4630-a0ea-4150b9b69e36/Synthetic/d959489d-0d71-4313-9a95-61937a178f1b_flux_1789423361.png,rural highways,sunny,hazy,buses,moderate number of vehicles,northeast USA,gray,one truck (Ford F150),black,varied colors,street-level,car,,s3://auto-lora/f5ddba02-4295-48d9-8ad5-ba8583871323/1466b03e-841d-4c45-975e-c6900af67662/lora_weights.safetensors,$txc,test
4b71923c-a0cc-4054-8d62-a5fc2a638793,"A foggy rural highway in the southwest USA with active precipitation, red-brown pavement, very few varied-colored SUVs, and one gray Ford F150 truck; a motorcycle is also visible from street level.",f5ddba02-4295-48d9-8ad5-ba8583871323/bc6ba36c-aa02-4630-a0ea-4150b9b69e36/Synthetic/4b71923c-a0cc-4054-8d62-a5fc2a638793_flux_1789422908.png,rural highways,foggy,active precipitation,SUVs,very few vehicles,southwest USA,red-brown,one truck (Ford F150),gray,varied colors,street-level,motorcycle,,s3://auto-lora/f5ddba02-4295-48d9-8ad5-ba8583871323/1466b03e-841d-4c45-975e-c6900af67662/lora_weights.safetensors,$txc,test
4018d15c-dc6e-426d-90c7-e922e82c3eed,"An urban highway in the northeast USA with a sunny weather condition and active precipitation, featuring a street-level view of a moderate number of sedans in varied colors and one red Ford F150 truck, all set against a backdrop of red-brown pavement.",f5ddba02-4295-48d9-8ad5-ba8583871323/bc6ba36c-aa02-4630-a0ea-4150b9b69e36/Synthetic/4018d15c-dc6e-426d-90c7-e922e82c3eed_flux_1789426013.png,urban highways,sunny,active precipitation,sedans,moderate number of vehicles,northeast USA,red-brown,one truck (Ford F150),red,varied colors,street-level,truck,,s3://auto-lora/f5ddba02-4295-48d9-8ad5-ba8583871323/1466b03e-841d-4c45-975e-c6900af67662/lora_weights.safetensors,$txc,test
286c7e58-fc23-437f-b800-fd2849fd84cd,"An overhead view of a snowy urban highway in the southeast USA with gray pavement and clear visibility, featuring very few varied-colored sedans, one red Ford F150 truck, and a motorcycle.",f5ddba02-4295-48d9-8ad5-ba8583871323/bc6ba36c-aa02-4630-a0ea-4150b9b69e36/Synthetic/286c7e58-fc23-437f-b800-fd2849fd84cd_flux_1789423906.png,urban highways,snowy,clear,sedans,very few vehicles,southeast USA,gray,one truck (Ford F150),red,varied colors,overhead,motorcycle,,s3://auto-lora/f5ddba02-4295-48d9-8ad5-ba8583871323/1466b03e-841d-4c45-975e-c6900af67662/lora_weights.safetensors,$txc,test
4986d900-84c1-4a67-a36e-481a6cc9c178,"On a sunny day with active precipitation, a street-level view of an urban highway in the southwest USA shows a moderate number of vehicles, including one white Ford F150 truck among cars of varied colors, on a gray pavement.",f5ddba02-4295-48d9-8ad5-ba8583871323/bc6ba36c-aa02-4630-a0ea-4150b9b69e36/Synthetic/4986d900-84c1-4a67-a36e-481a6cc9c178_flux_1789423556.png,urban highways,sunny,active precipitation,trucks (Ford F150),moderate number of vehicles,southwest USA,gray,one truck (Ford F150),white,varied colors,street-level,car,,s3://auto-lora/f5ddba02-4295-48d9-8ad5-ba8583871323/1466b03e-841d-4c45-975e-c6900af67662/lora_weights.safetensors,$txc,test
608c049c-1426-43d6-abcf-b1cd4c8b0995,"An urban highway in the northeast USA with a sunny sky and active precipitation, featuring gray pavement and very few vehicles of varied colors, including one white Ford F150 truck, while a bus is the primary object of interest from a street-level perspective.",f5ddba02-4295-48d9-8ad5-ba8583871323/bc6ba36c-aa02-4630-a0ea-4150b9b69e36/Synthetic/608c049c-1426-43d6-abcf-b1cd4c8b0995_flux_1789422958.png,urban highways,sunny,active precipitation,motorcycles,very few vehicles,northeast USA,gray,one truck (Ford F150),white,varied colors,street-level,bus,,s3://auto-lora/f5ddba02-4295-48d9-8ad5-ba8583871323/1466b03e-841d-4c45-975e-c6900af67662/lora_weights.safetensors,$txc,test
f84a30d6-57fe-4851-b92e-492d7c4c8158,"An overhead view of a sunny but hazy urban highway in the southeast USA with a moderate number of motorcycles and one blue Ford F150 truck on a red-brown pavement, the motorcycles displaying varied colors.",f5ddba02-4295-48d9-8ad5-ba8583871323/bc6ba36c-aa02-4630-a0ea-4150b9b69e36/Synthetic/f84a30d6-57fe-4851-b92e-492d7c4c8158_flux_1789424286.png,urban highways,sunny,hazy,motorcycles,moderate number of vehicles,southeast USA,red-brown,one truck (Ford F150),blue,varied colors,overhead,motorcycle,,s3://auto-lora/f5ddba02-4295-48d9-8ad5-ba8583871323/1466b03e-841d-4c45-975e-c6900af67662/lora_weights.safetensors,$txc,test
43f3d6e3-7b0b-4076-a4aa-10d000e7d11e,"An urban highway in the southwest USA with a snowy, hazy environment, featuring a street-level view of a moderate number of sedans in varied colors and one blue Ford F150 truck, all driving on a red-brown pavement.",f5ddba02-4295-48d9-8ad5-ba8583871323/bc6ba36c-aa02-4630-a0ea-4150b9b69e36/Synthetic/43f3d6e3-7b0b-4076-a4aa-10d000e7d11e_flux_1789423873.png,urban highways,snowy,hazy,sedans,moderate number of vehicles,southwest USA,red-brown,one truck (Ford F150),blue,varied colors,street-level,truck,,s3://auto-lora/f5ddba02-4295-48d9-8ad5-ba8583871323/1466b03e-841d-4c45-975e-c6900af67662/lora_weights.safetensors,$txc,test
73c482bc-aee4-4337-846c-3f3b949a7a8f,"An urban highway in the southwest USA with gray pavement and hazy rainy conditions features a street-level view of very few vehicles, including one gray Ford F150 truck, and a motorcycle in the scene.",f5ddba02-4295-48d9-8ad5-ba8583871323/bc6ba36c-aa02-4630-a0ea-4150b9b69e36/Synthetic/73c482bc-aee4-4337-846c-3f3b949a7a8f_flux_1789423106.png,urban highways,rainy,hazy,trucks (Ford F150),very few vehicles,southwest USA,gray,one truck (Ford F150),gray,varied colors,street-level,motorcycle,,s3://auto-lora/f5ddba02-4295-48d9-8ad5-ba8583871323/1466b03e-841d-4c45-975e-c6900af67662/lora_weights.safetensors,$txc,test
d81131bb-9ea6-4968-8d68-ac14b8819db6,"An overhead view of a snowy, hazy urban highway in the southeast USA with red-brown pavement, featuring very few vehicles and one blue Ford F150 truck as the primary point of interest.",f5ddba02-4295-48d9-8ad5-ba8583871323/bc6ba36c-aa02-4630-a0ea-4150b9b69e36/Synthetic/d81131bb-9ea6-4968-8d68-ac14b8819db6_flux_1789424133.png,urban highways,snowy,hazy,buses,very few vehicles,southeast USA,red-brown,one truck (Ford F150),blue,varied colors,overhead,truck,,s3://auto-lora/f5ddba02-4295-48d9-8ad5-ba8583871323/1466b03e-841d-4c45-975e-c6900af67662/lora_weights.safetensors,$txc,test
f2609e48-7f9d-40c2-9df7-e48c2d462904,"An overhead view of a snowy urban highway in the southeast USA with clear visibility and a high density of buses, one black Ford F150 truck, and vehicles of varied colors lining the gray pavement.",f5ddba02-4295-48d9-8ad5-ba8583871323/bc6ba36c-aa02-4630-a0ea-4150b9b69e36/Synthetic/f2609e48-7f9d-40c2-9df7-e48c2d462904_flux_1789424340.png,urban highways,snowy,clear,buses,high density of vehicles,southeast USA,gray,one truck (Ford F150),black,varied colors,overhead,bus,,s3://auto-lora/f5ddba02-4295-48d9-8ad5-ba8583871323/1466b03e-841d-4c45-975e-c6900af67662/lora_weights.safetensors,$txc,test
783e0a85-c9da-4768-9b83-89389e0ecd71,"A foggy urban highway in the southeast USA with gray pavement and moderate number of vehicles, featuring one red Ford F150 truck at street level among varied vehicle colors.",f5ddba02-4295-48d9-8ad5-ba8583871323/bc6ba36c-aa02-4630-a0ea-4150b9b69e36/Synthetic/783e0a85-c9da-4768-9b83-89389e0ecd71_flux_1789426622.png,urban highways,foggy,clear,trucks (Ford F150),moderate number of vehicles,southeast USA,gray,one truck (Ford F150),red,varied colors,street-level,truck,,s3://auto-lora/f5ddba02-4295-48d9-8ad5-ba8583871323/1466b03e-841d-4c45-975e-c6900af67662/lora_weights.safetensors,$txc,test
292fde30-c4f1-4a4a-8538-91e00abafb28,"An overhead view of a rural highway in the southwest USA with a snowy environment and clear visibility, featuring a gray Ford F150 truck on a gray pavement and very few vehicles of varied colors.",f5ddba02-4295-48d9-8ad5-ba8583871323/bc6ba36c-aa02-4630-a0ea-4150b9b69e36/Synthetic/292fde30-c4f1-4a4a-8538-91e00abafb28_flux_1789426585.png,rural highways,snowy,clear,trucks (Ford F150),very few vehicles,southwest USA,gray,one truck (Ford F150),gray,varied colors,overhead,truck,,s3://auto-lora/f5ddba02-4295-48d9-8ad5-ba8583871323/1466b03e-841d-4c45-975e-c6900af67662/lora_weights.safetensors,$txc,test
cb0f03ae-aa59-4d47-b4b0-c0a41a28b217,"An urban highway in the southwest USA with a high density of SUVs and varied vehicle colors under sunny, clear weather conditions; the pavement is red-brown and a Ford F150 truck in blue can be seen at street level.",f5ddba02-4295-48d9-8ad5-ba8583871323/bc6ba36c-aa02-4630-a0ea-4150b9b69e36/Synthetic/cb0f03ae-aa59-4d47-b4b0-c0a41a28b217_flux_1789425415.png,urban highways,sunny,clear,SUVs,high density of vehicles,southwest USA,red-brown,one truck (Ford F150),blue,varied colors,street-level,truck,,s3://auto-lora/f5ddba02-4295-48d9-8ad5-ba8583871323/1466b03e-841d-4c45-975e-c6900af67662/lora_weights.safetensors,$txc,test
792470d1-004f-4f6b-a18d-41d9288cb346,"An overhead view of a snowy urban highway in the southeast USA with active precipitation, featuring a high density of buses and varied colored vehicles, including one white Ford F150 truck, where a motorcycle is also visible on the gray pavement.",f5ddba02-4295-48d9-8ad5-ba8583871323/bc6ba36c-aa02-4630-a0ea-4150b9b69e36/Synthetic/792470d1-004f-4f6b-a18d-41d9288cb346_flux_1789426062.png,urban highways,snowy,active precipitation,buses,high density of vehicles,southeast USA,gray,one truck (Ford F150),white,varied colors,overhead,motorcycle,,s3://auto-lora/f5ddba02-4295-48d9-8ad5-ba8583871323/1466b03e-841d-4c45-975e-c6900af67662/lora_weights.safetensors,$txc,test
ad16162a-7e7b-4ad8-ae94-dcccd3ea46e1,"An urban highway in the southwest USA with active snow precipitation and high density of varied colored sedans, one gray Ford F150 truck, and red-brown pavement, viewed from street level, where a bus is the primary object of interest.",f5ddba02-4295-48d9-8ad5-ba8583871323/bc6ba36c-aa02-4630-a0ea-4150b9b69e36/Synthetic/ad16162a-7e7b-4ad8-ae94-dcccd3ea46e1_flux_1789424980.png,urban highways,snowy,active precipitation,sedans,high density of vehicles,southwest USA,red-brown,one truck (Ford F150),gray,varied colors,street-level,bus,,s3://auto-lora/f5ddba02-4295-48d9-8ad5-ba8583871323/1466b03e-841d-4c45-975e-c6900af67662/lora_weights.safetensors,$txc,test
b9f6110b-3ccb-477d-84ef-b222cc08dbd6,"An overhead view of rural highways in the southwest USA with a snowy, hazy environment; moderate number of vehicles including varied colored cars and one blue Ford F150 truck on red-brown pavement.",f5ddba02-4295-48d9-8ad5-ba8583871323/bc6ba36c-aa02-4630-a0ea-4150b9b69e36/Synthetic/b9f6110b-3ccb-477d-84ef-b222cc08dbd6_flux_1789423646.png,rural highways,snowy,hazy,trucks (Ford F150),moderate number of vehicles,southwest USA,red-brown,one truck (Ford F150),blue,varied colors,overhead,car,,s3://auto-lora/f5ddba02-4295-48d9-8ad5-ba8583871323/1466b03e-841d-4c45-975e-c6900af67662/lora_weights.safetensors,$txc,test
8f5dab91-c718-4cfa-abb7-2c4b2c2d08fb,"A rural highway in the southwest USA with a snowy, hazy environment, features red-brown pavement, and very few motorcycles visible from street level; one blue Ford F150 truck is also present, and motorcycles vary in color.",f5ddba02-4295-48d9-8ad5-ba8583871323/bc6ba36c-aa02-4630-a0ea-4150b9b69e36/Synthetic/8f5dab91-c718-4cfa-abb7-2c4b2c2d08fb_flux_1789423807.png,rural highways,snowy,hazy,motorcycles,very few vehicles,southwest USA,red-brown,one truck (Ford F150),blue,varied colors,street-level,motorcycle,,s3://auto-lora/f5ddba02-4295-48d9-8ad5-ba8583871323/1466b03e-841d-4c45-975e-c6900af67662/lora_weights.safetensors,$txc,test
687ff725-f072-4801-b752-97a67a69761d,"A foggy rural highway in the southwest USA with a high density of varied-colored sedans at street level, a red-brown pavement, and one white Ford F150 truck passing by.",f5ddba02-4295-48d9-8ad5-ba8583871323/bc6ba36c-aa02-4630-a0ea-4150b9b69e36/Synthetic/687ff725-f072-4801-b752-97a67a69761d_flux_1789423832.png,rural highways,foggy,clear,sedans,high density of vehicles,southwest USA,red-brown,one truck (Ford F150),white,varied colors,street-level,car,,s3://auto-lora/f5ddba02-4295-48d9-8ad5-ba8583871323/1466b03e-841d-4c45-975e-c6900af67662/lora_weights.safetensors,$txc,test
8e38ff21-8971-4ff0-9af7-e38f1e04a7e6,"An urban highway in the southwest USA with foggy conditions and active precipitation, showing a street-level view of gray pavement and a moderate number of buses, one white Ford F150 truck, and variously colored vehicles passing by.",f5ddba02-4295-48d9-8ad5-ba8583871323/bc6ba36c-aa02-4630-a0ea-4150b9b69e36/Synthetic/8e38ff21-8971-4ff0-9af7-e38f1e04a7e6_flux_1789424879.png,urban highways,foggy,active precipitation,buses,moderate number of vehicles,southwest USA,gray,one truck (Ford F150),white,varied colors,street-level,car,,s3://auto-lora/f5ddba02-4295-48d9-8ad5-ba8583871323/1466b03e-841d-4c45-975e-c6900af67662/lora_weights.safetensors,$txc,test
6f95f4eb-300a-4064-9f24-327f2c62949b,"An overhead view of a rainy, hazy urban highway in the southeast USA with red-brown pavement, very few motorcycles scattered along the road, and one red Ford F150 truck, while vehicles display varied colors.",f5ddba02-4295-48d9-8ad5-ba8583871323/bc6ba36c-aa02-4630-a0ea-4150b9b69e36/Synthetic/6f95f4eb-300a-4064-9f24-327f2c62949b_flux_1789426025.png,urban highways,rainy,hazy,motorcycles,very few vehicles,southeast USA,red-brown,one truck (Ford F150),red,varied colors,overhead,motorcycle,,s3://auto-lora/f5ddba02-4295-48d9-8ad5-ba8583871323/1466b03e-841d-4c45-975e-c6900af67662/lora_weights.safetensors,$txc,test
7cc1be2f-e5a4-4104-9d6d-ccb9fc3a5a07,"A rural highway in the northeast USA with sunny and clear weather, gray pavement, and very few vehicles; one red Ford F150 truck is present, while other vehicles have varied colors, viewed from street level.",f5ddba02-4295-48d9-8ad5-ba8583871323/bc6ba36c-aa02-4630-a0ea-4150b9b69e36/Synthetic/7cc1be2f-e5a4-4104-9d6d-ccb9fc3a5a07_flux_1789423655.png,rural highways,sunny,clear,trucks (Ford F150),very few vehicles,northeast USA,gray,one truck (Ford F150),red,varied colors,street-level,car,,s3://auto-lora/f5ddba02-4295-48d9-8ad5-ba8583871323/1466b03e-841d-4c45-975e-c6900af67662/lora_weights.safetensors,$txc,test
8fa577cc-4594-4856-a9d1-c916686cfc80,"An overhead view of rural highways in the southwest USA with sunny and clear conditions, featuring a moderate number of buses and varied colored vehicles, including one red Ford F150 truck, all traveling on gray pavement.",f5ddba02-4295-48d9-8ad5-ba8583871323/bc6ba36c-aa02-4630-a0ea-4150b9b69e36/Synthetic/8fa577cc-4594-4856-a9d1-c916686cfc80_flux_1789425750.png,rural highways,sunny,clear,buses,moderate number of vehicles,southwest USA,gray,one truck (Ford F150),red,varied colors,overhead,car,,s3://auto-lora/f5ddba02-4295-48d9-8ad5-ba8583871323/1466b03e-841d-4c45-975e-c6900af67662/lora_weights.safetensors,$txc,test
441f8759-5c0c-485a-a8a7-6545fea89aab,"An urban highway in the northeast USA with a sunny but hazy sky, featuring a street-level view of gray pavement and a moderate number of sedans, including one black Ford F150 truck, with varied colored vehicles in the background.",f5ddba02-4295-48d9-8ad5-ba8583871323/bc6ba36c-aa02-4630-a0ea-4150b9b69e36/Synthetic/441f8759-5c0c-485a-a8a7-6545fea89aab_flux_1789424406.png,urban highways,sunny,hazy,sedans,moderate number of vehicles,northeast USA,gray,one truck (Ford F150),black,varied colors,street-level,truck,,s3://auto-lora/f5ddba02-4295-48d9-8ad5-ba8583871323/1466b03e-841d-4c45-975e-c6900af67662/lora_weights.safetensors,$txc,test
91a4d940-73f7-4597-b0c3-933f445eeafc,"An overhead view of a sunny but hazy urban highway in the southwest USA with a moderate number of sedans and a red-brown pavement; one blue Ford F150 truck is present, and various colored vehicles are visible, with a motorcycle as the object of interest.",f5ddba02-4295-48d9-8ad5-ba8583871323/bc6ba36c-aa02-4630-a0ea-4150b9b69e36/Synthetic/91a4d940-73f7-4597-b0c3-933f445eeafc_flux_1789426157.png,urban highways,sunny,hazy,sedans,moderate number of vehicles,southwest USA,red-brown,one truck (Ford F150),blue,varied colors,overhead,motorcycle,,s3://auto-lora/f5ddba02-4295-48d9-8ad5-ba8583871323/1466b03e-841d-4c45-975e-c6900af67662/lora_weights.safetensors,$txc,test
729fed3c-5581-4353-b4d0-2fc2991d1aa5,An overhead view of rural highways in the southwest USA with a high density of vehicles and foggy conditions resulting in hazy visibility; one gray Ford F150 truck stands out among variously colored vehicles on a red-brown pavement.,f5ddba02-4295-48d9-8ad5-ba8583871323/bc6ba36c-aa02-4630-a0ea-4150b9b69e36/Synthetic/729fed3c-5581-4353-b4d0-2fc2991d1aa5_flux_1789426363.png,rural highways,foggy,hazy,trucks (Ford F150),high density of vehicles,southwest USA,red-brown,one truck (Ford F150),gray,varied colors,overhead,truck,,s3://auto-lora/f5ddba02-4295-48d9-8ad5-ba8583871323/1466b03e-841d-4c45-975e-c6900af67662/lora_weights.safetensors,$txc,test
a186b9cc-e3af-4215-a855-5c17935d32a7,"An overhead view of a snowy urban highway in the northeast USA with active precipitation, featuring a high density of varied colored sedans and one red Ford F150 truck, where the pavement has a red-brown color and a bus is also present among the traffic.",f5ddba02-4295-48d9-8ad5-ba8583871323/bc6ba36c-aa02-4630-a0ea-4150b9b69e36/Synthetic/a186b9cc-e3af-4215-a855-5c17935d32a7_flux_1789423498.png,urban highways,snowy,active precipitation,sedans,high density of vehicles,northeast USA,red-brown,one truck (Ford F150),red,varied colors,overhead,bus,,s3://auto-lora/f5ddba02-4295-48d9-8ad5-ba8583871323/1466b03e-841d-4c45-975e-c6900af67662/lora_weights.safetensors,$txc,test
be95d237-af92-44e6-b5d1-a7756021c14c,"An overhead view of a foggy rural highway in the northeast USA with active precipitation, featuring a high density of motorcycles and a red Ford F150 truck, all on a gray pavement.",f5ddba02-4295-48d9-8ad5-ba8583871323/bc6ba36c-aa02-4630-a0ea-4150b9b69e36/Synthetic/be95d237-af92-44e6-b5d1-a7756021c14c_flux_1789423349.png,rural highways,foggy,active precipitation,motorcycles,high density of vehicles,northeast USA,gray,one truck (Ford F150),red,varied colors,overhead,truck,,s3://auto-lora/f5ddba02-4295-48d9-8ad5-ba8583871323/1466b03e-841d-4c45-975e-c6900af67662/lora_weights.safetensors,$txc,test
d8c64040-bf74-4369-a70e-655af8feeb8f,"A rural highway in the southeast USA with a snowy, hazy environment; red-brown pavement is visible under street-level angle, featuring a moderate number of SUVs in varied colors and one black Ford F150 truck, with a motorcycle also present.",f5ddba02-4295-48d9-8ad5-ba8583871323/bc6ba36c-aa02-4630-a0ea-4150b9b69e36/Synthetic/d8c64040-bf74-4369-a70e-655af8feeb8f_flux_1789426388.png,rural highways,snowy,hazy,SUVs,moderate number of vehicles,southeast USA,red-brown,one truck (Ford F150),black,varied colors,street-level,motorcycle,,s3://auto-lora/f5ddba02-4295-48d9-8ad5-ba8583871323/1466b03e-841d-4c45-975e-c6900af67662/lora_weights.safetensors,$txc,test
58c5e94b-2e41-4d08-b6cf-515521419d83,"An overhead view of a rural highway in the northeast USA with a foggy, hazy weather condition, featuring very few vehicles of varied colors including buses and one gray Ford F150 truck, the pavement is red-brown and an additional object of interest is a motorcycle present in the scene.",f5ddba02-4295-48d9-8ad5-ba8583871323/bc6ba36c-aa02-4630-a0ea-4150b9b69e36/Synthetic/58c5e94b-2e41-4d08-b6cf-515521419d83_flux_1789426273.png,rural highways,foggy,hazy,buses,very few vehicles,northeast USA,red-brown,one truck (Ford F150),gray,varied colors,overhead,motorcycle,,s3://auto-lora/f5ddba02-4295-48d9-8ad5-ba8583871323/1466b03e-841d-4c45-975e-c6900af67662/lora_weights.safetensors,$txc,test
afe70cd7-4a98-4802-ba5b-03e395b2702c,"An urban highway in the southeast USA with a foggy, hazy weather condition, featuring a street-level view of moderate number of SUVs and one red Ford F150 truck, with varied vehicle colors on the red-brown pavement.",f5ddba02-4295-48d9-8ad5-ba8583871323/bc6ba36c-aa02-4630-a0ea-4150b9b69e36/Synthetic/afe70cd7-4a98-4802-ba5b-03e395b2702c_flux_1789422962.png,urban highways,foggy,hazy,SUVs,moderate number of vehicles,southeast USA,red-brown,one truck (Ford F150),red,varied colors,street-level,truck,,s3://auto-lora/f5ddba02-4295-48d9-8ad5-ba8583871323/1466b03e-841d-4c45-975e-c6900af67662/lora_weights.safetensors,$txc,test
933ff2df-d539-4630-b049-8f7cdbaed5b9,"An overhead view of rural highways in the southwest USA with foggy weather and active precipitation, showing a moderate number of motorcycles of varied colors, one blue Ford F150 truck, and red-brown pavement.",f5ddba02-4295-48d9-8ad5-ba8583871323/bc6ba36c-aa02-4630-a0ea-4150b9b69e36/Synthetic/933ff2df-d539-4630-b049-8f7cdbaed5b9_flux_1789423489.png,rural highways,foggy,active precipitation,motorcycles,moderate number of vehicles,southwest USA,red-brown,one truck (Ford F150),blue,varied colors,overhead,motorcycle,,s3://auto-lora/f5ddba02-4295-48d9-8ad5-ba8583871323/1466b03e-841d-4c45-975e-c6900af67662/lora_weights.safetensors,$txc,test
0466a6b8-4baf-487c-9326-3a29adfc598f,"An overhead view of a rural highway in the southeast USA with a sunny but hazy sky, gray pavement, and very few motorcycles scattered along the road; one blue Ford F150 truck is present, and cars are the primary focus of interest.",f5ddba02-4295-48d9-8ad5-ba8583871323/bc6ba36c-aa02-4630-a0ea-4150b9b69e36/Synthetic/0466a6b8-4baf-487c-9326-3a29adfc598f_flux_1789422706.png,rural highways,sunny,hazy,motorcycles,very few vehicles,southeast USA,gray,one truck (Ford F150),blue,varied colors,overhead,car,,s3://auto-lora/f5ddba02-4295-48d9-8ad5-ba8583871323/1466b03e-841d-4c45-975e-c6900af67662/lora_weights.safetensors,$txc,test
8aea116e-8753-4c7d-8d57-dbb9171a78e7,"An overhead view of a foggy urban highway in the southwest USA with hazy visibility and red-brown pavement, featuring very few vehicles including one white Ford F150 truck and varied colored cars, with a bus also present as an object of interest.",f5ddba02-4295-48d9-8ad5-ba8583871323/bc6ba36c-aa02-4630-a0ea-4150b9b69e36/Synthetic/8aea116e-8753-4c7d-8d57-dbb9171a78e7_flux_1789424629.png,urban highways,foggy,hazy,trucks (Ford F150),very few vehicles,southwest USA,red-brown,one truck (Ford F150),white,varied colors,overhead,bus,,s3://auto-lora/f5ddba02-4295-48d9-8ad5-ba8583871323/1466b03e-841d-4c45-975e-c6900af67662/lora_weights.safetensors,$txc,test
db9257ef-8824-44df-b101-616c142c1159,"A foggy rural highway in the northeast USA with hazy visibility and a moderate number of buses, a black Ford F150 truck, and vehicles of varied colors visible from street level, set against a backdrop of red-brown pavement.",f5ddba02-4295-48d9-8ad5-ba8583871323/bc6ba36c-aa02-4630-a0ea-4150b9b69e36/Synthetic/db9257ef-8824-44df-b101-616c142c1159_flux_1789426598.png,rural highways,foggy,hazy,buses,moderate number of vehicles,northeast USA,red-brown,one truck (Ford F150),black,varied colors,street-level,car,,s3://auto-lora/f5ddba02-4295-48d9-8ad5-ba8583871323/1466b03e-841d-4c45-975e-c6900af67662/lora_weights.safetensors,$txc,test
de7b1ab6-2dc9-4f9b-b040-3cb0a4878479,"A rural highway in the northeast USA with a snowy, clear weather condition and high density of motorcycles visible from street level; the pavement is red-brown and a gray Ford F150 truck is present; vehicle colors are varied and there is one truck of interest.",f5ddba02-4295-48d9-8ad5-ba8583871323/bc6ba36c-aa02-4630-a0ea-4150b9b69e36/Synthetic/de7b1ab6-2dc9-4f9b-b040-3cb0a4878479_flux_1789426297.png,rural highways,snowy,clear,motorcycles,high density of vehicles,northeast USA,red-brown,one truck (Ford F150),gray,varied colors,street-level,car,,s3://auto-lora/f5ddba02-4295-48d9-8ad5-ba8583871323/1466b03e-841d-4c45-975e-c6900af67662/lora_weights.safetensors,$txc,test
409c48b9-02dc-4c39-adf7-4f9d4e82aed1,"An overhead view of a sunny urban highway in the northeast USA with clear visibility, featuring a moderate number of vehicles and one blue Ford F150 truck on a red-brown pavement.",f5ddba02-4295-48d9-8ad5-ba8583871323/bc6ba36c-aa02-4630-a0ea-4150b9b69e36/Synthetic/409c48b9-02dc-4c39-adf7-4f9d4e82aed1_flux_1789426166.png,urban highways,sunny,clear,trucks (Ford F150),moderate number of vehicles,northeast USA,red-brown,one truck (Ford F150),blue,varied colors,overhead,truck,,s3://auto-lora/f5ddba02-4295-48d9-8ad5-ba8583871323/1466b03e-841d-4c45-975e-c6900af67662/lora_weights.safetensors,$txc,test
7000e894-7f21-4e31-bf79-d939df689f9b,"A snowy rural highway in the southwest USA with active precipitation, featuring a street-level view of moderate SUV traffic and one red Ford F150 truck, set against a backdrop of red-brown pavement.",f5ddba02-4295-48d9-8ad5-ba8583871323/bc6ba36c-aa02-4630-a0ea-4150b9b69e36/Synthetic/7000e894-7f21-4e31-bf79-d939df689f9b_flux_1789423237.png,rural highways,snowy,active precipitation,SUVs,moderate number of vehicles,southwest USA,red-brown,one truck (Ford F150),red,varied colors,street-level,truck,,s3://auto-lora/f5ddba02-4295-48d9-8ad5-ba8583871323/1466b03e-841d-4c45-975e-c6900af67662/lora_weights.safetensors,$txc,test
3cff9b7b-0232-43cd-9fdd-32f00e3ec76a,"A rural highway in the southwest USA with a high density of SUVs and varied vehicle colors, the pavement is red-brown, one gray Ford F150 truck is present, and visibility is clear despite rainy weather; the street-level view also includes a bus as an object of interest.",f5ddba02-4295-48d9-8ad5-ba8583871323/bc6ba36c-aa02-4630-a0ea-4150b9b69e36/Synthetic/3cff9b7b-0232-43cd-9fdd-32f00e3ec76a_flux_1789424875.png,rural highways,rainy,clear,SUVs,high density of vehicles,southwest USA,red-brown,one truck (Ford F150),gray,varied colors,street-level,bus,,s3://auto-lora/f5ddba02-4295-48d9-8ad5-ba8583871323/1466b03e-841d-4c45-975e-c6900af67662/lora_weights.safetensors,$txc,test
50fcabf9-2da1-4994-ab9a-5ff71e16d2f9,"An urban highway in the southeast USA with red-brown pavement and clear visibility despite rainy weather conditions, featuring very few vehicles and one black Ford F150 truck at street level.",f5ddba02-4295-48d9-8ad5-ba8583871323/bc6ba36c-aa02-4630-a0ea-4150b9b69e36/Synthetic/50fcabf9-2da1-4994-ab9a-5ff71e16d2f9_flux_1789423032.png,urban highways,rainy,clear,SUVs,very few vehicles,southeast USA,red-brown,one truck (Ford F150),black,varied colors,street-level,truck,,s3://auto-lora/f5ddba02-4295-48d9-8ad5-ba8583871323/1466b03e-841d-4c45-975e-c6900af67662/lora_weights.safetensors,$txc,test
a5b389fe-dd4a-4497-ac23-ed96dba035d8,"A rural highway in the southeast USA with gray pavement and active snow precipitation has very few sedans and one gray Ford F150 truck; the street-level view shows varied vehicle colors and an object of interest, a bus, in the scene.",f5ddba02-4295-48d9-8ad5-ba8583871323/bc6ba36c-aa02-4630-a0ea-4150b9b69e36/Synthetic/a5b389fe-dd4a-4497-ac23-ed96dba035d8_flux_1789423943.png,rural highways,snowy,active precipitation,sedans,very few vehicles,southeast USA,gray,one truck (Ford F150),gray,varied colors,street-level,bus,,s3://auto-lora/f5ddba02-4295-48d9-8ad5-ba8583871323/1466b03e-841d-4c45-975e-c6900af67662/lora_weights.safetensors,$txc,test
8f8c1f9a-c03a-4915-b570-f93e4e904092,"A rural highway in the southeast USA with gray pavement and hazy visibility due to rainy weather; very few motorcycles are visible from street level, one gray Ford F150 truck is present, and a bus stands out as an object of interest.",f5ddba02-4295-48d9-8ad5-ba8583871323/bc6ba36c-aa02-4630-a0ea-4150b9b69e36/Synthetic/8f8c1f9a-c03a-4915-b570-f93e4e904092_flux_1789423044.png,rural highways,rainy,hazy,motorcycles,very few vehicles,southeast USA,gray,one truck (Ford F150),gray,varied colors,street-level,bus,,s3://auto-lora/f5ddba02-4295-48d9-8ad5-ba8583871323/1466b03e-841d-4c45-975e-c6900af67662/lora_weights.safetensors,$txc,test
ee9d80ff-2f38-446d-9c93-95ab9c8d172b,"An urban highway in the northeast USA with red-brown pavement and snowy weather, showing street-level view of very few vehicles including varied colored SUVs and one white Ford F150 truck, with clear visibility and a motorcycle as the primary object of interest.",f5ddba02-4295-48d9-8ad5-ba8583871323/bc6ba36c-aa02-4630-a0ea-4150b9b69e36/Synthetic/ee9d80ff-2f38-446d-9c93-95ab9c8d172b_flux_1789426470.png,urban highways,snowy,clear,SUVs,very few vehicles,northeast USA,red-brown,one truck (Ford F150),white,varied colors,street-level,motorcycle,,s3://auto-lora/f5ddba02-4295-48d9-8ad5-ba8583871323/1466b03e-841d-4c45-975e-c6900af67662/lora_weights.safetensors,$txc,test
80ae5c55-f233-412a-b227-eea89efe5142,"An overhead view of a foggy rural highway in the southwest USA with active precipitation, featuring a high density of SUVs in varied colors and one gray Ford F150 truck, where the gray pavement is barely visible due to the fog and numerous vehicles, with a motorcycle as the object of interest.",f5ddba02-4295-48d9-8ad5-ba8583871323/bc6ba36c-aa02-4630-a0ea-4150b9b69e36/Synthetic/80ae5c55-f233-412a-b227-eea89efe5142_flux_1789424261.png,rural highways,foggy,active precipitation,SUVs,high density of vehicles,southwest USA,gray,one truck (Ford F150),gray,varied colors,overhead,motorcycle,,s3://auto-lora/f5ddba02-4295-48d9-8ad5-ba8583871323/1466b03e-841d-4c45-975e-c6900af67662/lora_weights.safetensors,$txc,test
fcb29f29-8e7a-4d8f-89f5-59f10a57458e,"An urban highway in the southwest USA with foggy conditions and active precipitation, street-level view shows very few motorcycles and one red Ford F150 truck as the primary focus on the red-brown pavement.",f5ddba02-4295-48d9-8ad5-ba8583871323/bc6ba36c-aa02-4630-a0ea-4150b9b69e36/Synthetic/fcb29f29-8e7a-4d8f-89f5-59f10a57458e_flux_1789425218.png,urban highways,foggy,active precipitation,motorcycles,very few vehicles,southwest USA,red-brown,one truck (Ford F150),red,varied colors,street-level,truck,,s3://auto-lora/f5ddba02-4295-48d9-8ad5-ba8583871323/1466b03e-841d-4c45-975e-c6900af67662/lora_weights.safetensors,$txc,test
1f523b57-9658-4f89-9095-4b4b3d3824aa,"An urban highway in the southwest USA with a snowy but clear environment, featuring a street-level view of a moderate number of motorcycles in varied colors and one black Ford F150 truck, set against a red-brown pavement, with cars as the primary focus of interest.",f5ddba02-4295-48d9-8ad5-ba8583871323/bc6ba36c-aa02-4630-a0ea-4150b9b69e36/Synthetic/1f523b57-9658-4f89-9095-4b4b3d3824aa_flux_1789425713.png,urban highways,snowy,clear,motorcycles,moderate number of vehicles,southwest USA,red-brown,one truck (Ford F150),black,varied colors,street-level,car,,s3://auto-lora/f5ddba02-4295-48d9-8ad5-ba8583871323/1466b03e-841d-4c45-975e-c6900af67662/lora_weights.safetensors,$txc,test
fd4b81bf-b6ba-4999-9565-915ff86e2bcf,"An overhead view of a rural highway in the northeast USA with a rainy, hazy environment; the pavement is red-brown and there are very few varied-colored sedans present. A white Ford F150 truck is also visible.",f5ddba02-4295-48d9-8ad5-ba8583871323/bc6ba36c-aa02-4630-a0ea-4150b9b69e36/Synthetic/fd4b81bf-b6ba-4999-9565-915ff86e2bcf_flux_1789424427.png,rural highways,rainy,hazy,sedans,very few vehicles,northeast USA,red-brown,one truck (Ford F150),white,varied colors,overhead,car,,s3://auto-lora/f5ddba02-4295-48d9-8ad5-ba8583871323/1466b03e-841d-4c45-975e-c6900af67662/lora_weights.safetensors,$txc,test
b6db0957-d01f-4b2a-af28-b6d8932f12a7,"An overhead view of a foggy urban highway in the southeast USA with hazy visibility and a high density of motorcycles of varied colors, one white Ford F150 truck, and red-brown pavement.",f5ddba02-4295-48d9-8ad5-ba8583871323/bc6ba36c-aa02-4630-a0ea-4150b9b69e36/Synthetic/b6db0957-d01f-4b2a-af28-b6d8932f12a7_flux_1789423225.png,urban highways,foggy,hazy,motorcycles,high density of vehicles,southeast USA,red-brown,one truck (Ford F150),white,varied colors,overhead,motorcycle,,s3://auto-lora/f5ddba02-4295-48d9-8ad5-ba8583871323/1466b03e-841d-4c45-975e-c6900af67662/lora_weights.safetensors,$txc,test
3484f7e6-2403-48b8-a602-4bdc0a73f046,"An overhead view of foggy urban highways in the northeast USA with clear patches of red-brown pavement, a moderate number of buses, one white Ford F150 truck, and vehicles of varied colors.",f5ddba02-4295-48d9-8ad5-ba8583871323/bc6ba36c-aa02-4630-a0ea-4150b9b69e36/Synthetic/3484f7e6-2403-48b8-a602-4bdc0a73f046_flux_1789422776.png,urban highways,foggy,clear,buses,moderate number of vehicles,northeast USA,red-brown,one truck (Ford F150),white,varied colors,overhead,truck,,s3://auto-lora/f5ddba02-4295-48d9-8ad5-ba8583871323/1466b03e-841d-4c45-975e-c6900af67662/lora_weights.safetensors,$txc,test
2216ab08-35ac-4a5e-9d28-06ddbcb12c96,"An urban highway in the southwest USA with a snowy but clear environment, featuring a moderate number of motorcycles in varied colors and one black Ford F150 truck, where the pavement has a red-brown color and the view is taken from street level with a bus as the object of interest.",f5ddba02-4295-48d9-8ad5-ba8583871323/bc6ba36c-aa02-4630-a0ea-4150b9b69e36/Synthetic/2216ab08-35ac-4a5e-9d28-06ddbcb12c96_flux_1789426281.png,urban highways,snowy,clear,motorcycles,moderate number of vehicles,southwest USA,red-brown,one truck (Ford F150),black,varied colors,street-level,bus,,s3://auto-lora/f5ddba02-4295-48d9-8ad5-ba8583871323/1466b03e-841d-4c45-975e-c6900af67662/lora_weights.safetensors,$txc,test
4f49007f-a328-41c8-8e0b-a1e121160615,"An overhead view of a foggy urban highway in the northeast USA with a high density of buses and varied vehicle colors, one red Ford F150 truck, and red-brown pavement stretching into the distance.",f5ddba02-4295-48d9-8ad5-ba8583871323/bc6ba36c-aa02-4630-a0ea-4150b9b69e36/Synthetic/4f49007f-a328-41c8-8e0b-a1e121160615_flux_1789422788.png,urban highways,foggy,clear,buses,high density of vehicles,northeast USA,red-brown,one truck (Ford F150),red,varied colors,overhead,bus,,s3://auto-lora/f5ddba02-4295-48d9-8ad5-ba8583871323/1466b03e-841d-4c45-975e-c6900af67662/lora_weights.safetensors,$txc,test
83b51aef-2bdc-406b-b754-943827571f8a,"An overhead view of rural highways in the northeast USA during rainy weather with active precipitation, featuring a moderate number of sedans in varied colors, one blue Ford F150 truck, and visible gray pavement, where the primary point of interest is a bus present on the scene.",f5ddba02-4295-48d9-8ad5-ba8583871323/bc6ba36c-aa02-4630-a0ea-4150b9b69e36/Synthetic/83b51aef-2bdc-406b-b754-943827571f8a_flux_1789424755.png,rural highways,rainy,active precipitation,sedans,moderate number of vehicles,northeast USA,gray,one truck (Ford F150),blue,varied colors,overhead,bus,,s3://auto-lora/f5ddba02-4295-48d9-8ad5-ba8583871323/1466b03e-841d-4c45-975e-c6900af67662/lora_weights.safetensors,$txc,test
ddfecc61-5818-4cd9-b2a0-7681c9af72c6,"An overhead view of a foggy urban highway in the northeast USA with high density of motorcycles and varied vehicle colors, active precipitation, red-brown pavement, and one red Ford F150 truck; a bus is also notable in the scene.",f5ddba02-4295-48d9-8ad5-ba8583871323/bc6ba36c-aa02-4630-a0ea-4150b9b69e36/Synthetic/ddfecc61-5818-4cd9-b2a0-7681c9af72c6_flux_1789426643.png,urban highways,foggy,active precipitation,motorcycles,high density of vehicles,northeast USA,red-brown,one truck (Ford F150),red,varied colors,overhead,bus,,s3://auto-lora/f5ddba02-4295-48d9-8ad5-ba8583871323/1466b03e-841d-4c45-975e-c6900af67662/lora_weights.safetensors,$txc,test
1ee0b9a5-22ac-4a48-b78c-40ca0309ba56,"A rural highway in the northeast USA with gray pavement and hazy visibility due to rainy weather, showing a moderate number of varied-colored SUVs and one blue Ford F150 truck, with a bus of interest visible from street level.",f5ddba02-4295-48d9-8ad5-ba8583871323/bc6ba36c-aa02-4630-a0ea-4150b9b69e36/Synthetic/1ee0b9a5-22ac-4a48-b78c-40ca0309ba56_flux_1789422755.png,rural highways,rainy,hazy,SUVs,moderate number of vehicles,northeast USA,gray,one truck (Ford F150),blue,varied colors,street-level,bus,,s3://auto-lora/f5ddba02-4295-48d9-8ad5-ba8583871323/1466b03e-841d-4c45-975e-c6900af67662/lora_weights.safetensors,$txc,test
8b6e444a-da90-468c-85dc-083188cfdb45,"A rural highway in the northeast USA with gray pavement and rainy weather, street-level view showing very few vehicles of varied colors, one blue Ford F150 truck, and clear visibility, with a bus as the primary object of interest.",f5ddba02-4295-48d9-8ad5-ba8583871323/bc6ba36c-aa02-4630-a0ea-4150b9b69e36/Synthetic/8b6e444a-da90-468c-85dc-083188cfdb45_flux_1789423696.png,rural highways,rainy,clear,motorcycles,very few vehicles,northeast USA,gray,one truck (Ford F150),blue,varied colors,street-level,bus,,s3://auto-lora/f5ddba02-4295-48d9-8ad5-ba8583871323/1466b03e-841d-4c45-975e-c6900af67662/lora_weights.safetensors,$txc,test
2e3cf57b-4687-4003-9223-dfcac6cec183,"An overhead view of a snowy urban highway in the southwest USA with active precipitation, featuring a moderate number of motorcycles in varied colors and one gray Ford F150 truck, set against a backdrop of red-brown pavement.",f5ddba02-4295-48d9-8ad5-ba8583871323/bc6ba36c-aa02-4630-a0ea-4150b9b69e36/Synthetic/2e3cf57b-4687-4003-9223-dfcac6cec183_flux_1789422920.png,urban highways,snowy,active precipitation,motorcycles,moderate number of vehicles,southwest USA,red-brown,one truck (Ford F150),gray,varied colors,overhead,motorcycle,,s3://auto-lora/f5ddba02-4295-48d9-8ad5-ba8583871323/1466b03e-841d-4c45-975e-c6900af67662/lora_weights.safetensors,$txc,test
872907f1-2497-4241-874d-63889fb1c378,"A rural highway in the northeast USA with sunny, clear weather, featuring a high density of vehicles including a red Ford F150 truck on a red-brown pavement from a street-level perspective.",f5ddba02-4295-48d9-8ad5-ba8583871323/bc6ba36c-aa02-4630-a0ea-4150b9b69e36/Synthetic/872907f1-2497-4241-874d-63889fb1c378_flux_1789426581.png,rural highways,sunny,clear,trucks (Ford F150),high density of vehicles,northeast USA,red-brown,one truck (Ford F150),red,varied colors,street-level,truck,,s3://auto-lora/f5ddba02-4295-48d9-8ad5-ba8583871323/1466b03e-841d-4c45-975e-c6900af67662/lora_weights.safetensors,$txc,test
81f8564d-7feb-421c-8626-ee63d87e9b36,"An overhead view of a foggy urban highway in the southwest USA with hazy visibility and a high density of varied-colored sedans, one red Ford F150 truck, and red-brown pavement.",f5ddba02-4295-48d9-8ad5-ba8583871323/bc6ba36c-aa02-4630-a0ea-4150b9b69e36/Synthetic/81f8564d-7feb-421c-8626-ee63d87e9b36_flux_1789424948.png,urban highways,foggy,hazy,sedans,high density of vehicles,southwest USA,red-brown,one truck (Ford F150),red,varied colors,overhead,truck,,s3://auto-lora/f5ddba02-4295-48d9-8ad5-ba8583871323/1466b03e-841d-4c45-975e-c6900af67662/lora_weights.safetensors,$txc,test
28b0874f-9871-4909-99fd-da24da3554a6,"An overhead view of a foggy urban highway in the southwest USA with a moderate number of varied-colored SUVs and one red Ford F150 truck, gray pavement, and a bus as the primary object of interest.",f5ddba02-4295-48d9-8ad5-ba8583871323/bc6ba36c-aa02-4630-a0ea-4150b9b69e36/Synthetic/28b0874f-9871-4909-99fd-da24da3554a6_flux_1789424187.png,urban highways,foggy,clear,SUVs,moderate number of vehicles,southwest USA,gray,one truck (Ford F150),red,varied colors,overhead,bus,,s3://auto-lora/f5ddba02-4295-48d9-8ad5-ba8583871323/1466b03e-841d-4c45-975e-c6900af67662/lora_weights.safetensors,$txc,test
fb5b8fca-0d0c-4ecb-a009-d208f83a9711,"An overhead view of an urban highway in the southwest USA during rainy weather with active precipitation, featuring a moderate number of motorcycles in varied colors and one white Ford F150 truck, set against a backdrop of red-brown pavement.",f5ddba02-4295-48d9-8ad5-ba8583871323/bc6ba36c-aa02-4630-a0ea-4150b9b69e36/Synthetic/fb5b8fca-0d0c-4ecb-a009-d208f83a9711_flux_1789424468.png,urban highways,rainy,active precipitation,motorcycles,moderate number of vehicles,southwest USA,red-brown,one truck (Ford F150),white,varied colors,overhead,motorcycle,,s3://auto-lora/f5ddba02-4295-48d9-8ad5-ba8583871323/1466b03e-841d-4c45-975e-c6900af67662/lora_weights.safetensors,$txc,test
914908c7-7c7a-4886-ad5d-655e16d240ff,"An overhead view of an urban highway in the southwest USA with active snow precipitation, featuring a moderate number of buses and one blue Ford F150 truck traveling on a gray pavement.",f5ddba02-4295-48d9-8ad5-ba8583871323/bc6ba36c-aa02-4630-a0ea-4150b9b69e36/Synthetic/914908c7-7c7a-4886-ad5d-655e16d240ff_flux_1789424447.png,urban highways,snowy,active precipitation,buses,moderate number of vehicles,southwest USA,gray,one truck (Ford F150),blue,varied colors,overhead,truck,,s3://auto-lora/f5ddba02-4295-48d9-8ad5-ba8583871323/1466b03e-841d-4c45-975e-c6900af67662/lora_weights.safetensors,$txc,test
1dd813f3-971a-443e-b9b3-4b2477668cb1,"An overhead view of a sunny, clear urban highway in the southeast USA with a high density of buses and varied colored vehicles, featuring one white Ford F150 truck, and red-brown pavement.",f5ddba02-4295-48d9-8ad5-ba8583871323/bc6ba36c-aa02-4630-a0ea-4150b9b69e36/Synthetic/1dd813f3-971a-443e-b9b3-4b2477668cb1_flux_1789425598.png,urban highways,sunny,clear,buses,high density of vehicles,southeast USA,red-brown,one truck (Ford F150),white,varied colors,overhead,car,,s3://auto-lora/f5ddba02-4295-48d9-8ad5-ba8583871323/1466b03e-841d-4c45-975e-c6900af67662/lora_weights.safetensors,$txc,test
96e986ca-a491-4b02-8498-49377b95a3e1,"An urban highway in the southwest USA with high density of sedans and varied vehicle colors, active snow precipitation reducing visibility, one black Ford F150 truck, and a motorcycle present at street-level.",f5ddba02-4295-48d9-8ad5-ba8583871323/bc6ba36c-aa02-4630-a0ea-4150b9b69e36/Synthetic/96e986ca-a491-4b02-8498-49377b95a3e1_flux_1789424001.png,urban highways,snowy,active precipitation,sedans,high density of vehicles,southwest USA,gray,one truck (Ford F150),black,varied colors,street-level,motorcycle,,s3://auto-lora/f5ddba02-4295-48d9-8ad5-ba8583871323/1466b03e-841d-4c45-975e-c6900af67662/lora_weights.safetensors,$txc,test
c85b8406-a889-490d-83fb-619cbad59e8d,"A foggy rural highway in the southeast USA with gray pavement and moderate number of varied-colored SUVs, one black Ford F150 truck, and a bus visible from street level.",f5ddba02-4295-48d9-8ad5-ba8583871323/bc6ba36c-aa02-4630-a0ea-4150b9b69e36/Synthetic/c85b8406-a889-490d-83fb-619cbad59e8d_flux_1789423163.png,rural highways,foggy,clear,SUVs,moderate number of vehicles,southeast USA,gray,one truck (Ford F150),black,varied colors,street-level,bus,,s3://auto-lora/f5ddba02-4295-48d9-8ad5-ba8583871323/1466b03e-841d-4c45-975e-c6900af67662/lora_weights.safetensors,$txc,test
4a9d2038-057f-4a77-aa23-21adae9dc0b2,An overhead view of a rural highway in the southeast USA with a high density of sedans and varied vehicle colors under sunny but hazy conditions; one black Ford F150 truck is also visible on the gray pavement.,f5ddba02-4295-48d9-8ad5-ba8583871323/bc6ba36c-aa02-4630-a0ea-4150b9b69e36/Synthetic/4a9d2038-057f-4a77-aa23-21adae9dc0b2_flux_1789425775.png,rural highways,sunny,hazy,sedans,high density of vehicles,southeast USA,gray,one truck (Ford F150),black,varied colors,overhead,car,,s3://auto-lora/f5ddba02-4295-48d9-8ad5-ba8583871323/1466b03e-841d-4c45-975e-c6900af67662/lora_weights.safetensors,$txc,test
fc162db7-4387-4c08-a935-175a80f177d2,"An overhead view of a densely packed highway in the southeast USA with gray pavement, sunny but hazy weather, and a high density of varied-colored sedans; one gray Ford F150 truck is also present, and a bus stands out as the object of interest.",f5ddba02-4295-48d9-8ad5-ba8583871323/bc6ba36c-aa02-4630-a0ea-4150b9b69e36/Synthetic/fc162db7-4387-4c08-a935-175a80f177d2_flux_1789424735.png,urban highways,sunny,hazy,sedans,high density of vehicles,southeast USA,gray,one truck (Ford F150),gray,varied colors,overhead,bus,,s3://auto-lora/f5ddba02-4295-48d9-8ad5-ba8583871323/1466b03e-841d-4c45-975e-c6900af67662/lora_weights.safetensors,$txc,test
83445b89-cc5f-426a-b57d-ed8d971b9b16,"An overhead view of an urban highway in the southeast USA with sunny weather and active precipitation, featuring a moderate number of buses and varied colored vehicles, including one red Ford F150 truck, set against a red-brown pavement environment.",f5ddba02-4295-48d9-8ad5-ba8583871323/bc6ba36c-aa02-4630-a0ea-4150b9b69e36/Synthetic/83445b89-cc5f-426a-b57d-ed8d971b9b16_flux_1789426087.png,urban highways,sunny,active precipitation,buses,moderate number of vehicles,southeast USA,red-brown,one truck (Ford F150),red,varied colors,overhead,car,,s3://auto-lora/f5ddba02-4295-48d9-8ad5-ba8583871323/1466b03e-841d-4c45-975e-c6900af67662/lora_weights.safetensors,$txc,test
9ceb4bab-c734-45e3-9e31-9437b568d649,"A rural highway in the southwest USA with a high density of sedans and varied vehicle colors, sunny but hazy weather, red-brown pavement, one gray Ford F150 truck, and a bus visible at street level.",f5ddba02-4295-48d9-8ad5-ba8583871323/bc6ba36c-aa02-4630-a0ea-4150b9b69e36/Synthetic/9ceb4bab-c734-45e3-9e31-9437b568d649_flux_1789424996.png,rural highways,sunny,hazy,sedans,high density of vehicles,southwest USA,red-brown,one truck (Ford F150),gray,varied colors,street-level,bus,,s3://auto-lora/f5ddba02-4295-48d9-8ad5-ba8583871323/1466b03e-841d-4c45-975e-c6900af67662/lora_weights.safetensors,$txc,test
a26aba60-f487-4c9b-836e-0ddb24c4d9d0,"An urban highway in the southeast USA with foggy weather and hazy visibility, featuring a street-level view of moderate number of vehicles with varied colors, one white Ford F150 truck, and a motorcycle present. The pavement is red-brown.",f5ddba02-4295-48d9-8ad5-ba8583871323/bc6ba36c-aa02-4630-a0ea-4150b9b69e36/Synthetic/a26aba60-f487-4c9b-836e-0ddb24c4d9d0_flux_1789424887.png,urban highways,foggy,hazy,trucks (Ford F150),moderate number of vehicles,southeast USA,red-brown,one truck (Ford F150),white,varied colors,street-level,motorcycle,,s3://auto-lora/f5ddba02-4295-48d9-8ad5-ba8583871323/1466b03e-841d-4c45-975e-c6900af67662/lora_weights.safetensors,$txc,test
f980391d-a4f4-4245-84f1-bff42f79bda1,"An overhead view of an urban highway in the southeast USA with a sunny weather condition and active precipitation, featuring gray pavement, very few vehicles of varied colors, and one white Ford F150 truck, while cars are the primary objects of interest.",f5ddba02-4295-48d9-8ad5-ba8583871323/bc6ba36c-aa02-4630-a0ea-4150b9b69e36/Synthetic/f980391d-a4f4-4245-84f1-bff42f79bda1_flux_1789424674.png,urban highways,sunny,active precipitation,motorcycles,very few vehicles,southeast USA,gray,one truck (Ford F150),white,varied colors,overhead,car,,s3://auto-lora/f5ddba02-4295-48d9-8ad5-ba8583871323/1466b03e-841d-4c45-975e-c6900af67662/lora_weights.safetensors,$txc,test
2f08fa42-f5f7-4902-ba17-866ea35667c7,"An overhead view of foggy urban highways in the northeast USA with clear patches of red-brown pavement and a moderate number of buses, one black Ford F150 truck, and variously colored vehicles passing by.",f5ddba02-4295-48d9-8ad5-ba8583871323/bc6ba36c-aa02-4630-a0ea-4150b9b69e36/Synthetic/2f08fa42-f5f7-4902-ba17-866ea35667c7_flux_1789426310.png,urban highways,foggy,clear,buses,moderate number of vehicles,northeast USA,red-brown,one truck (Ford F150),black,varied colors,overhead,bus,,s3://auto-lora/f5ddba02-4295-48d9-8ad5-ba8583871323/1466b03e-841d-4c45-975e-c6900af67662/lora_weights.safetensors,$txc,test
daced207-b0b9-4520-bad8-3b5994934f71,"A rural highway in the southeast USA with snowy, hazy conditions and a high density of vehicles, predominantly trucks including one white Ford F150, and variously colored cars, viewed from street level, where visibility is reduced and a motorcycle is of particular interest.",f5ddba02-4295-48d9-8ad5-ba8583871323/bc6ba36c-aa02-4630-a0ea-4150b9b69e36/Synthetic/daced207-b0b9-4520-bad8-3b5994934f71_flux_1789424899.png,rural highways,snowy,hazy,trucks (Ford F150),high density of vehicles,southeast USA,gray,one truck (Ford F150),white,varied colors,street-level,motorcycle,,s3://auto-lora/f5ddba02-4295-48d9-8ad5-ba8583871323/1466b03e-841d-4c45-975e-c6900af67662/lora_weights.safetensors,$txc,test
dc475c92-2777-4bdf-80c3-505920e0c566,"An overhead view of an urban highway in the southwest USA with active snow precipitation, featuring a red-brown pavement, very few motorcycles, one red Ford F150 truck, and varied colored cars.",f5ddba02-4295-48d9-8ad5-ba8583871323/bc6ba36c-aa02-4630-a0ea-4150b9b69e36/Synthetic/dc475c92-2777-4bdf-80c3-505920e0c566_flux_1789423295.png,urban highways,snowy,active precipitation,motorcycles,very few vehicles,southwest USA,red-brown,one truck (Ford F150),red,varied colors,overhead,car,,s3://auto-lora/f5ddba02-4295-48d9-8ad5-ba8583871323/1466b03e-841d-4c45-975e-c6900af67662/lora_weights.safetensors,$txc,test
cf1c6a3e-48a3-45df-a749-83f6dde2df50,"An urban highway in the northeast USA with a rainy weather condition and clear visibility, featuring a high density of buses and one red Ford F150 truck, all with varied colors, viewed from street level where the pavement is red-brown and the focus is on the buses.",f5ddba02-4295-48d9-8ad5-ba8583871323/bc6ba36c-aa02-4630-a0ea-4150b9b69e36/Synthetic/cf1c6a3e-48a3-45df-a749-83f6dde2df50_flux_1789423328.png,urban highways,rainy,clear,buses,high density of vehicles,northeast USA,red-brown,one truck (Ford F150),red,varied colors,street-level,bus,,s3://auto-lora/f5ddba02-4295-48d9-8ad5-ba8583871323/1466b03e-841d-4c45-975e-c6900af67662/lora_weights.safetensors,$txc,test
cdb19844-5d57-450e-aba5-0e72a461ca33,"A foggy rural highway in the southwest USA with hazy visibility and a high density of buses, including a red Ford F150 truck, varied colored vehicles, and a street-level view where a motorcycle is of particular interest against a gray pavement.",f5ddba02-4295-48d9-8ad5-ba8583871323/bc6ba36c-aa02-4630-a0ea-4150b9b69e36/Synthetic/cdb19844-5d57-450e-aba5-0e72a461ca33_flux_1789423960.png,rural highways,foggy,hazy,buses,high density of vehicles,southwest USA,gray,one truck (Ford F150),red,varied colors,street-level,motorcycle,,s3://auto-lora/f5ddba02-4295-48d9-8ad5-ba8583871323/1466b03e-841d-4c45-975e-c6900af67662/lora_weights.safetensors,$txc,test
7cca6187-c312-4238-99a0-f752beaa00d0,"An overhead view of an urban highway in the southeast USA with sunny weather and active precipitation, featuring a moderate number of vehicles including varied colored cars and one blue Ford F150 truck, where the primary focus is a motorcycle present on the gray pavement.",f5ddba02-4295-48d9-8ad5-ba8583871323/bc6ba36c-aa02-4630-a0ea-4150b9b69e36/Synthetic/7cca6187-c312-4238-99a0-f752beaa00d0_flux_1789423176.png,urban highways,sunny,active precipitation,trucks (Ford F150),moderate number of vehicles,southeast USA,gray,one truck (Ford F150),blue,varied colors,overhead,motorcycle,,s3://auto-lora/f5ddba02-4295-48d9-8ad5-ba8583871323/1466b03e-841d-4c45-975e-c6900af67662/lora_weights.safetensors,$txc,test
a3ce5a5d-5b7a-436c-88dc-f19a96850472,"A rural highway in the southeast USA with snowy weather and clear visibility features a high density of varied-colored SUVs from street level; one white Ford F150 truck is also present, and amidst these vehicles, a bus stands out.",f5ddba02-4295-48d9-8ad5-ba8583871323/bc6ba36c-aa02-4630-a0ea-4150b9b69e36/Synthetic/a3ce5a5d-5b7a-436c-88dc-f19a96850472_flux_1789424534.png,rural highways,snowy,clear,SUVs,high density of vehicles,southeast USA,gray,one truck (Ford F150),white,varied colors,street-level,bus,,s3://auto-lora/f5ddba02-4295-48d9-8ad5-ba8583871323/1466b03e-841d-4c45-975e-c6900af67662/lora_weights.safetensors,$txc,test
76e45796-4911-4bf5-a044-57ed38439378,"An overhead view of foggy urban highways in the northeast USA with gray pavement and moderate number of vehicles, including one white Ford F150 truck and various colored vehicles, where the primary focus is a motorcycle visible in the scene.",f5ddba02-4295-48d9-8ad5-ba8583871323/bc6ba36c-aa02-4630-a0ea-4150b9b69e36/Synthetic/76e45796-4911-4bf5-a044-57ed38439378_flux_1789423844.png,urban highways,foggy,clear,trucks (Ford F150),moderate number of vehicles,northeast USA,gray,one truck (Ford F150),white,varied colors,overhead,motorcycle,,s3://auto-lora/f5ddba02-4295-48d9-8ad5-ba8583871323/1466b03e-841d-4c45-975e-c6900af67662/lora_weights.safetensors,$txc,test
f6f94313-0ec1-4b07-919f-cf1a0f04a1d6,"An urban highway in the southeast USA with a snowy, hazy environment features red-brown pavement and a moderate number of buses at street-level; one white Ford F150 truck is also visible among the varied vehicle colors.",f5ddba02-4295-48d9-8ad5-ba8583871323/bc6ba36c-aa02-4630-a0ea-4150b9b69e36/Synthetic/f6f94313-0ec1-4b07-919f-cf1a0f04a1d6_flux_1789423576.png,urban highways,snowy,hazy,buses,moderate number of vehicles,southeast USA,red-brown,one truck (Ford F150),white,varied colors,street-level,bus,,s3://auto-lora/f5ddba02-4295-48d9-8ad5-ba8583871323/1466b03e-841d-4c45-975e-c6900af67662/lora_weights.safetensors,$txc,test
ac129be6-fb93-4bf1-bb5a-9f283405f23a,"An urban highway in the southwest USA with foggy weather and clear visibility, featuring very few motorcycles of varied colors, one red Ford F150 truck, and gray pavement, viewed from street level with a bus as the primary point of interest.",f5ddba02-4295-48d9-8ad5-ba8583871323/bc6ba36c-aa02-4630-a0ea-4150b9b69e36/Synthetic/ac129be6-fb93-4bf1-bb5a-9f283405f23a_flux_1789423423.png,urban highways,foggy,clear,motorcycles,very few vehicles,southwest USA,gray,one truck (Ford F150),red,varied colors,street-level,bus,,s3://auto-lora/f5ddba02-4295-48d9-8ad5-ba8583871323/1466b03e-841d-4c45-975e-c6900af67662/lora_weights.safetensors,$txc,test
f949c8ef-fb4e-4097-8228-319055aedb0d,"An overhead view of rural highways in the northeast USA with a high density of buses and clear visibility despite snowy conditions; one red Ford F150 truck is also present, and buses come in varied colors, all on a gray pavement.",f5ddba02-4295-48d9-8ad5-ba8583871323/bc6ba36c-aa02-4630-a0ea-4150b9b69e36/Synthetic/f949c8ef-fb4e-4097-8228-319055aedb0d_flux_1789426038.png,rural highways,snowy,clear,buses,high density of vehicles,northeast USA,gray,one truck (Ford F150),red,varied colors,overhead,bus,,s3://auto-lora/f5ddba02-4295-48d9-8ad5-ba8583871323/1466b03e-841d-4c45-975e-c6900af67662/lora_weights.safetensors,$txc,test
880cc9a3-ebe9-4704-b553-ef06aa7185b3,"An overhead view of a rural highway in the southwest USA with gray pavement and clear visibility despite rainy weather; very few vehicles are present, including varied colored buses and one white Ford F150 truck.",f5ddba02-4295-48d9-8ad5-ba8583871323/bc6ba36c-aa02-4630-a0ea-4150b9b69e36/Synthetic/880cc9a3-ebe9-4704-b553-ef06aa7185b3_flux_1789425201.png,rural highways,rainy,clear,buses,very few vehicles,southwest USA,gray,one truck (Ford F150),white,varied colors,overhead,car,,s3://auto-lora/f5ddba02-4295-48d9-8ad5-ba8583871323/1466b03e-841d-4c45-975e-c6900af67662/lora_weights.safetensors,$txc,test
